source_file,feature,lag_samples,autocorrelation
hai-train1.csv,P1_FCV01D,1,0.9997859407902085
hai-train1.csv,P1_FCV01D,10,0.999281472296428
hai-train1.csv,P1_FCV01D,60,0.9923752532305756
hai-train1.csv,P1_FCV01D,300,0.8603095700138784
hai-train1.csv,P1_FCV01Z,1,0.9997700190681751
hai-train1.csv,P1_FCV01Z,10,0.9992150708277753
hai-train1.csv,P1_FCV01Z,60,0.9921160780928515
hai-train1.csv,P1_FCV01Z,300,0.8594514748031167
hai-train1.csv,P1_FCV02D,1,0.9589334499327717
hai-train1.csv,P1_FCV02D,10,0.9369174695250502
hai-train1.csv,P1_FCV02D,60,0.8117997619535956
hai-train1.csv,P1_FCV02D,300,0.619000388898319
hai-train1.csv,P1_FCV02Z,1,0.9998573276541604
hai-train1.csv,P1_FCV02Z,10,0.9979688603864669
hai-train1.csv,P1_FCV02Z,60,0.9661436526237545
hai-train1.csv,P1_FCV02Z,300,0.7025855975507127
hai-train1.csv,P1_FCV03D,1,0.9998131271966125
hai-train1.csv,P1_FCV03D,10,0.9971912269309362
hai-train1.csv,P1_FCV03D,60,0.9678702682432248
hai-train1.csv,P1_FCV03D,300,0.9243468796262339
hai-train1.csv,P1_FCV03Z,1,0.9993408679339155
hai-train1.csv,P1_FCV03Z,10,0.991356312904986
hai-train1.csv,P1_FCV03Z,60,0.9644306014369046
hai-train1.csv,P1_FCV03Z,300,0.921844973543944
hai-train1.csv,P1_FT01,1,0.9937998634318564
hai-train1.csv,P1_FT01,10,0.9478167008460054
hai-train1.csv,P1_FT01,60,0.3219984835393776
hai-train1.csv,P1_FT01,300,0.45179212765281934
hai-train1.csv,P1_FT01Z,1,0.993775317234977
hai-train1.csv,P1_FT01Z,10,0.9480622961630711
hai-train1.csv,P1_FT01Z,60,0.3257991367379493
hai-train1.csv,P1_FT01Z,300,0.4569623234087893
hai-train1.csv,P1_FT02,1,0.9996823629726262
hai-train1.csv,P1_FT02,10,0.9989785629885467
hai-train1.csv,P1_FT02,60,0.9909039002486943
hai-train1.csv,P1_FT02,300,0.8319253043991597
hai-train1.csv,P1_FT02Z,1,0.999654257813686
hai-train1.csv,P1_FT02Z,10,0.9989386636786378
hai-train1.csv,P1_FT02Z,60,0.990666784365576
hai-train1.csv,P1_FT02Z,300,0.8405100240490316
hai-train1.csv,P1_FT03,1,0.9989558230304476
hai-train1.csv,P1_FT03,10,0.9918325465622783
hai-train1.csv,P1_FT03,60,0.9746043953183107
hai-train1.csv,P1_FT03,300,0.9456463633198976
hai-train1.csv,P1_FT03Z,1,0.9987578380622749
hai-train1.csv,P1_FT03Z,10,0.9900365690171835
hai-train1.csv,P1_FT03Z,60,0.972064196248004
hai-train1.csv,P1_FT03Z,300,0.9429391109800657
hai-train1.csv,P1_LCV01D,1,0.9995624160610552
hai-train1.csv,P1_LCV01D,10,0.9809474940061759
hai-train1.csv,P1_LCV01D,60,0.5322976865264419
hai-train1.csv,P1_LCV01D,300,0.40240810801842
hai-train1.csv,P1_LCV01Z,1,0.9982892879581728
hai-train1.csv,P1_LCV01Z,10,0.9708872161653512
hai-train1.csv,P1_LCV01Z,60,0.5300902207361633
hai-train1.csv,P1_LCV01Z,300,0.3953780927198059
hai-train1.csv,P1_LIT01,1,0.9999593786315272
hai-train1.csv,P1_LIT01,10,0.9986360954441151
hai-train1.csv,P1_LIT01,60,0.9623372734492522
hai-train1.csv,P1_LIT01,300,0.9328036086985934
hai-train1.csv,P1_PCV01D,1,0.9996872274478852
hai-train1.csv,P1_PCV01D,10,0.9756827028909473
hai-train1.csv,P1_PCV01D,60,0.44325892050324067
hai-train1.csv,P1_PCV01D,300,0.3530844513222161
hai-train1.csv,P1_PCV01Z,1,0.9976580678005976
hai-train1.csv,P1_PCV01Z,10,0.9623808008105357
hai-train1.csv,P1_PCV01Z,60,0.4500321811993641
hai-train1.csv,P1_PCV01Z,300,0.35413376537631036
hai-train1.csv,P1_PCV02D,1,0.9923849026504297
hai-train1.csv,P1_PCV02D,10,0.7202779597507367
hai-train1.csv,P1_PCV02D,60,0.005005226025650641
hai-train1.csv,P1_PCV02D,300,-0.0004060919830659593
hai-train1.csv,P1_PCV02Z,1,0.998141320343023
hai-train1.csv,P1_PCV02Z,10,0.9705898105329606
hai-train1.csv,P1_PCV02Z,60,0.9080649828056352
hai-train1.csv,P1_PCV02Z,300,0.8644482647178279
hai-train1.csv,P1_PIT01,1,0.9989754403278386
hai-train1.csv,P1_PIT01,10,0.9691528947419563
hai-train1.csv,P1_PIT01,60,0.5930773327049818
hai-train1.csv,P1_PIT01,300,0.3035421749273249
hai-train1.csv,P1_PIT01_HH,1,
hai-train1.csv,P1_PIT01_HH,10,
hai-train1.csv,P1_PIT01_HH,60,
hai-train1.csv,P1_PIT01_HH,300,
hai-train1.csv,P1_PIT02,1,0.9982498783586282
hai-train1.csv,P1_PIT02,10,0.9928217876089368
hai-train1.csv,P1_PIT02,60,0.9072096550574656
hai-train1.csv,P1_PIT02,300,0.27376561483628786
hai-train1.csv,P1_PP01AD,1,
hai-train1.csv,P1_PP01AD,10,
hai-train1.csv,P1_PP01AD,60,
hai-train1.csv,P1_PP01AD,300,
hai-train1.csv,P1_PP01AR,1,
hai-train1.csv,P1_PP01AR,10,
hai-train1.csv,P1_PP01AR,60,
hai-train1.csv,P1_PP01AR,300,
hai-train1.csv,P1_PP01BD,1,
hai-train1.csv,P1_PP01BD,10,
hai-train1.csv,P1_PP01BD,60,
hai-train1.csv,P1_PP01BD,300,
hai-train1.csv,P1_PP01BR,1,
hai-train1.csv,P1_PP01BR,10,
hai-train1.csv,P1_PP01BR,60,
hai-train1.csv,P1_PP01BR,300,
hai-train1.csv,P1_PP02D,1,
hai-train1.csv,P1_PP02D,10,
hai-train1.csv,P1_PP02D,60,
hai-train1.csv,P1_PP02D,300,
hai-train1.csv,P1_PP02R,1,
hai-train1.csv,P1_PP02R,10,
hai-train1.csv,P1_PP02R,60,
hai-train1.csv,P1_PP02R,300,
hai-train1.csv,P1_PP04,1,0.9999688211327551
hai-train1.csv,P1_PP04,10,0.9979687758734793
hai-train1.csv,P1_PP04,60,0.9817204457374745
hai-train1.csv,P1_PP04,300,0.8116243184933678
hai-train1.csv,P1_PP04D,1,0.9988612213589737
hai-train1.csv,P1_PP04D,10,0.9886120049683642
hai-train1.csv,P1_PP04D,60,0.9316650734673737
hai-train1.csv,P1_PP04D,300,0.6581581436849071
hai-train1.csv,P1_PP04SP,1,0.9999993863751682
hai-train1.csv,P1_PP04SP,10,0.999951290781057
hai-train1.csv,P1_PP04SP,60,0.9994630100724194
hai-train1.csv,P1_PP04SP,300,0.9971054522622651
hai-train1.csv,P1_SOL01D,1,
hai-train1.csv,P1_SOL01D,10,
hai-train1.csv,P1_SOL01D,60,
hai-train1.csv,P1_SOL01D,300,
hai-train1.csv,P1_SOL03D,1,
hai-train1.csv,P1_SOL03D,10,
hai-train1.csv,P1_SOL03D,60,
hai-train1.csv,P1_SOL03D,300,
hai-train1.csv,P1_STSP,1,
hai-train1.csv,P1_STSP,10,
hai-train1.csv,P1_STSP,60,
hai-train1.csv,P1_STSP,300,
hai-train1.csv,P1_TIT01,1,0.9999465773875343
hai-train1.csv,P1_TIT01,10,0.9997059410445719
hai-train1.csv,P1_TIT01,60,0.9916095297852368
hai-train1.csv,P1_TIT01,300,0.8396151307998068
hai-train1.csv,P1_TIT02,1,0.9999724721756685
hai-train1.csv,P1_TIT02,10,0.9997471870293956
hai-train1.csv,P1_TIT02,60,0.9919764622725523
hai-train1.csv,P1_TIT02,300,0.83041330931096
hai-train1.csv,P1_TIT03,1,0.9994087257549262
hai-train1.csv,P1_TIT03,10,0.9940972085678387
hai-train1.csv,P1_TIT03,60,0.9676593518783835
hai-train1.csv,P1_TIT03,300,0.8658630729191027
hai-train1.csv,P2_24Vdc,1,0.25070217293046754
hai-train1.csv,P2_24Vdc,10,0.04324337348585217
hai-train1.csv,P2_24Vdc,60,0.03729381040406797
hai-train1.csv,P2_24Vdc,300,0.036152527721693445
hai-train1.csv,P2_ATSW_Lamp,1,0.9998692056556863
hai-train1.csv,P2_ATSW_Lamp,10,0.9986920457022411
hai-train1.csv,P2_ATSW_Lamp,60,0.9921519122970524
hai-train1.csv,P2_ATSW_Lamp,300,0.9607508641833934
hai-train1.csv,P2_AutoGO,1,0.9998692073340566
hai-train1.csv,P2_AutoGO,10,0.9986920624858506
hai-train1.csv,P2_AutoGO,60,0.9921520129954664
hai-train1.csv,P2_AutoGO,300,0.9607513675974134
hai-train1.csv,P2_AutoSD,1,0.9999117402931408
hai-train1.csv,P2_AutoSD,10,0.9991173827098401
hai-train1.csv,P2_AutoSD,60,0.994703621967833
hai-train1.csv,P2_AutoSD,300,0.9735018980249764
hai-train1.csv,P2_Emerg,1,
hai-train1.csv,P2_Emerg,10,
hai-train1.csv,P2_Emerg,60,
hai-train1.csv,P2_Emerg,300,
hai-train1.csv,P2_MASW,1,0.9998692073340566
hai-train1.csv,P2_MASW,10,0.9986920624858506
hai-train1.csv,P2_MASW,60,0.9921520129954664
hai-train1.csv,P2_MASW,300,0.9607513675974134
hai-train1.csv,P2_MASW_Lamp,1,0.9998692073340566
hai-train1.csv,P2_MASW_Lamp,10,0.9986920624858506
hai-train1.csv,P2_MASW_Lamp,60,0.9921520129954664
hai-train1.csv,P2_MASW_Lamp,300,0.9607513675974134
hai-train1.csv,P2_ManualGO,1,0.9998692056556863
hai-train1.csv,P2_ManualGO,10,0.9986920457022411
hai-train1.csv,P2_ManualGO,60,0.9921519122970524
hai-train1.csv,P2_ManualGO,300,0.9607508641833934
hai-train1.csv,P2_ManualSD,1,0.9999865778144175
hai-train1.csv,P2_ManualSD,10,0.9998657743387737
hai-train1.csv,P2_ManualSD,60,0.9991945190742297
hai-train1.csv,P2_ManualSD,300,0.9959695365564701
hai-train1.csv,P2_OnOff,1,
hai-train1.csv,P2_OnOff,10,
hai-train1.csv,P2_OnOff,60,
hai-train1.csv,P2_OnOff,300,
hai-train1.csv,P2_RTR,1,
hai-train1.csv,P2_RTR,10,
hai-train1.csv,P2_RTR,60,
hai-train1.csv,P2_RTR,300,
hai-train1.csv,P2_SCO,1,0.9999382684430441
hai-train1.csv,P2_SCO,10,0.9987002418544814
hai-train1.csv,P2_SCO,60,0.9916588947626434
hai-train1.csv,P2_SCO,300,0.9578830053422469
hai-train1.csv,P2_SCST,1,0.8680971737275945
hai-train1.csv,P2_SCST,10,0.7792100398838584
hai-train1.csv,P2_SCST,60,0.5386769851620414
hai-train1.csv,P2_SCST,300,0.3379968898713766
hai-train1.csv,P2_SIT01,1,0.9994715541087474
hai-train1.csv,P2_SIT01,10,0.9956654977425624
hai-train1.csv,P2_SIT01,60,0.9727188159979748
hai-train1.csv,P2_SIT01,300,0.9264858086861595
hai-train1.csv,P2_TripEx,1,
hai-train1.csv,P2_TripEx,10,
hai-train1.csv,P2_TripEx,60,
hai-train1.csv,P2_TripEx,300,
hai-train1.csv,P2_VIBTR01,1,0.44350757966334153
hai-train1.csv,P2_VIBTR01,10,0.29967879532298913
hai-train1.csv,P2_VIBTR01,60,0.30217147185285204
hai-train1.csv,P2_VIBTR01,300,0.2916868734114036
hai-train1.csv,P2_VIBTR02,1,0.3265461711347313
hai-train1.csv,P2_VIBTR02,10,0.24387028210425593
hai-train1.csv,P2_VIBTR02,60,0.24603047850909562
hai-train1.csv,P2_VIBTR02,300,0.2354540826719703
hai-train1.csv,P2_VIBTR03,1,0.7113579847602218
hai-train1.csv,P2_VIBTR03,10,0.6340765049290843
hai-train1.csv,P2_VIBTR03,60,0.6254825955955557
hai-train1.csv,P2_VIBTR03,300,0.6125642627273312
hai-train1.csv,P2_VIBTR04,1,0.7616383146634345
hai-train1.csv,P2_VIBTR04,10,0.6974587801576582
hai-train1.csv,P2_VIBTR04,60,0.6857351570716662
hai-train1.csv,P2_VIBTR04,300,0.6572018257380096
hai-train1.csv,P2_VT01,1,0.30330813157292846
hai-train1.csv,P2_VT01,10,0.13052732813168458
hai-train1.csv,P2_VT01,60,0.13683589820673067
hai-train1.csv,P2_VT01,300,0.13277657352249253
hai-train1.csv,P2_VTR01,1,
hai-train1.csv,P2_VTR01,10,
hai-train1.csv,P2_VTR01,60,
hai-train1.csv,P2_VTR01,300,
hai-train1.csv,P2_VTR02,1,
hai-train1.csv,P2_VTR02,10,
hai-train1.csv,P2_VTR02,60,
hai-train1.csv,P2_VTR02,300,
hai-train1.csv,P2_VTR03,1,
hai-train1.csv,P2_VTR03,10,
hai-train1.csv,P2_VTR03,60,
hai-train1.csv,P2_VTR03,300,
hai-train1.csv,P2_VTR04,1,
hai-train1.csv,P2_VTR04,10,
hai-train1.csv,P2_VTR04,60,
hai-train1.csv,P2_VTR04,300,
hai-train1.csv,P3_FIT01,1,0.9930576260836586
hai-train1.csv,P3_FIT01,10,0.8065192865644044
hai-train1.csv,P3_FIT01,60,-0.1389682365702844
hai-train1.csv,P3_FIT01,300,0.0010163273967850636
hai-train1.csv,P3_LCP01D,1,0.9992433455836159
hai-train1.csv,P3_LCP01D,10,0.9418251437815216
hai-train1.csv,P3_LCP01D,60,0.19268651712112006
hai-train1.csv,P3_LCP01D,300,-0.04000673542208175
hai-train1.csv,P3_LCV01D,1,0.9991720163784921
hai-train1.csv,P3_LCV01D,10,0.9379923350776851
hai-train1.csv,P3_LCV01D,60,0.23089245599924102
hai-train1.csv,P3_LCV01D,300,-0.020477694999733953
hai-train1.csv,P3_LH01,1,
hai-train1.csv,P3_LH01,10,
hai-train1.csv,P3_LH01,60,
hai-train1.csv,P3_LH01,300,
hai-train1.csv,P3_LIT01,1,0.99985866102245
hai-train1.csv,P3_LIT01,10,0.996487206933816
hai-train1.csv,P3_LIT01,60,0.9437401801981102
hai-train1.csv,P3_LIT01,300,0.6085640562281969
hai-train1.csv,P3_LL01,1,
hai-train1.csv,P3_LL01,10,
hai-train1.csv,P3_LL01,60,
hai-train1.csv,P3_LL01,300,
hai-train1.csv,P3_PIT01,1,0.9970445900066098
hai-train1.csv,P3_PIT01,10,0.9078501352198235
hai-train1.csv,P3_PIT01,60,0.16563498131610963
hai-train1.csv,P3_PIT01,300,-0.044804790913459555
hai-train1.csv,P4_HT_FD,1,0.25164563065303064
hai-train1.csv,P4_HT_FD,10,-0.027546022522951824
hai-train1.csv,P4_HT_FD,60,-0.023263082966789157
hai-train1.csv,P4_HT_FD,300,-0.0020358888612322305
hai-train1.csv,P4_HT_PO,1,0.9990521767181331
hai-train1.csv,P4_HT_PO,10,0.9376873667909104
hai-train1.csv,P4_HT_PO,60,0.2301857873474854
hai-train1.csv,P4_HT_PO,300,-0.020577857723944833
hai-train1.csv,P4_HT_PS,1,0.9999705945131978
hai-train1.csv,P4_HT_PS,10,0.9997059434991806
hai-train1.csv,P4_HT_PS,60,0.998235606575946
hai-train1.csv,P4_HT_PS,300,0.9911767251122662
hai-train1.csv,P4_LD,1,0.9990005990868746
hai-train1.csv,P4_LD,10,0.9390681214974677
hai-train1.csv,P4_LD,60,0.16401146148939108
hai-train1.csv,P4_LD,300,-0.02663603322887731
hai-train1.csv,P4_ST_FD,1,0.32375300807739077
hai-train1.csv,P4_ST_FD,10,-0.01306267008318344
hai-train1.csv,P4_ST_FD,60,-0.0015133410644322025
hai-train1.csv,P4_ST_FD,300,-0.0001530621047196758
hai-train1.csv,P4_ST_GOV,1,0.9988750877721795
hai-train1.csv,P4_ST_GOV,10,0.9388691083376892
hai-train1.csv,P4_ST_GOV,60,0.24927945839831786
hai-train1.csv,P4_ST_GOV,300,0.02189198658267117
hai-train1.csv,P4_ST_LD,1,0.9974754889771114
hai-train1.csv,P4_ST_LD,10,0.8874558397543834
hai-train1.csv,P4_ST_LD,60,0.17130115235890392
hai-train1.csv,P4_ST_LD,300,0.020537262765225585
hai-train1.csv,P4_ST_PO,1,0.9991750157284163
hai-train1.csv,P4_ST_PO,10,0.9409400847864627
hai-train1.csv,P4_ST_PO,60,0.26664187614905377
hai-train1.csv,P4_ST_PO,300,0.023050918462401378
hai-train1.csv,P4_ST_PS,1,0.9999381091587172
hai-train1.csv,P4_ST_PS,10,0.9993810777041744
hai-train1.csv,P4_ST_PS,60,0.9962860032889609
hai-train1.csv,P4_ST_PS,300,0.9814188863680686
hai-train1.csv,P4_ST_PT01,1,0.9940891005172822
hai-train1.csv,P4_ST_PT01,10,0.9412194524394007
hai-train1.csv,P4_ST_PT01,60,0.5676024629218379
hai-train1.csv,P4_ST_PT01,300,0.2883644625357107
hai-train1.csv,P4_ST_TT01,1,0.999418247660648
hai-train1.csv,P4_ST_TT01,10,0.9991636249437006
hai-train1.csv,P4_ST_TT01,60,0.9910818438067039
hai-train1.csv,P4_ST_TT01,300,0.8390390394918039
hai-train1.csv,x1001_05_SETPOINT_OUT,1,0.9999944738557112
hai-train1.csv,x1001_05_SETPOINT_OUT,10,0.9995692309191347
hai-train1.csv,x1001_05_SETPOINT_OUT,60,0.9952184085291739
hai-train1.csv,x1001_05_SETPOINT_OUT,300,0.9741930700973161
hai-train1.csv,x1001_15_ASSIGN_OUT,1,0.9990907873953246
hai-train1.csv,x1001_15_ASSIGN_OUT,10,0.9475117868071842
hai-train1.csv,x1001_15_ASSIGN_OUT,60,0.3543194740866303
hai-train1.csv,x1001_15_ASSIGN_OUT,300,0.15638423134465795
hai-train1.csv,x1002_07_SETPOINT_OUT,1,0.9999913876652105
hai-train1.csv,x1002_07_SETPOINT_OUT,10,0.9993414841564389
hai-train1.csv,x1002_07_SETPOINT_OUT,60,0.9927880453626906
hai-train1.csv,x1002_07_SETPOINT_OUT,300,0.9611473799238818
hai-train1.csv,x1002_08_SETPOINT_OUT,1,0.9999908286158359
hai-train1.csv,x1002_08_SETPOINT_OUT,10,0.9993172193603234
hai-train1.csv,x1002_08_SETPOINT_OUT,60,0.9924677925831464
hai-train1.csv,x1002_08_SETPOINT_OUT,300,0.9594014015294862
hai-train1.csv,x1003_10_SETPOINT_OUT,1,0.9996526239869683
hai-train1.csv,x1003_10_SETPOINT_OUT,10,0.9989370195908804
hai-train1.csv,x1003_10_SETPOINT_OUT,60,0.9906683719228647
hai-train1.csv,x1003_10_SETPOINT_OUT,300,0.8405007400953732
hai-train1.csv,x1003_18_SETPOINT_OUT,1,0.9999967451964863
hai-train1.csv,x1003_18_SETPOINT_OUT,10,0.9997429252257911
hai-train1.csv,x1003_18_SETPOINT_OUT,60,0.9971675052144294
hai-train1.csv,x1003_18_SETPOINT_OUT,300,0.9847209937122555
hai-train1.csv,x1003_24_SUM_OUT,1,0.9998719586113756
hai-train1.csv,x1003_24_SUM_OUT,10,0.9925781000262796
hai-train1.csv,x1003_24_SUM_OUT,60,0.9091752310940822
hai-train1.csv,x1003_24_SUM_OUT,300,0.8704847713797671
hai-train2.csv,P1_FCV01D,1,0.9997618304038064
hai-train2.csv,P1_FCV01D,10,0.9992124171810556
hai-train2.csv,P1_FCV01D,60,0.9917842827217307
hai-train2.csv,P1_FCV01D,300,0.8510390211711742
hai-train2.csv,P1_FCV01Z,1,0.9997406676610227
hai-train2.csv,P1_FCV01Z,10,0.9991400236082454
hai-train2.csv,P1_FCV01Z,60,0.9914878859913415
hai-train2.csv,P1_FCV01Z,300,0.8502970391705272
hai-train2.csv,P1_FCV02D,1,0.9553351158299027
hai-train2.csv,P1_FCV02D,10,0.9368449048763707
hai-train2.csv,P1_FCV02D,60,0.7995001969385523
hai-train2.csv,P1_FCV02D,300,0.6220621446520143
hai-train2.csv,P1_FCV02Z,1,0.9998500173491031
hai-train2.csv,P1_FCV02Z,10,0.998008427258981
hai-train2.csv,P1_FCV02Z,60,0.9667647932839716
hai-train2.csv,P1_FCV02Z,300,0.7149019781152459
hai-train2.csv,P1_FCV03D,1,0.9999094349686842
hai-train2.csv,P1_FCV03D,10,0.9984892103778654
hai-train2.csv,P1_FCV03D,60,0.9764310862569756
hai-train2.csv,P1_FCV03D,300,0.9481001637326761
hai-train2.csv,P1_FCV03Z,1,0.9996223698224137
hai-train2.csv,P1_FCV03Z,10,0.994814772319995
hai-train2.csv,P1_FCV03Z,60,0.9729548101986388
hai-train2.csv,P1_FCV03Z,300,0.9458696877151319
hai-train2.csv,P1_FT01,1,0.9938652510670456
hai-train2.csv,P1_FT01,10,0.9507076163610623
hai-train2.csv,P1_FT01,60,0.37302873155673216
hai-train2.csv,P1_FT01,300,0.518932782410048
hai-train2.csv,P1_FT01Z,1,0.9938292553920862
hai-train2.csv,P1_FT01Z,10,0.9508578766971973
hai-train2.csv,P1_FT01Z,60,0.37618054153318015
hai-train2.csv,P1_FT01Z,300,0.5234188709216547
hai-train2.csv,P1_FT02,1,0.9996648570043531
hai-train2.csv,P1_FT02,10,0.9988835669151018
hai-train2.csv,P1_FT02,60,0.9901945897144658
hai-train2.csv,P1_FT02,300,0.8188361190502489
hai-train2.csv,P1_FT02Z,1,0.9996426292776227
hai-train2.csv,P1_FT02Z,10,0.9989069326596439
hai-train2.csv,P1_FT02Z,60,0.9902210516837772
hai-train2.csv,P1_FT02Z,300,0.8354125641683706
hai-train2.csv,P1_FT03,1,0.9993450645584209
hai-train2.csv,P1_FT03,10,0.9955337361767367
hai-train2.csv,P1_FT03,60,0.9807695282087805
hai-train2.csv,P1_FT03,300,0.9659215445064655
hai-train2.csv,P1_FT03Z,1,0.9993240517146921
hai-train2.csv,P1_FT03Z,10,0.995164944485721
hai-train2.csv,P1_FT03Z,60,0.9817331960467942
hai-train2.csv,P1_FT03Z,300,0.9665269978644209
hai-train2.csv,P1_LCV01D,1,0.9996071764424745
hai-train2.csv,P1_LCV01D,10,0.9814324402816701
hai-train2.csv,P1_LCV01D,60,0.5215642818469755
hai-train2.csv,P1_LCV01D,300,0.4685884287294179
hai-train2.csv,P1_LCV01Z,1,0.9982220666993896
hai-train2.csv,P1_LCV01Z,10,0.9704612558409013
hai-train2.csv,P1_LCV01Z,60,0.5203987673703895
hai-train2.csv,P1_LCV01Z,300,0.4601691335219743
hai-train2.csv,P1_LIT01,1,0.9999615432523247
hai-train2.csv,P1_LIT01,10,0.9987491969930308
hai-train2.csv,P1_LIT01,60,0.9649567114872992
hai-train2.csv,P1_LIT01,300,0.9437020459679843
hai-train2.csv,P1_PCV01D,1,0.9996960375358251
hai-train2.csv,P1_PCV01D,10,0.9778198726566556
hai-train2.csv,P1_PCV01D,60,0.49418222935990574
hai-train2.csv,P1_PCV01D,300,0.42329837751081256
hai-train2.csv,P1_PCV01Z,1,0.9977538160094385
hai-train2.csv,P1_PCV01Z,10,0.964517509126582
hai-train2.csv,P1_PCV01Z,60,0.4992088039593075
hai-train2.csv,P1_PCV01Z,300,0.42475188128644553
hai-train2.csv,P1_PCV02D,1,0.9923149337619416
hai-train2.csv,P1_PCV02D,10,0.6861737227314146
hai-train2.csv,P1_PCV02D,60,-0.00011106998816281972
hai-train2.csv,P1_PCV02D,300,-0.000111161508109151
hai-train2.csv,P1_PCV02Z,1,0.9988962366172722
hai-train2.csv,P1_PCV02Z,10,0.9835704953279418
hai-train2.csv,P1_PCV02Z,60,0.9412031181468083
hai-train2.csv,P1_PCV02Z,300,0.9395890832700021
hai-train2.csv,P1_PIT01,1,0.9985659967834394
hai-train2.csv,P1_PIT01,10,0.9678955527114029
hai-train2.csv,P1_PIT01,60,0.5890926231184814
hai-train2.csv,P1_PIT01,300,0.36498863770119516
hai-train2.csv,P1_PIT01_HH,1,
hai-train2.csv,P1_PIT01_HH,10,
hai-train2.csv,P1_PIT01_HH,60,
hai-train2.csv,P1_PIT01_HH,300,
hai-train2.csv,P1_PIT02,1,0.9981606304874202
hai-train2.csv,P1_PIT02,10,0.9926743472598111
hai-train2.csv,P1_PIT02,60,0.9049037695014923
hai-train2.csv,P1_PIT02,300,0.27612059738659017
hai-train2.csv,P1_PP01AD,1,
hai-train2.csv,P1_PP01AD,10,
hai-train2.csv,P1_PP01AD,60,
hai-train2.csv,P1_PP01AD,300,
hai-train2.csv,P1_PP01AR,1,
hai-train2.csv,P1_PP01AR,10,
hai-train2.csv,P1_PP01AR,60,
hai-train2.csv,P1_PP01AR,300,
hai-train2.csv,P1_PP01BD,1,
hai-train2.csv,P1_PP01BD,10,
hai-train2.csv,P1_PP01BD,60,
hai-train2.csv,P1_PP01BD,300,
hai-train2.csv,P1_PP01BR,1,
hai-train2.csv,P1_PP01BR,10,
hai-train2.csv,P1_PP01BR,60,
hai-train2.csv,P1_PP01BR,300,
hai-train2.csv,P1_PP02D,1,
hai-train2.csv,P1_PP02D,10,
hai-train2.csv,P1_PP02D,60,
hai-train2.csv,P1_PP02D,300,
hai-train2.csv,P1_PP02R,1,
hai-train2.csv,P1_PP02R,10,
hai-train2.csv,P1_PP02R,60,
hai-train2.csv,P1_PP02R,300,
hai-train2.csv,P1_PP04,1,0.999968335915766
hai-train2.csv,P1_PP04,10,0.9979012459807326
hai-train2.csv,P1_PP04,60,0.9811551217329895
hai-train2.csv,P1_PP04,300,0.807952966618725
hai-train2.csv,P1_PP04D,1,0.9988382979454412
hai-train2.csv,P1_PP04D,10,0.9883827869277034
hai-train2.csv,P1_PP04D,60,0.9302903020130687
hai-train2.csv,P1_PP04D,300,0.6512972049226393
hai-train2.csv,P1_PP04SP,1,0.9999991926037706
hai-train2.csv,P1_PP04SP,10,0.9999352788827496
hai-train2.csv,P1_PP04SP,60,0.9992774178149163
hai-train2.csv,P1_PP04SP,300,0.996098781422961
hai-train2.csv,P1_SOL01D,1,
hai-train2.csv,P1_SOL01D,10,
hai-train2.csv,P1_SOL01D,60,
hai-train2.csv,P1_SOL01D,300,
hai-train2.csv,P1_SOL03D,1,
hai-train2.csv,P1_SOL03D,10,
hai-train2.csv,P1_SOL03D,60,
hai-train2.csv,P1_SOL03D,300,
hai-train2.csv,P1_STSP,1,
hai-train2.csv,P1_STSP,10,
hai-train2.csv,P1_STSP,60,
hai-train2.csv,P1_STSP,300,
hai-train2.csv,P1_TIT01,1,0.9999371224167845
hai-train2.csv,P1_TIT01,10,0.9996497182761851
hai-train2.csv,P1_TIT01,60,0.9899927035886557
hai-train2.csv,P1_TIT01,300,0.8133678279806379
hai-train2.csv,P1_TIT02,1,0.9999755014070734
hai-train2.csv,P1_TIT02,10,0.9997493237615812
hai-train2.csv,P1_TIT02,60,0.9919386986582049
hai-train2.csv,P1_TIT02,300,0.83020270282422
hai-train2.csv,P1_TIT03,1,0.9994595514206281
hai-train2.csv,P1_TIT03,10,0.994607215265458
hai-train2.csv,P1_TIT03,60,0.9697399467934373
hai-train2.csv,P1_TIT03,300,0.8640156697386432
hai-train2.csv,P2_24Vdc,1,0.23922669469597194
hai-train2.csv,P2_24Vdc,10,0.025679825110107794
hai-train2.csv,P2_24Vdc,60,0.02580237166218458
hai-train2.csv,P2_24Vdc,300,0.027587704706850683
hai-train2.csv,P2_ATSW_Lamp,1,0.9998530443834112
hai-train2.csv,P2_ATSW_Lamp,10,0.9985304414929723
hai-train2.csv,P2_ATSW_Lamp,60,0.9911825709031912
hai-train2.csv,P2_ATSW_Lamp,300,0.9559109792431896
hai-train2.csv,P2_AutoGO,1,0.9998530249046346
hai-train2.csv,P2_AutoGO,10,0.9985302467052405
hai-train2.csv,P2_AutoGO,60,0.9911814021779243
hai-train2.csv,P2_AutoGO,300,0.95590513564393
hai-train2.csv,P2_AutoSD,1,0.9998947977403511
hai-train2.csv,P2_AutoSD,10,0.9989479522806985
hai-train2.csv,P2_AutoSD,60,0.9936868759339882
hai-train2.csv,P2_AutoSD,300,0.968414234978977
hai-train2.csv,P2_Emerg,1,
hai-train2.csv,P2_Emerg,10,
hai-train2.csv,P2_Emerg,60,
hai-train2.csv,P2_Emerg,300,
hai-train2.csv,P2_MASW,1,0.9998530151631987
hai-train2.csv,P2_MASW,10,0.9985301492908979
hai-train2.csv,P2_MASW,60,0.9911808176924319
hai-train2.csv,P2_MASW,300,0.9559022132299991
hai-train2.csv,P2_MASW_Lamp,1,0.9998530151631987
hai-train2.csv,P2_MASW_Lamp,10,0.9985301492908979
hai-train2.csv,P2_MASW_Lamp,60,0.9911808176924319
hai-train2.csv,P2_MASW_Lamp,300,0.9559022132299991
hai-train2.csv,P2_ManualGO,1,0.9998530443834112
hai-train2.csv,P2_ManualGO,10,0.9985304414929723
hai-train2.csv,P2_ManualGO,60,0.9911825709031912
hai-train2.csv,P2_ManualGO,300,0.9559109792431896
hai-train2.csv,P2_ManualSD,1,0.9999925286759054
hai-train2.csv,P2_ManualSD,10,0.9999252872862001
hai-train2.csv,P2_ManualSD,60,0.9995517413339089
hai-train2.csv,P2_ManualSD,300,0.9977591330205977
hai-train2.csv,P2_OnOff,1,
hai-train2.csv,P2_OnOff,10,
hai-train2.csv,P2_OnOff,60,
hai-train2.csv,P2_OnOff,300,
hai-train2.csv,P2_RTR,1,
hai-train2.csv,P2_RTR,10,
hai-train2.csv,P2_RTR,60,
hai-train2.csv,P2_RTR,300,
hai-train2.csv,P2_SCO,1,0.9999253750676322
hai-train2.csv,P2_SCO,10,0.9986932412961222
hai-train2.csv,P2_SCO,60,0.9917306274857375
hai-train2.csv,P2_SCO,300,0.9584650869971469
hai-train2.csv,P2_SCST,1,0.8785806093139363
hai-train2.csv,P2_SCST,10,0.7852218033719598
hai-train2.csv,P2_SCST,60,0.5080024722022707
hai-train2.csv,P2_SCST,300,0.28733938935975684
hai-train2.csv,P2_SIT01,1,0.9978750202862393
hai-train2.csv,P2_SIT01,10,0.9941391183603248
hai-train2.csv,P2_SIT01,60,0.9774462678632299
hai-train2.csv,P2_SIT01,300,0.9386926656504291
hai-train2.csv,P2_TripEx,1,
hai-train2.csv,P2_TripEx,10,
hai-train2.csv,P2_TripEx,60,
hai-train2.csv,P2_TripEx,300,
hai-train2.csv,P2_VIBTR01,1,0.26785134403204863
hai-train2.csv,P2_VIBTR01,10,0.1482598298866428
hai-train2.csv,P2_VIBTR01,60,0.1607174359486095
hai-train2.csv,P2_VIBTR01,300,0.15761958176654836
hai-train2.csv,P2_VIBTR02,1,0.1426490724678534
hai-train2.csv,P2_VIBTR02,10,0.12801748575614086
hai-train2.csv,P2_VIBTR02,60,0.14918010614734104
hai-train2.csv,P2_VIBTR02,300,0.14902751031770334
hai-train2.csv,P2_VIBTR03,1,0.45963344278577684
hai-train2.csv,P2_VIBTR03,10,0.355131137573316
hai-train2.csv,P2_VIBTR03,60,0.344312187091983
hai-train2.csv,P2_VIBTR03,300,0.32921102066502506
hai-train2.csv,P2_VIBTR04,1,0.5382448504959763
hai-train2.csv,P2_VIBTR04,10,0.4424315144109042
hai-train2.csv,P2_VIBTR04,60,0.4250003755284655
hai-train2.csv,P2_VIBTR04,300,0.37837859335521284
hai-train2.csv,P2_VT01,1,0.19470925276212858
hai-train2.csv,P2_VT01,10,0.055401115051067235
hai-train2.csv,P2_VT01,60,0.07153488000486641
hai-train2.csv,P2_VT01,300,0.07475653043814898
hai-train2.csv,P2_VTR01,1,
hai-train2.csv,P2_VTR01,10,
hai-train2.csv,P2_VTR01,60,
hai-train2.csv,P2_VTR01,300,
hai-train2.csv,P2_VTR02,1,
hai-train2.csv,P2_VTR02,10,
hai-train2.csv,P2_VTR02,60,
hai-train2.csv,P2_VTR02,300,
hai-train2.csv,P2_VTR03,1,
hai-train2.csv,P2_VTR03,10,
hai-train2.csv,P2_VTR03,60,
hai-train2.csv,P2_VTR03,300,
hai-train2.csv,P2_VTR04,1,
hai-train2.csv,P2_VTR04,10,
hai-train2.csv,P2_VTR04,60,
hai-train2.csv,P2_VTR04,300,
hai-train2.csv,P3_FIT01,1,0.9932989167210101
hai-train2.csv,P3_FIT01,10,0.8078341534009538
hai-train2.csv,P3_FIT01,60,-0.1471133070889852
hai-train2.csv,P3_FIT01,300,0.03309297275702748
hai-train2.csv,P3_LCP01D,1,0.9992356908147086
hai-train2.csv,P3_LCP01D,10,0.9406119423554963
hai-train2.csv,P3_LCP01D,60,0.17184447508499792
hai-train2.csv,P3_LCP01D,300,-0.0003360859911302055
hai-train2.csv,P3_LCV01D,1,0.9991664584575456
hai-train2.csv,P3_LCV01D,10,0.9373543949264102
hai-train2.csv,P3_LCV01D,60,0.21659144223718313
hai-train2.csv,P3_LCV01D,300,0.02624753310463001
hai-train2.csv,P3_LH01,1,
hai-train2.csv,P3_LH01,10,
hai-train2.csv,P3_LH01,60,
hai-train2.csv,P3_LH01,300,
hai-train2.csv,P3_LIT01,1,0.9998468813447772
hai-train2.csv,P3_LIT01,10,0.996431905943266
hai-train2.csv,P3_LIT01,60,0.946603768162349
hai-train2.csv,P3_LIT01,300,0.6338077266657058
hai-train2.csv,P3_LL01,1,
hai-train2.csv,P3_LL01,10,
hai-train2.csv,P3_LL01,60,
hai-train2.csv,P3_LL01,300,
hai-train2.csv,P3_PIT01,1,0.9969719886124354
hai-train2.csv,P3_PIT01,10,0.9052837623225987
hai-train2.csv,P3_PIT01,60,0.14706668246957674
hai-train2.csv,P3_PIT01,300,-0.04126282171640357
hai-train2.csv,P4_HT_FD,1,0.25118979370002276
hai-train2.csv,P4_HT_FD,10,-0.022583268094213654
hai-train2.csv,P4_HT_FD,60,-0.028555900411039194
hai-train2.csv,P4_HT_FD,300,0.003635289520292435
hai-train2.csv,P4_HT_PO,1,0.9990442568928262
hai-train2.csv,P4_HT_PO,10,0.9370686944626508
hai-train2.csv,P4_HT_PO,60,0.21605040631010447
hai-train2.csv,P4_HT_PO,300,0.02642853191005079
hai-train2.csv,P4_HT_PS,1,0.9999657000989209
hai-train2.csv,P4_HT_PS,10,0.9996569814281152
hai-train2.csv,P4_HT_PS,60,0.9979412361198983
hai-train2.csv,P4_HT_PS,300,0.9896904749048386
hai-train2.csv,P4_LD,1,0.9989910797210271
hai-train2.csv,P4_LD,10,0.9385591578529922
hai-train2.csv,P4_LD,60,0.16415828314508749
hai-train2.csv,P4_LD,300,0.036295319054692146
hai-train2.csv,P4_ST_FD,1,0.3226009087188768
hai-train2.csv,P4_ST_FD,10,-0.01456956809844202
hai-train2.csv,P4_ST_FD,60,0.0001978519988930001
hai-train2.csv,P4_ST_FD,300,0.0042374599134650005
hai-train2.csv,P4_ST_GOV,1,0.9988124882411149
hai-train2.csv,P4_ST_GOV,10,0.9365632387953939
hai-train2.csv,P4_ST_GOV,60,0.244249418062454
hai-train2.csv,P4_ST_GOV,300,0.06324246123841727
hai-train2.csv,P4_ST_LD,1,0.9973278644376108
hai-train2.csv,P4_ST_LD,10,0.8823729267992807
hai-train2.csv,P4_ST_LD,60,0.16283050868947574
hai-train2.csv,P4_ST_LD,300,0.05780974349460065
hai-train2.csv,P4_ST_PO,1,0.9991381033773322
hai-train2.csv,P4_ST_PO,10,0.9386869497635423
hai-train2.csv,P4_ST_PO,60,0.26140140993581196
hai-train2.csv,P4_ST_PO,300,0.06550383567360538
hai-train2.csv,P4_ST_PS,1,0.9999441759165688
hai-train2.csv,P4_ST_PS,10,0.9994417356964654
hai-train2.csv,P4_ST_PS,60,0.996649631351675
hai-train2.csv,P4_ST_PS,300,0.9832293077577406
hai-train2.csv,P4_ST_PT01,1,0.9928976732373201
hai-train2.csv,P4_ST_PT01,10,0.9384530134899208
hai-train2.csv,P4_ST_PT01,60,0.5598894335965187
hai-train2.csv,P4_ST_PT01,300,0.3496716854485647
hai-train2.csv,P4_ST_TT01,1,0.999323645011632
hai-train2.csv,P4_ST_TT01,10,0.9990275987181301
hai-train2.csv,P4_ST_TT01,60,0.9893824692291442
hai-train2.csv,P4_ST_TT01,300,0.8127786164527302
hai-train2.csv,x1001_05_SETPOINT_OUT,1,0.9999945461634124
hai-train2.csv,x1001_05_SETPOINT_OUT,10,0.999579877153311
hai-train2.csv,x1001_05_SETPOINT_OUT,60,0.9953581133618143
hai-train2.csv,x1001_05_SETPOINT_OUT,300,0.9749582579901835
hai-train2.csv,x1001_15_ASSIGN_OUT,1,0.9990349227806586
hai-train2.csv,x1001_15_ASSIGN_OUT,10,0.9454263791993429
hai-train2.csv,x1001_15_ASSIGN_OUT,60,0.3477980827893392
hai-train2.csv,x1001_15_ASSIGN_OUT,300,0.18868475918108704
hai-train2.csv,x1002_07_SETPOINT_OUT,1,0.999993032813207
hai-train2.csv,x1002_07_SETPOINT_OUT,10,0.9994619413572925
hai-train2.csv,x1002_07_SETPOINT_OUT,60,0.9940686189531969
hai-train2.csv,x1002_07_SETPOINT_OUT,300,0.9680105909237386
hai-train2.csv,x1002_08_SETPOINT_OUT,1,0.9999946982798745
hai-train2.csv,x1002_08_SETPOINT_OUT,10,0.9996038422422647
hai-train2.csv,x1002_08_SETPOINT_OUT,60,0.9956688894365673
hai-train2.csv,x1002_08_SETPOINT_OUT,300,0.9766427039325357
hai-train2.csv,x1003_10_SETPOINT_OUT,1,0.999642937227535
hai-train2.csv,x1003_10_SETPOINT_OUT,10,0.9989079259248413
hai-train2.csv,x1003_10_SETPOINT_OUT,60,0.9902236837158405
hai-train2.csv,x1003_10_SETPOINT_OUT,300,0.8354147032151125
hai-train2.csv,x1003_18_SETPOINT_OUT,1,0.9999975556572419
hai-train2.csv,x1003_18_SETPOINT_OUT,10,0.9998227603956396
hai-train2.csv,x1003_18_SETPOINT_OUT,60,0.9980410694361314
hai-train2.csv,x1003_18_SETPOINT_OUT,300,0.9894320700935039
hai-train2.csv,x1003_24_SUM_OUT,1,0.999743946420475
hai-train2.csv,x1003_24_SUM_OUT,10,0.9854724417876971
hai-train2.csv,x1003_24_SUM_OUT,60,0.8267359166445765
hai-train2.csv,x1003_24_SUM_OUT,300,0.7789391699402102
hai-train3.csv,P1_FCV01D,1,0.9997945624181744
hai-train3.csv,P1_FCV01D,10,0.999284815208903
hai-train3.csv,P1_FCV01D,60,0.9918504801971376
hai-train3.csv,P1_FCV01D,300,0.8465201415359728
hai-train3.csv,P1_FCV01Z,1,0.9997808471701839
hai-train3.csv,P1_FCV01Z,10,0.9992105832802805
hai-train3.csv,P1_FCV01Z,60,0.9915075378005358
hai-train3.csv,P1_FCV01Z,300,0.8451536336738754
hai-train3.csv,P1_FCV02D,1,0.9629866455090178
hai-train3.csv,P1_FCV02D,10,0.948006478018118
hai-train3.csv,P1_FCV02D,60,0.8274642722150906
hai-train3.csv,P1_FCV02D,300,0.6201580876881668
hai-train3.csv,P1_FCV02Z,1,0.9998740398729382
hai-train3.csv,P1_FCV02Z,10,0.9979563597757307
hai-train3.csv,P1_FCV02Z,60,0.9647044576529742
hai-train3.csv,P1_FCV02Z,300,0.6824535071848069
hai-train3.csv,P1_FCV03D,1,0.9998517843964166
hai-train3.csv,P1_FCV03D,10,0.9977505397543815
hai-train3.csv,P1_FCV03D,60,0.9681959280847585
hai-train3.csv,P1_FCV03D,300,0.9503685405975812
hai-train3.csv,P1_FCV03Z,1,0.9993934759502556
hai-train3.csv,P1_FCV03Z,10,0.9918538437947808
hai-train3.csv,P1_FCV03Z,60,0.9615052715723891
hai-train3.csv,P1_FCV03Z,300,0.9469969980874872
hai-train3.csv,P1_FT01,1,0.9941438778583832
hai-train3.csv,P1_FT01,10,0.952378272326922
hai-train3.csv,P1_FT01,60,0.3407184397981037
hai-train3.csv,P1_FT01,300,0.5221552108776987
hai-train3.csv,P1_FT01Z,1,0.9941312891783902
hai-train3.csv,P1_FT01Z,10,0.9524341344199806
hai-train3.csv,P1_FT01Z,60,0.34213719940738957
hai-train3.csv,P1_FT01Z,300,0.5237282104254347
hai-train3.csv,P1_FT02,1,0.9996946368220374
hai-train3.csv,P1_FT02,10,0.998975764293455
hai-train3.csv,P1_FT02,60,0.9904753741956187
hai-train3.csv,P1_FT02,300,0.8218923494997821
hai-train3.csv,P1_FT02Z,1,0.9996826839620979
hai-train3.csv,P1_FT02Z,10,0.9989996854041835
hai-train3.csv,P1_FT02Z,60,0.9905114337961843
hai-train3.csv,P1_FT02Z,300,0.8331584982270158
hai-train3.csv,P1_FT03,1,0.9992135910124227
hai-train3.csv,P1_FT03,10,0.9947705544036884
hai-train3.csv,P1_FT03,60,0.9804780799318706
hai-train3.csv,P1_FT03,300,0.9752483491359376
hai-train3.csv,P1_FT03Z,1,0.9992340591940435
hai-train3.csv,P1_FT03Z,10,0.9945544142479028
hai-train3.csv,P1_FT03Z,60,0.982374063674798
hai-train3.csv,P1_FT03Z,300,0.9760241642731079
hai-train3.csv,P1_LCV01D,1,0.9995739835798637
hai-train3.csv,P1_LCV01D,10,0.9811334682122101
hai-train3.csv,P1_LCV01D,60,0.4950078795020599
hai-train3.csv,P1_LCV01D,300,0.4456146369938994
hai-train3.csv,P1_LCV01Z,1,0.998075917313863
hai-train3.csv,P1_LCV01Z,10,0.9688149638113676
hai-train3.csv,P1_LCV01Z,60,0.493125889852601
hai-train3.csv,P1_LCV01Z,300,0.4368033844378566
hai-train3.csv,P1_LIT01,1,0.9999350660795945
hai-train3.csv,P1_LIT01,10,0.9981005633154061
hai-train3.csv,P1_LIT01,60,0.9467117923567053
hai-train3.csv,P1_LIT01,300,0.9377605633213784
hai-train3.csv,P1_PCV01D,1,0.999676844915665
hai-train3.csv,P1_PCV01D,10,0.9758210459728038
hai-train3.csv,P1_PCV01D,60,0.45240036368743014
hai-train3.csv,P1_PCV01D,300,0.43693440643689363
hai-train3.csv,P1_PCV01Z,1,0.9975193568753511
hai-train3.csv,P1_PCV01Z,10,0.9606401158391598
hai-train3.csv,P1_PCV01Z,60,0.46031693523606265
hai-train3.csv,P1_PCV01Z,300,0.4413676522021625
hai-train3.csv,P1_PCV02D,1,
hai-train3.csv,P1_PCV02D,10,
hai-train3.csv,P1_PCV02D,60,
hai-train3.csv,P1_PCV02D,300,
hai-train3.csv,P1_PCV02Z,1,0.6697456039016937
hai-train3.csv,P1_PCV02Z,10,0.6148260847587939
hai-train3.csv,P1_PCV02Z,60,0.5862126079215525
hai-train3.csv,P1_PCV02Z,300,0.527226102316867
hai-train3.csv,P1_PIT01,1,0.9986868684460245
hai-train3.csv,P1_PIT01,10,0.9718968166503398
hai-train3.csv,P1_PIT01,60,0.585553196528134
hai-train3.csv,P1_PIT01,300,0.36729187531287333
hai-train3.csv,P1_PIT01_HH,1,
hai-train3.csv,P1_PIT01_HH,10,
hai-train3.csv,P1_PIT01_HH,60,
hai-train3.csv,P1_PIT01_HH,300,
hai-train3.csv,P1_PIT02,1,0.9983853701418386
hai-train3.csv,P1_PIT02,10,0.9931068181722217
hai-train3.csv,P1_PIT02,60,0.9058750156203795
hai-train3.csv,P1_PIT02,300,0.22419738340466866
hai-train3.csv,P1_PP01AD,1,
hai-train3.csv,P1_PP01AD,10,
hai-train3.csv,P1_PP01AD,60,
hai-train3.csv,P1_PP01AD,300,
hai-train3.csv,P1_PP01AR,1,
hai-train3.csv,P1_PP01AR,10,
hai-train3.csv,P1_PP01AR,60,
hai-train3.csv,P1_PP01AR,300,
hai-train3.csv,P1_PP01BD,1,
hai-train3.csv,P1_PP01BD,10,
hai-train3.csv,P1_PP01BD,60,
hai-train3.csv,P1_PP01BD,300,
hai-train3.csv,P1_PP01BR,1,
hai-train3.csv,P1_PP01BR,10,
hai-train3.csv,P1_PP01BR,60,
hai-train3.csv,P1_PP01BR,300,
hai-train3.csv,P1_PP02D,1,
hai-train3.csv,P1_PP02D,10,
hai-train3.csv,P1_PP02D,60,
hai-train3.csv,P1_PP02D,300,
hai-train3.csv,P1_PP02R,1,
hai-train3.csv,P1_PP02R,10,
hai-train3.csv,P1_PP02R,60,
hai-train3.csv,P1_PP02R,300,
hai-train3.csv,P1_PP04,1,0.9999693491762914
hai-train3.csv,P1_PP04,10,0.9979365669328242
hai-train3.csv,P1_PP04,60,0.9811532041891102
hai-train3.csv,P1_PP04,300,0.8033859666559384
hai-train3.csv,P1_PP04D,1,0.9988429564480031
hai-train3.csv,P1_PP04D,10,0.9884286058688474
hai-train3.csv,P1_PP04D,60,0.9305396464808297
hai-train3.csv,P1_PP04D,300,0.651926346735723
hai-train3.csv,P1_PP04SP,1,1.0
hai-train3.csv,P1_PP04SP,10,1.0
hai-train3.csv,P1_PP04SP,60,0.9999999999999998
hai-train3.csv,P1_PP04SP,300,1.0
hai-train3.csv,P1_SOL01D,1,
hai-train3.csv,P1_SOL01D,10,
hai-train3.csv,P1_SOL01D,60,
hai-train3.csv,P1_SOL01D,300,
hai-train3.csv,P1_SOL03D,1,
hai-train3.csv,P1_SOL03D,10,
hai-train3.csv,P1_SOL03D,60,
hai-train3.csv,P1_SOL03D,300,
hai-train3.csv,P1_STSP,1,
hai-train3.csv,P1_STSP,10,
hai-train3.csv,P1_STSP,60,
hai-train3.csv,P1_STSP,300,
hai-train3.csv,P1_TIT01,1,0.9999435320849541
hai-train3.csv,P1_TIT01,10,0.9996868757715857
hai-train3.csv,P1_TIT01,60,0.991031412640249
hai-train3.csv,P1_TIT01,300,0.8214295441810966
hai-train3.csv,P1_TIT02,1,0.9999703265185254
hai-train3.csv,P1_TIT02,10,0.9997447052403134
hai-train3.csv,P1_TIT02,60,0.9919732467684618
hai-train3.csv,P1_TIT02,300,0.8305513972633249
hai-train3.csv,P1_TIT03,1,0.99948844008881
hai-train3.csv,P1_TIT03,10,0.994979903543917
hai-train3.csv,P1_TIT03,60,0.9707585961644726
hai-train3.csv,P1_TIT03,300,0.8640103350392799
hai-train3.csv,P2_24Vdc,1,0.22722185911894893
hai-train3.csv,P2_24Vdc,10,0.007906846332978215
hai-train3.csv,P2_24Vdc,60,0.005661436551378216
hai-train3.csv,P2_24Vdc,300,0.013034352986172747
hai-train3.csv,P2_ATSW_Lamp,1,0.9998396262304351
hai-train3.csv,P2_ATSW_Lamp,10,0.9983962479447366
hai-train3.csv,P2_ATSW_Lamp,60,0.9903770087621713
hai-train3.csv,P2_ATSW_Lamp,300,0.9518735202112485
hai-train3.csv,P2_AutoGO,1,0.9998396262304351
hai-train3.csv,P2_AutoGO,10,0.9983962479447366
hai-train3.csv,P2_AutoGO,60,0.9903770087621713
hai-train3.csv,P2_AutoGO,300,0.9518735202112485
hai-train3.csv,P2_AutoSD,1,0.9999129496209882
hai-train3.csv,P2_AutoSD,10,0.9991294274223014
hai-train3.csv,P2_AutoSD,60,0.994774268493894
hai-train3.csv,P2_AutoSD,300,0.9738158673486634
hai-train3.csv,P2_Emerg,1,
hai-train3.csv,P2_Emerg,10,
hai-train3.csv,P2_Emerg,60,
hai-train3.csv,P2_Emerg,300,
hai-train3.csv,P2_MASW,1,0.9998396262304351
hai-train3.csv,P2_MASW,10,0.9983962479447366
hai-train3.csv,P2_MASW,60,0.9903770087621713
hai-train3.csv,P2_MASW,300,0.9518735202112485
hai-train3.csv,P2_MASW_Lamp,1,0.9998396262304351
hai-train3.csv,P2_MASW_Lamp,10,0.9983962479447366
hai-train3.csv,P2_MASW_Lamp,60,0.9903770087621713
hai-train3.csv,P2_MASW_Lamp,300,0.9518735202112485
hai-train3.csv,P2_ManualGO,1,0.9998396262304351
hai-train3.csv,P2_ManualGO,10,0.9983962479447366
hai-train3.csv,P2_ManualGO,60,0.9903770087621713
hai-train3.csv,P2_ManualGO,300,0.9518735202112485
hai-train3.csv,P2_ManualSD,1,0.9999841827816889
hai-train3.csv,P2_ManualSD,10,0.9998418279100708
hai-train3.csv,P2_ManualSD,60,0.9990509705682896
hai-train3.csv,P2_ManualSD,300,0.9952549279457058
hai-train3.csv,P2_OnOff,1,
hai-train3.csv,P2_OnOff,10,
hai-train3.csv,P2_OnOff,60,
hai-train3.csv,P2_OnOff,300,
hai-train3.csv,P2_RTR,1,
hai-train3.csv,P2_RTR,10,
hai-train3.csv,P2_RTR,60,
hai-train3.csv,P2_RTR,300,
hai-train3.csv,P2_SCO,1,0.9999364837486244
hai-train3.csv,P2_SCO,10,0.9985490008323734
hai-train3.csv,P2_SCO,60,0.9906032868790307
hai-train3.csv,P2_SCO,300,0.952488202634297
hai-train3.csv,P2_SCST,1,0.9129023622956567
hai-train3.csv,P2_SCST,10,0.8475531255374457
hai-train3.csv,P2_SCST,60,0.6580535274850439
hai-train3.csv,P2_SCST,300,0.44278020779356686
hai-train3.csv,P2_SIT01,1,0.9987940729390321
hai-train3.csv,P2_SIT01,10,0.9964049948517394
hai-train3.csv,P2_SIT01,60,0.9859160045531337
hai-train3.csv,P2_SIT01,300,0.9446487429229434
hai-train3.csv,P2_TripEx,1,
hai-train3.csv,P2_TripEx,10,
hai-train3.csv,P2_TripEx,60,
hai-train3.csv,P2_TripEx,300,
hai-train3.csv,P2_VIBTR01,1,0.1393282056582069
hai-train3.csv,P2_VIBTR01,10,0.08640753379181709
hai-train3.csv,P2_VIBTR01,60,0.06709544392261407
hai-train3.csv,P2_VIBTR01,300,0.061797852852677186
hai-train3.csv,P2_VIBTR02,1,-0.09047976241235753
hai-train3.csv,P2_VIBTR02,10,0.13464394111699957
hai-train3.csv,P2_VIBTR02,60,0.10315143425365296
hai-train3.csv,P2_VIBTR02,300,0.08126254693927831
hai-train3.csv,P2_VIBTR03,1,0.3190661029780332
hai-train3.csv,P2_VIBTR03,10,0.24945836585489356
hai-train3.csv,P2_VIBTR03,60,0.20190161955378913
hai-train3.csv,P2_VIBTR03,300,0.1537463988147666
hai-train3.csv,P2_VIBTR04,1,0.5799526195868981
hai-train3.csv,P2_VIBTR04,10,0.5191885315846486
hai-train3.csv,P2_VIBTR04,60,0.4585022265346915
hai-train3.csv,P2_VIBTR04,300,0.3346428007007067
hai-train3.csv,P2_VT01,1,0.11153991742340037
hai-train3.csv,P2_VT01,10,0.046749093876755715
hai-train3.csv,P2_VT01,60,0.031967615790782215
hai-train3.csv,P2_VT01,300,0.02699429209987359
hai-train3.csv,P2_VTR01,1,
hai-train3.csv,P2_VTR01,10,
hai-train3.csv,P2_VTR01,60,
hai-train3.csv,P2_VTR01,300,
hai-train3.csv,P2_VTR02,1,
hai-train3.csv,P2_VTR02,10,
hai-train3.csv,P2_VTR02,60,
hai-train3.csv,P2_VTR02,300,
hai-train3.csv,P2_VTR03,1,
hai-train3.csv,P2_VTR03,10,
hai-train3.csv,P2_VTR03,60,
hai-train3.csv,P2_VTR03,300,
hai-train3.csv,P2_VTR04,1,
hai-train3.csv,P2_VTR04,10,
hai-train3.csv,P2_VTR04,60,
hai-train3.csv,P2_VTR04,300,
hai-train3.csv,P3_FIT01,1,0.9931292390485371
hai-train3.csv,P3_FIT01,10,0.7996822250878057
hai-train3.csv,P3_FIT01,60,-0.1571685549753365
hai-train3.csv,P3_FIT01,300,0.01244589590996255
hai-train3.csv,P3_LCP01D,1,0.9991987739361168
hai-train3.csv,P3_LCP01D,10,0.9374178902342213
hai-train3.csv,P3_LCP01D,60,0.16189762709604757
hai-train3.csv,P3_LCP01D,300,-0.01365805796512815
hai-train3.csv,P3_LCV01D,1,0.9991234384936325
hai-train3.csv,P3_LCV01D,10,0.9341159752440925
hai-train3.csv,P3_LCV01D,60,0.2003773201211467
hai-train3.csv,P3_LCV01D,300,0.008932361243397396
hai-train3.csv,P3_LH01,1,
hai-train3.csv,P3_LH01,10,
hai-train3.csv,P3_LH01,60,
hai-train3.csv,P3_LH01,300,
hai-train3.csv,P3_LIT01,1,0.9998403049836844
hai-train3.csv,P3_LIT01,10,0.9965057241419105
hai-train3.csv,P3_LIT01,60,0.9503408983527168
hai-train3.csv,P3_LIT01,300,0.6500554349351633
hai-train3.csv,P3_LL01,1,
hai-train3.csv,P3_LL01,10,
hai-train3.csv,P3_LL01,60,
hai-train3.csv,P3_LL01,300,
hai-train3.csv,P3_PIT01,1,0.9968175939539534
hai-train3.csv,P3_PIT01,10,0.9033609331160849
hai-train3.csv,P3_PIT01,60,0.16242681985540883
hai-train3.csv,P3_PIT01,300,-0.04191561190574499
hai-train3.csv,P4_HT_FD,1,0.2623322222401143
hai-train3.csv,P4_HT_FD,10,-0.020103705298018318
hai-train3.csv,P4_HT_FD,60,-0.03542137722565448
hai-train3.csv,P4_HT_FD,300,0.004026027365162639
hai-train3.csv,P4_HT_PO,1,0.9989967551804066
hai-train3.csv,P4_HT_PO,10,0.9338032748326487
hai-train3.csv,P4_HT_PO,60,0.19982423082368733
hai-train3.csv,P4_HT_PO,300,0.008618758154571868
hai-train3.csv,P4_HT_PS,1,0.9999565405087957
hai-train3.csv,P4_HT_PS,10,0.9995653686920903
hai-train3.csv,P4_HT_PS,60,0.9973909973777013
hai-train3.csv,P4_HT_PS,300,0.9869256441314366
hai-train3.csv,P4_LD,1,0.9989326531347236
hai-train3.csv,P4_LD,10,0.9334055334704535
hai-train3.csv,P4_LD,60,0.11313389624029166
hai-train3.csv,P4_LD,300,-0.00037807741026519296
hai-train3.csv,P4_ST_FD,1,0.3343235992619868
hai-train3.csv,P4_ST_FD,10,-0.013506925581909284
hai-train3.csv,P4_ST_FD,60,0.0030793104634836677
hai-train3.csv,P4_ST_FD,300,-0.002596602812865709
hai-train3.csv,P4_ST_GOV,1,0.9987461379201349
hai-train3.csv,P4_ST_GOV,10,0.9305206570891248
hai-train3.csv,P4_ST_GOV,60,0.17820824982149486
hai-train3.csv,P4_ST_GOV,300,0.04771853539111492
hai-train3.csv,P4_ST_LD,1,0.9971991611802637
hai-train3.csv,P4_ST_LD,10,0.8734265696041659
hai-train3.csv,P4_ST_LD,60,0.09815810823407753
hai-train3.csv,P4_ST_LD,300,0.04171599554654329
hai-train3.csv,P4_ST_PO,1,0.9990667648761256
hai-train3.csv,P4_ST_PO,10,0.9327545926365155
hai-train3.csv,P4_ST_PO,60,0.19740526629637806
hai-train3.csv,P4_ST_PO,300,0.052002135596119915
hai-train3.csv,P4_ST_PS,1,0.9999860584456541
hai-train3.csv,P4_ST_PS,10,0.999860585821721
hai-train3.csv,P4_ST_PS,60,0.999163560479337
hai-train3.csv,P4_ST_PS,300,0.9958189007156296
hai-train3.csv,P4_ST_PT01,1,0.9921812863350612
hai-train3.csv,P4_ST_PT01,10,0.9400789434638427
hai-train3.csv,P4_ST_PT01,60,0.5547480838719853
hai-train3.csv,P4_ST_PT01,300,0.34990838975940464
hai-train3.csv,P4_ST_TT01,1,0.9993207480211858
hai-train3.csv,P4_ST_TT01,10,0.9990540499789198
hai-train3.csv,P4_ST_TT01,60,0.9903779885706485
hai-train3.csv,P4_ST_TT01,300,0.820960663299952
hai-train3.csv,x1001_05_SETPOINT_OUT,1,0.9999935976759365
hai-train3.csv,x1001_05_SETPOINT_OUT,10,0.9994969533996728
hai-train3.csv,x1001_05_SETPOINT_OUT,60,0.9945182638925276
hai-train3.csv,x1001_05_SETPOINT_OUT,300,0.9704495931169017
hai-train3.csv,x1001_15_ASSIGN_OUT,1,0.9989579439889299
hai-train3.csv,x1001_15_ASSIGN_OUT,10,0.9395265626704578
hai-train3.csv,x1001_15_ASSIGN_OUT,60,0.28326914488996074
hai-train3.csv,x1001_15_ASSIGN_OUT,300,0.16851138060345106
hai-train3.csv,x1002_07_SETPOINT_OUT,1,0.9999941876040722
hai-train3.csv,x1002_07_SETPOINT_OUT,10,0.9995762919736122
hai-train3.csv,x1002_07_SETPOINT_OUT,60,0.9954451337732093
hai-train3.csv,x1002_07_SETPOINT_OUT,300,0.9755071261256646
hai-train3.csv,x1002_08_SETPOINT_OUT,1,0.9999972942510914
hai-train3.csv,x1002_08_SETPOINT_OUT,10,0.9998027330336692
hai-train3.csv,x1002_08_SETPOINT_OUT,60,0.9978432697085313
hai-train3.csv,x1002_08_SETPOINT_OUT,300,0.9883586951248023
hai-train3.csv,x1003_10_SETPOINT_OUT,1,0.9996832843490434
hai-train3.csv,x1003_10_SETPOINT_OUT,10,0.9989996514606048
hai-train3.csv,x1003_10_SETPOINT_OUT,60,0.9905084543457626
hai-train3.csv,x1003_10_SETPOINT_OUT,300,0.833155533707811
hai-train3.csv,x1003_18_SETPOINT_OUT,1,0.9999989167276355
hai-train3.csv,x1003_18_SETPOINT_OUT,10,0.9999282231842855
hai-train3.csv,x1003_18_SETPOINT_OUT,60,0.9991430421939695
hai-train3.csv,x1003_18_SETPOINT_OUT,300,0.9953332902841705
hai-train3.csv,x1003_24_SUM_OUT,1,0.9989561212804571
hai-train3.csv,x1003_24_SUM_OUT,10,0.9392853419955123
hai-train3.csv,x1003_24_SUM_OUT,60,0.2807810725242037
hai-train3.csv,x1003_24_SUM_OUT,300,0.16519356588709222
hai-train4.csv,P1_FCV01D,1,0.9994558520176139
hai-train4.csv,P1_FCV01D,10,0.998395101452728
hai-train4.csv,P1_FCV01D,60,0.9893458321258445
hai-train4.csv,P1_FCV01D,300,0.8384031505520617
hai-train4.csv,P1_FCV01Z,1,0.9994194696083942
hai-train4.csv,P1_FCV01Z,10,0.9983117717088207
hai-train4.csv,P1_FCV01Z,60,0.988822902758315
hai-train4.csv,P1_FCV01Z,300,0.8375907013842985
hai-train4.csv,P1_FCV02D,1,0.9472442570998182
hai-train4.csv,P1_FCV02D,10,0.9257112448909726
hai-train4.csv,P1_FCV02D,60,0.7696062873827944
hai-train4.csv,P1_FCV02D,300,0.5969306699390733
hai-train4.csv,P1_FCV02Z,1,0.9998253057484843
hai-train4.csv,P1_FCV02Z,10,0.9979706464986606
hai-train4.csv,P1_FCV02Z,60,0.9669732037127103
hai-train4.csv,P1_FCV02Z,300,0.7192471543434455
hai-train4.csv,P1_FCV03D,1,0.9999419712157709
hai-train4.csv,P1_FCV03D,10,0.9990219762681878
hai-train4.csv,P1_FCV03D,60,0.9849200393631501
hai-train4.csv,P1_FCV03D,300,0.9674648412397918
hai-train4.csv,P1_FCV03Z,1,0.9997553793048715
hai-train4.csv,P1_FCV03Z,10,0.9966809180844696
hai-train4.csv,P1_FCV03Z,60,0.9826086428018628
hai-train4.csv,P1_FCV03Z,300,0.9655186766886374
hai-train4.csv,P1_FT01,1,0.9953026128758744
hai-train4.csv,P1_FT01,10,0.957489207457375
hai-train4.csv,P1_FT01,60,0.4225248160910197
hai-train4.csv,P1_FT01,300,0.5703052134513766
hai-train4.csv,P1_FT01Z,1,0.9952704958527723
hai-train4.csv,P1_FT01Z,10,0.9577685020226056
hai-train4.csv,P1_FT01Z,60,0.42705002487211147
hai-train4.csv,P1_FT01Z,300,0.5753883838688096
hai-train4.csv,P1_FT02,1,0.9991784132939081
hai-train4.csv,P1_FT02,10,0.99757177567384
hai-train4.csv,P1_FT02,60,0.9874060369636265
hai-train4.csv,P1_FT02,300,0.7994313329728144
hai-train4.csv,P1_FT02Z,1,0.9993400769732619
hai-train4.csv,P1_FT02Z,10,0.9981051138226712
hai-train4.csv,P1_FT02Z,60,0.9875484863637679
hai-train4.csv,P1_FT02Z,300,0.8137938905199347
hai-train4.csv,P1_FT03,1,0.9995104911106321
hai-train4.csv,P1_FT03,10,0.9965818433319982
hai-train4.csv,P1_FT03,60,0.9855736027882371
hai-train4.csv,P1_FT03,300,0.9762112038012988
hai-train4.csv,P1_FT03Z,1,0.9995125747138828
hai-train4.csv,P1_FT03Z,10,0.9963668493326454
hai-train4.csv,P1_FT03Z,60,0.9869758251594559
hai-train4.csv,P1_FT03Z,300,0.9771255643740655
hai-train4.csv,P1_LCV01D,1,0.9996254772214822
hai-train4.csv,P1_LCV01D,10,0.9816312205687667
hai-train4.csv,P1_LCV01D,60,0.5303686987903063
hai-train4.csv,P1_LCV01D,300,0.4950156414531995
hai-train4.csv,P1_LCV01Z,1,0.9983025170504726
hai-train4.csv,P1_LCV01Z,10,0.9711754118689551
hai-train4.csv,P1_LCV01Z,60,0.5319568927040268
hai-train4.csv,P1_LCV01Z,300,0.48917513789816397
hai-train4.csv,P1_LIT01,1,0.9999630375068215
hai-train4.csv,P1_LIT01,10,0.9986800549618912
hai-train4.csv,P1_LIT01,60,0.9629312781753679
hai-train4.csv,P1_LIT01,300,0.9402146375723748
hai-train4.csv,P1_PCV01D,1,0.9997436571189381
hai-train4.csv,P1_PCV01D,10,0.980467495885883
hai-train4.csv,P1_PCV01D,60,0.5454684817555686
hai-train4.csv,P1_PCV01D,300,0.46846820213073587
hai-train4.csv,P1_PCV01Z,1,0.9981440215922769
hai-train4.csv,P1_PCV01Z,10,0.9692611531494584
hai-train4.csv,P1_PCV01Z,60,0.5490728669119604
hai-train4.csv,P1_PCV01Z,300,0.47205526427498923
hai-train4.csv,P1_PCV02D,1,0.9898207402366097
hai-train4.csv,P1_PCV02D,10,0.723472280245754
hai-train4.csv,P1_PCV02D,60,0.0026648888154982525
hai-train4.csv,P1_PCV02D,300,-0.00024457046252889924
hai-train4.csv,P1_PCV02Z,1,0.9997359167549363
hai-train4.csv,P1_PCV02Z,10,0.9974096248643474
hai-train4.csv,P1_PCV02Z,60,0.9913927173555408
hai-train4.csv,P1_PCV02Z,300,0.9881353260632307
hai-train4.csv,P1_PIT01,1,0.9985959159608303
hai-train4.csv,P1_PIT01,10,0.9681193035503909
hai-train4.csv,P1_PIT01,60,0.5923156442173059
hai-train4.csv,P1_PIT01,300,0.37130301659009346
hai-train4.csv,P1_PIT01_HH,1,
hai-train4.csv,P1_PIT01_HH,10,
hai-train4.csv,P1_PIT01_HH,60,
hai-train4.csv,P1_PIT01_HH,300,
hai-train4.csv,P1_PIT02,1,0.9976725835612967
hai-train4.csv,P1_PIT02,10,0.9920281933457691
hai-train4.csv,P1_PIT02,60,0.9145330474119163
hai-train4.csv,P1_PIT02,300,0.40100406837820685
hai-train4.csv,P1_PP01AD,1,
hai-train4.csv,P1_PP01AD,10,
hai-train4.csv,P1_PP01AD,60,
hai-train4.csv,P1_PP01AD,300,
hai-train4.csv,P1_PP01AR,1,
hai-train4.csv,P1_PP01AR,10,
hai-train4.csv,P1_PP01AR,60,
hai-train4.csv,P1_PP01AR,300,
hai-train4.csv,P1_PP01BD,1,
hai-train4.csv,P1_PP01BD,10,
hai-train4.csv,P1_PP01BD,60,
hai-train4.csv,P1_PP01BD,300,
hai-train4.csv,P1_PP01BR,1,
hai-train4.csv,P1_PP01BR,10,
hai-train4.csv,P1_PP01BR,60,
hai-train4.csv,P1_PP01BR,300,
hai-train4.csv,P1_PP02D,1,
hai-train4.csv,P1_PP02D,10,
hai-train4.csv,P1_PP02D,60,
hai-train4.csv,P1_PP02D,300,
hai-train4.csv,P1_PP02R,1,
hai-train4.csv,P1_PP02R,10,
hai-train4.csv,P1_PP02R,60,
hai-train4.csv,P1_PP02R,300,
hai-train4.csv,P1_PP04,1,0.9999691190986851
hai-train4.csv,P1_PP04,10,0.9979593413191943
hai-train4.csv,P1_PP04,60,0.9812724331774807
hai-train4.csv,P1_PP04,300,0.8039064361897363
hai-train4.csv,P1_PP04D,1,0.9988530549289685
hai-train4.csv,P1_PP04D,10,0.9885301368987464
hai-train4.csv,P1_PP04D,60,0.9311670676878742
hai-train4.csv,P1_PP04D,300,0.6555043813151409
hai-train4.csv,P1_PP04SP,1,0.9999978120132117
hai-train4.csv,P1_PP04SP,10,0.9998311760137569
hai-train4.csv,P1_PP04SP,60,0.9981538314708985
hai-train4.csv,P1_PP04SP,300,0.9900379494664875
hai-train4.csv,P1_SOL01D,1,
hai-train4.csv,P1_SOL01D,10,
hai-train4.csv,P1_SOL01D,60,
hai-train4.csv,P1_SOL01D,300,
hai-train4.csv,P1_SOL03D,1,
hai-train4.csv,P1_SOL03D,10,
hai-train4.csv,P1_SOL03D,60,
hai-train4.csv,P1_SOL03D,300,
hai-train4.csv,P1_STSP,1,
hai-train4.csv,P1_STSP,10,
hai-train4.csv,P1_STSP,60,
hai-train4.csv,P1_STSP,300,
hai-train4.csv,P1_TIT01,1,0.9999385541286476
hai-train4.csv,P1_TIT01,10,0.9996346367923225
hai-train4.csv,P1_TIT01,60,0.9894220673907126
hai-train4.csv,P1_TIT01,300,0.8092960435985708
hai-train4.csv,P1_TIT02,1,0.9999796238446346
hai-train4.csv,P1_TIT02,10,0.9997415956674217
hai-train4.csv,P1_TIT02,60,0.9915001328990264
hai-train4.csv,P1_TIT02,300,0.818033860108886
hai-train4.csv,P1_TIT03,1,0.9993253809168628
hai-train4.csv,P1_TIT03,10,0.9933440778408645
hai-train4.csv,P1_TIT03,60,0.9652596481810357
hai-train4.csv,P1_TIT03,300,0.8535040325093113
hai-train4.csv,P2_24Vdc,1,0.22961439290512617
hai-train4.csv,P2_24Vdc,10,0.012170123726204069
hai-train4.csv,P2_24Vdc,60,0.014814697807232104
hai-train4.csv,P2_24Vdc,300,0.015458180568801105
hai-train4.csv,P2_ATSW_Lamp,1,0.9998468491387488
hai-train4.csv,P2_ATSW_Lamp,10,0.9984684860672383
hai-train4.csv,P2_ATSW_Lamp,60,0.9908107390049008
hai-train4.csv,P2_ATSW_Lamp,300,0.9540494307364622
hai-train4.csv,P2_AutoGO,1,0.9998468491387488
hai-train4.csv,P2_AutoGO,10,0.9984684860672383
hai-train4.csv,P2_AutoGO,60,0.9908107390049008
hai-train4.csv,P2_AutoGO,300,0.9540494307364622
hai-train4.csv,P2_AutoSD,1,0.9999437593588545
hai-train4.csv,P2_AutoSD,10,0.9994375787984159
hai-train4.csv,P2_AutoSD,60,0.9966249794881032
hai-train4.csv,P2_AutoSD,300,0.9831130236319187
hai-train4.csv,P2_Emerg,1,
hai-train4.csv,P2_Emerg,10,
hai-train4.csv,P2_Emerg,60,
hai-train4.csv,P2_Emerg,300,
hai-train4.csv,P2_MASW,1,0.9998468491387488
hai-train4.csv,P2_MASW,10,0.9984684860672383
hai-train4.csv,P2_MASW,60,0.9908107390049008
hai-train4.csv,P2_MASW,300,0.9540494307364622
hai-train4.csv,P2_MASW_Lamp,1,0.9998468491387488
hai-train4.csv,P2_MASW_Lamp,10,0.9984684860672383
hai-train4.csv,P2_MASW_Lamp,60,0.9908107390049008
hai-train4.csv,P2_MASW_Lamp,300,0.9540494307364622
hai-train4.csv,P2_ManualGO,1,0.9998468491387488
hai-train4.csv,P2_ManualGO,10,0.9984684860672383
hai-train4.csv,P2_ManualGO,60,0.9908107390049008
hai-train4.csv,P2_ManualGO,300,0.9540494307364622
hai-train4.csv,P2_ManualSD,1,0.9999837626766874
hai-train4.csv,P2_ManualSD,10,0.9998376233521821
hai-train4.csv,P2_ManualSD,60,0.9990256262186017
hai-train4.csv,P2_ManualSD,300,0.9951253899240102
hai-train4.csv,P2_OnOff,1,
hai-train4.csv,P2_OnOff,10,
hai-train4.csv,P2_OnOff,60,
hai-train4.csv,P2_OnOff,300,
hai-train4.csv,P2_RTR,1,
hai-train4.csv,P2_RTR,10,
hai-train4.csv,P2_RTR,60,
hai-train4.csv,P2_RTR,300,
hai-train4.csv,P2_SCO,1,0.9999225174295483
hai-train4.csv,P2_SCO,10,0.9985299940580299
hai-train4.csv,P2_SCO,60,0.9905630562974582
hai-train4.csv,P2_SCO,300,0.9524039332968125
hai-train4.csv,P2_SCST,1,0.928300092513225
hai-train4.csv,P2_SCST,10,0.8714791341322271
hai-train4.csv,P2_SCST,60,0.7150849324288046
hai-train4.csv,P2_SCST,300,0.5854207486289501
hai-train4.csv,P2_SIT01,1,0.9982668859936341
hai-train4.csv,P2_SIT01,10,0.99536896728748
hai-train4.csv,P2_SIT01,60,0.983318624772966
hai-train4.csv,P2_SIT01,300,0.9430574043069807
hai-train4.csv,P2_TripEx,1,
hai-train4.csv,P2_TripEx,10,
hai-train4.csv,P2_TripEx,60,
hai-train4.csv,P2_TripEx,300,
hai-train4.csv,P2_VIBTR01,1,0.21522654267061253
hai-train4.csv,P2_VIBTR01,10,0.09561164317702928
hai-train4.csv,P2_VIBTR01,60,0.07905931450309071
hai-train4.csv,P2_VIBTR01,300,0.07207449769075962
hai-train4.csv,P2_VIBTR02,1,0.128991006873834
hai-train4.csv,P2_VIBTR02,10,0.16670671564348424
hai-train4.csv,P2_VIBTR02,60,0.15779003058480928
hai-train4.csv,P2_VIBTR02,300,0.12978025615669714
hai-train4.csv,P2_VIBTR03,1,0.4076855552494844
hai-train4.csv,P2_VIBTR03,10,0.29838387611882555
hai-train4.csv,P2_VIBTR03,60,0.2579567044009823
hai-train4.csv,P2_VIBTR03,300,0.21190939094610606
hai-train4.csv,P2_VIBTR04,1,0.7112903123380707
hai-train4.csv,P2_VIBTR04,10,0.6450403702320092
hai-train4.csv,P2_VIBTR04,60,0.6058777746159095
hai-train4.csv,P2_VIBTR04,300,0.47031534020571114
hai-train4.csv,P2_VT01,1,0.18355626092548644
hai-train4.csv,P2_VT01,10,0.049026761497583116
hai-train4.csv,P2_VT01,60,0.04152149287070874
hai-train4.csv,P2_VT01,300,0.037020306091446464
hai-train4.csv,P2_VTR01,1,
hai-train4.csv,P2_VTR01,10,
hai-train4.csv,P2_VTR01,60,
hai-train4.csv,P2_VTR01,300,
hai-train4.csv,P2_VTR02,1,
hai-train4.csv,P2_VTR02,10,
hai-train4.csv,P2_VTR02,60,
hai-train4.csv,P2_VTR02,300,
hai-train4.csv,P2_VTR03,1,
hai-train4.csv,P2_VTR03,10,
hai-train4.csv,P2_VTR03,60,
hai-train4.csv,P2_VTR03,300,
hai-train4.csv,P2_VTR04,1,
hai-train4.csv,P2_VTR04,10,
hai-train4.csv,P2_VTR04,60,
hai-train4.csv,P2_VTR04,300,
hai-train4.csv,P3_FIT01,1,0.9932506865775423
hai-train4.csv,P3_FIT01,10,0.8050932903679323
hai-train4.csv,P3_FIT01,60,-0.15233858097914754
hai-train4.csv,P3_FIT01,300,0.010186596973573625
hai-train4.csv,P3_LCP01D,1,0.9991983296661088
hai-train4.csv,P3_LCP01D,10,0.9381665090523709
hai-train4.csv,P3_LCP01D,60,0.16940667575575755
hai-train4.csv,P3_LCP01D,300,-0.030797608056781372
hai-train4.csv,P3_LCV01D,1,0.9991419425380114
hai-train4.csv,P3_LCV01D,10,0.9359386109217512
hai-train4.csv,P3_LCV01D,60,0.21104749651642668
hai-train4.csv,P3_LCV01D,300,-0.014605625025762778
hai-train4.csv,P3_LH01,1,
hai-train4.csv,P3_LH01,10,
hai-train4.csv,P3_LH01,60,
hai-train4.csv,P3_LH01,300,
hai-train4.csv,P3_LIT01,1,0.9998116431227729
hai-train4.csv,P3_LIT01,10,0.9962112870829225
hai-train4.csv,P3_LIT01,60,0.9495289676285334
hai-train4.csv,P3_LIT01,300,0.6589313981925807
hai-train4.csv,P3_LL01,1,
hai-train4.csv,P3_LL01,10,
hai-train4.csv,P3_LL01,60,
hai-train4.csv,P3_LL01,300,
hai-train4.csv,P3_PIT01,1,0.9968152351529252
hai-train4.csv,P3_PIT01,10,0.8989530474474831
hai-train4.csv,P3_PIT01,60,0.13924279659528013
hai-train4.csv,P3_PIT01,300,-0.037713457998777546
hai-train4.csv,P4_HT_FD,1,0.22643800778338383
hai-train4.csv,P4_HT_FD,10,-0.028494310809311012
hai-train4.csv,P4_HT_FD,60,-0.0414806670369821
hai-train4.csv,P4_HT_FD,300,0.004358969986697847
hai-train4.csv,P4_HT_PO,1,0.9990051785862836
hai-train4.csv,P4_HT_PO,10,0.9356018035986831
hai-train4.csv,P4_HT_PO,60,0.2104911114962731
hai-train4.csv,P4_HT_PO,300,-0.014539104653956986
hai-train4.csv,P4_HT_PS,1,0.9999815761070435
hai-train4.csv,P4_HT_PS,10,0.9998157572845922
hai-train4.csv,P4_HT_PS,60,0.9988944174360914
hai-train4.csv,P4_HT_PS,300,0.9944690467078654
hai-train4.csv,P4_LD,1,0.9989947946235875
hai-train4.csv,P4_LD,10,0.9383863990518307
hai-train4.csv,P4_LD,60,0.16507129569742368
hai-train4.csv,P4_LD,300,0.015503812998579745
hai-train4.csv,P4_ST_FD,1,0.3191593477137131
hai-train4.csv,P4_ST_FD,10,-0.012511532959780946
hai-train4.csv,P4_ST_FD,60,0.0015083172723865952
hai-train4.csv,P4_ST_FD,300,0.0006698464529443588
hai-train4.csv,P4_ST_GOV,1,0.998805874034402
hai-train4.csv,P4_ST_GOV,10,0.9361146911613113
hai-train4.csv,P4_ST_GOV,60,0.2368740391606291
hai-train4.csv,P4_ST_GOV,300,0.058305456915631486
hai-train4.csv,P4_ST_LD,1,0.9972948167189464
hai-train4.csv,P4_ST_LD,10,0.8810256865891294
hai-train4.csv,P4_ST_LD,60,0.1578707364638558
hai-train4.csv,P4_ST_LD,300,0.050825228336998096
hai-train4.csv,P4_ST_PO,1,0.9991285770473488
hai-train4.csv,P4_ST_PO,10,0.9381655445498075
hai-train4.csv,P4_ST_PO,60,0.25404961182105057
hai-train4.csv,P4_ST_PO,300,0.06055792154445189
hai-train4.csv,P4_ST_PS,1,0.9999751210950848
hai-train4.csv,P4_ST_PS,10,0.99975120543437
hai-train4.csv,P4_ST_PS,60,0.9985070486230989
hai-train4.csv,P4_ST_PS,300,0.9925308157181199
hai-train4.csv,P4_ST_PT01,1,0.992347662746146
hai-train4.csv,P4_ST_PT01,10,0.9383449592764748
hai-train4.csv,P4_ST_PT01,60,0.5582665658532716
hai-train4.csv,P4_ST_PT01,300,0.34922503636208724
hai-train4.csv,P4_ST_TT01,1,0.9992702230508124
hai-train4.csv,P4_ST_TT01,10,0.9989480382525088
hai-train4.csv,P4_ST_TT01,60,0.9887018263028597
hai-train4.csv,P4_ST_TT01,300,0.8085778932848853
hai-train4.csv,x1001_05_SETPOINT_OUT,1,0.9999972425581802
hai-train4.csv,x1001_05_SETPOINT_OUT,10,0.9997990480557946
hai-train4.csv,x1001_05_SETPOINT_OUT,60,0.9977826973853973
hai-train4.csv,x1001_05_SETPOINT_OUT,300,0.9880245439385168
hai-train4.csv,x1001_15_ASSIGN_OUT,1,0.9990387376735546
hai-train4.csv,x1001_15_ASSIGN_OUT,10,0.9450121337247916
hai-train4.csv,x1001_15_ASSIGN_OUT,60,0.34169339313226893
hai-train4.csv,x1001_15_ASSIGN_OUT,300,0.18525441328529774
hai-train4.csv,x1002_07_SETPOINT_OUT,1,0.9999922137391883
hai-train4.csv,x1002_07_SETPOINT_OUT,10,0.9994001743873885
hai-train4.csv,x1002_07_SETPOINT_OUT,60,0.9933428685071753
hai-train4.csv,x1002_07_SETPOINT_OUT,300,0.9640162326322986
hai-train4.csv,x1002_08_SETPOINT_OUT,1,0.999996766026554
hai-train4.csv,x1002_08_SETPOINT_OUT,10,0.9997502893673196
hai-train4.csv,x1002_08_SETPOINT_OUT,60,0.9972284237167104
hai-train4.csv,x1002_08_SETPOINT_OUT,300,0.985032879111833
hai-train4.csv,x1003_10_SETPOINT_OUT,1,0.999341754990065
hai-train4.csv,x1003_10_SETPOINT_OUT,10,0.9981059540780498
hai-train4.csv,x1003_10_SETPOINT_OUT,60,0.9875349310690573
hai-train4.csv,x1003_10_SETPOINT_OUT,300,0.8137898105338061
hai-train4.csv,x1003_18_SETPOINT_OUT,1,0.9999985513839297
hai-train4.csv,x1003_18_SETPOINT_OUT,10,0.9998850034738492
hai-train4.csv,x1003_18_SETPOINT_OUT,60,0.9987316295075065
hai-train4.csv,x1003_18_SETPOINT_OUT,300,0.993147817820733
hai-train4.csv,x1003_24_SUM_OUT,1,0.9998380836770157
hai-train4.csv,x1003_24_SUM_OUT,10,0.9908168535893463
hai-train4.csv,x1003_24_SUM_OUT,60,0.8906068333215026
hai-train4.csv,x1003_24_SUM_OUT,300,0.8595508251361923
