group,feature,rows,finite_count,missing_count,missing_rate,infinite_count,infinite_rate,zero_count,zero_rate,mean,std,min,max,sample_q01,sample_q25,sample_median,sample_q75,sample_q99
train_unlabeled,P1_FCV01D,896400,896400,0,0.0,0,0.0,22390,0.0249776885319054,30.051928641421245,24.718098286168825,0.0,92.23854,0.0,6.6861524999999995,19.001025,53.824385,78.20321659999999
train_unlabeled,P1_FCV01Z,896400,896400,0,0.0,0,0.0,0,0.0,29.889231147423025,24.99029465725489,0.31433,92.19513,0.32959,6.27289,18.73169,53.8707725,78.49273
train_unlabeled,P1_FCV02D,896400,896400,0,0.0,0,0.0,0,0.0,47.103226845225336,40.90433765474751,15.0,100.0,15.0,15.0,15.0,100.0,100.0
train_unlabeled,P1_FCV02Z,896400,896400,0,0.0,0,0.0,0,0.0,42.69382449310576,38.0311979051066,12.29248,97.72644,12.31537,12.4527,12.700655000000001,97.32971,97.5891
train_unlabeled,P1_FCV03D,896400,896400,0,0.0,0,0.0,0,0.0,55.07317383609996,3.550406315110656,47.68718,68.65218,49.8400045,52.4457375,54.28614,57.254175,66.0843942
train_unlabeled,P1_FCV03Z,896400,896400,0,0.0,0,0.0,0,0.0,55.776827975535475,3.6346963182481438,48.33374,69.7113,50.33264,53.05634,54.93316,58.11462,66.94946
train_unlabeled,P1_FT01,896400,896400,0,0.0,0,0.0,0,0.0,62.73045730719545,7.820877142453708,0.80104,198.78384,46.76814,57.64009,62.40847,67.36754,83.04785379999983
train_unlabeled,P1_FT01Z,896400,896400,0,0.0,0,0.0,0,0.0,326.602175232809,40.504112874889906,4.17075,892.22717,243.5061,300.11276,324.94006,350.76031,432.4024750999991
train_unlabeled,P1_FT02,896400,896400,0,0.0,0,0.0,0,0.0,981.2032745396251,1014.6372652364774,1.18252,2506.67578,4.23427,17.39503,425.94907,2271.7378575,2473.48779
train_unlabeled,P1_FT02Z,896400,896400,0,0.0,0,0.0,0,0.0,1535.7749175522424,1267.9128879840782,6.15698,3190.0,22.04645,93.54926,1303.665285,3042.01178,3173.00965
train_unlabeled,P1_FT03,896400,896400,0,0.0,0,0.0,0,0.0,247.3047432513387,14.981409699554737,217.09438,287.47559,223.57936,233.30688,247.8027,260.3912,274.12415
train_unlabeled,P1_FT03Z,896400,896400,0,0.0,0,0.0,0,0.0,999.6484869902052,30.31707392441434,933.97516,1071.65918,948.76093,970.9397,1003.99017,1026.37415,1049.65442
train_unlabeled,P1_LCV01D,896400,896400,0,0.0,0,0.0,0,0.0,15.335020240707275,2.725718717716116,0.59662,34.8345,8.4826146,13.5694675,15.37226,17.0974825,21.8963472
train_unlabeled,P1_LCV01Z,896400,896400,0,0.0,0,0.0,0,0.0,15.218693383043284,2.7231372509394105,0.29907,35.02045,8.27179,13.49792,15.26794,16.93115,21.92078
train_unlabeled,P1_LIT01,896400,896400,0,0.0,0,0.0,0,0.0,346.7775070603078,28.05412493391959,280.28442,426.53,297.51083,325.11395,342.49371,368.87009,403.11844
train_unlabeled,P1_PCV01D,896400,896400,0,0.0,0,0.0,0,0.0,28.073503722244535,2.519808692196401,12.03997,44.96126,22.717996799999998,26.3658075,27.987925,29.666195,34.75342249999999
train_unlabeled,P1_PCV01Z,896400,896400,0,0.0,0,0.0,0,0.0,28.531967781035252,2.541854190591566,12.74261,45.73975,23.170397700000002,26.84937,28.39813,30.17578,35.281442299999995
train_unlabeled,P1_PCV02D,896400,896400,0,0.0,0,0.0,0,0.0,12.000419692949576,0.029374013710451837,12.0,17.17402,12.0,12.0,12.0,12.0,12.0
train_unlabeled,P1_PCV02Z,896400,896400,0,0.0,0,0.0,0,0.0,11.877592619756806,0.18001926098054527,11.66687,16.29791,11.6745,11.68976,11.8042,12.04071,12.26959
train_unlabeled,P1_PIT01,896400,896400,0,0.0,0,0.0,0,0.0,1.115612037617135,0.10270948119123526,0.47012,2.04865,0.85922,1.04996,1.11938,1.18195,1.3559
train_unlabeled,P1_PIT01_HH,896400,896400,0,0.0,0,0.0,0,0.0,524320.0,0.0,524320.0,524320.0,524320.0,524320.0,524320.0,524320.0,524320.0
train_unlabeled,P1_PIT02,896400,896400,0,0.0,0,0.0,0,0.0,0.6210277419790273,0.3629717036627381,0.31143,1.54282,0.3183,0.37399,0.4007,0.8205025,1.50543
train_unlabeled,P1_PP01AD,896400,896400,0,0.0,0,0.0,896400,1.0,0.0,0.0,0.0,0.0,0.0,0.0,0.0,0.0,0.0
train_unlabeled,P1_PP01AR,896400,896400,0,0.0,0,0.0,896400,1.0,0.0,0.0,0.0,0.0,0.0,0.0,0.0,0.0,0.0
train_unlabeled,P1_PP01BD,896400,896400,0,0.0,0,0.0,0,0.0,1.0,0.0,1.0,1.0,1.0,1.0,1.0,1.0,1.0
train_unlabeled,P1_PP01BR,896400,896400,0,0.0,0,0.0,0,0.0,1.0,0.0,1.0,1.0,1.0,1.0,1.0,1.0,1.0
train_unlabeled,P1_PP02D,896400,896400,0,0.0,0,0.0,0,0.0,1.0,0.0,1.0,1.0,1.0,1.0,1.0,1.0,1.0
train_unlabeled,P1_PP02R,896400,896400,0,0.0,0,0.0,0,0.0,1.0,0.0,1.0,1.0,1.0,1.0,1.0,1.0,1.0
train_unlabeled,P1_PP04,896400,896400,0,0.0,0,0.0,146226,0.16312583668005354,24.718782896764836,16.624906348214278,0.0,45.0,0.0,5.631057500000001,33.958394999999996,40.0,40.0
train_unlabeled,P1_PP04D,896400,896400,0,0.0,0,0.0,336524,0.37541722445336906,0.624582775546631,0.4842307235358711,0.0,1.0,0.0,0.0,1.0,1.0,1.0
train_unlabeled,P1_PP04SP,896400,896400,0,0.0,0,0.0,0,0.0,27.695109996095496,0.29915193041772153,27.05119,27.98469,27.05119,27.65792,27.81435,27.91761,27.98469
train_unlabeled,P1_SOL01D,896400,896400,0,0.0,0,0.0,0,0.0,524320.0,0.0,524320.0,524320.0,524320.0,524320.0,524320.0,524320.0,524320.0
train_unlabeled,P1_SOL03D,896400,896400,0,0.0,0,0.0,0,0.0,524320.0,0.0,524320.0,524320.0,524320.0,524320.0,524320.0,524320.0,524320.0
train_unlabeled,P1_STSP,896400,896400,0,0.0,0,0.0,0,0.0,1.0,0.0,1.0,1.0,1.0,1.0,1.0,1.0,1.0
train_unlabeled,P1_TIT01,896400,896400,0,0.0,0,0.0,0,0.0,30.304332692659525,1.3264458510202557,27.67029,34.12476,28.00598,29.34875,30.11169,31.073,33.39233
train_unlabeled,P1_TIT02,896400,896400,0,0.0,0,0.0,0,0.0,36.03200851276216,2.0304422302624006,32.49207,39.61792,32.69043,34.288777499999995,35.74219,38.16833,39.328
train_unlabeled,P1_TIT03,896400,896400,0,0.0,0,0.0,0,0.0,27.89973913043284,1.2212371237868889,25.51602,30.59579,25.83728,26.86081,27.78934,28.95932,30.263752999999998
train_unlabeled,P2_24Vdc,896400,896400,0,0.0,0,0.0,0,0.0,28.034301890829987,0.0035170969107383744,28.01436,28.0499,28.02645,28.03169,28.03426,28.03686,28.0421
train_unlabeled,P2_ATSW_Lamp,896400,896400,0,0.0,0,0.0,100154,0.11172913877733155,0.8882708612226685,0.315033091978346,0.0,1.0,0.0,1.0,1.0,1.0,1.0
train_unlabeled,P2_AutoGO,896400,896400,0,0.0,0,0.0,100153,0.11172802320392682,0.8882719767960732,0.3150317170539071,0.0,1.0,0.0,1.0,1.0,1.0,1.0
train_unlabeled,P2_AutoSD,896400,896400,0,0.0,0,0.0,0,0.0,118.11740354985496,7.696539289481343,100.73859,129.35278,101.20354,112.0,118.57471,125.25388,129.35278
train_unlabeled,P2_Emerg,896400,896400,0,0.0,0,0.0,896400,1.0,0.0,0.0,0.0,0.0,0.0,0.0,0.0,0.0,0.0
train_unlabeled,P2_MASW,896400,896400,0,0.0,0,0.0,796248,0.8882730923694779,0.11172690763052207,0.31503034211951675,0.0,1.0,0.0,0.0,0.0,0.0,1.0
train_unlabeled,P2_MASW_Lamp,896400,896400,0,0.0,0,0.0,796248,0.8882730923694779,0.11172690763052207,0.31503034211951675,0.0,1.0,0.0,0.0,0.0,0.0,1.0
train_unlabeled,P2_ManualGO,896400,896400,0,0.0,0,0.0,796246,0.8882708612226684,0.11172913877733155,0.315033091978346,0.0,1.0,0.0,0.0,0.0,0.0,1.0
train_unlabeled,P2_ManualSD,896400,896400,0,0.0,0,0.0,90221,0.10064814814814815,11.298660684605089,3.788750178911469,0.0,12.92742,0.0,12.22263,12.56844,12.83155,12.92742
train_unlabeled,P2_OnOff,896400,896400,0,0.0,0,0.0,0,0.0,1.0,0.0,1.0,1.0,1.0,1.0,1.0,1.0,1.0
train_unlabeled,P2_RTR,896400,896400,0,0.0,0,0.0,0,0.0,2880.0,0.0,2880.0,2880.0,2880.0,2880.0,2880.0,2880.0,2880.0
train_unlabeled,P2_SCO,896400,896400,0,0.0,0,0.0,0,0.0,54713.93238844266,163.29332486110627,54150.0,54834.0,54166.0,54724.0,54764.0,54807.0,54831.0
train_unlabeled,P2_SCST,896400,896400,0,0.0,0,0.0,0,0.0,720.4717350813588,0.22413520828540243,719.39648,721.15314,719.7577248,720.375965,720.50049,720.609455,720.8907151999999
train_unlabeled,P2_SIT01,896400,896400,0,0.0,0,0.0,0,0.0,904.6798806336457,32.897472864544426,746.0,967.0,795.0,905.0,916.0,922.0,934.0
train_unlabeled,P2_TripEx,896400,896400,0,0.0,0,0.0,0,0.0,1.0,0.0,1.0,1.0,1.0,1.0,1.0,1.0,1.0
train_unlabeled,P2_VIBTR01,896400,896400,0,0.0,0,0.0,0,0.0,6.717268621374386,0.4122804521581745,5.1235,7.8625,5.770474,6.391675,6.71045,7.042425,7.519483999999999
train_unlabeled,P2_VIBTR02,896400,896400,0,0.0,0,0.0,0,0.0,-3.131413944109772,0.39761719194588613,-4.0538,-1.8484,-3.8835,-3.4649,-3.1506,-2.853875,-2.2616370000000003
train_unlabeled,P2_VIBTR03,896400,896400,0,0.0,0,0.0,0,0.0,9.652365128960287,0.3907016064468878,7.9889,10.601,8.551079,9.4494,9.6996,9.9374,10.358842000000001
train_unlabeled,P2_VIBTR04,896400,896400,0,0.0,0,0.0,4,4.462293618920125e-06,-1.0814941414547077,0.3718499808243495,-1.9099,0.3069,-1.7171420000000002,-1.369325,-1.1468500000000001,-0.87235,-0.09515000000000436
train_unlabeled,P2_VT01,896400,896400,0,0.0,0,0.0,0,0.0,11.953446192469881,0.04695130526055751,11.78804,12.07476,11.8615727,11.914395,11.950524999999999,11.9913925,12.042904199999999
train_unlabeled,P2_VTR01,896400,896400,0,0.0,0,0.0,0,0.0,50.0,0.0,50.0,50.0,50.0,50.0,50.0,50.0,50.0
train_unlabeled,P2_VTR02,896400,896400,0,0.0,0,0.0,0,0.0,50.0,0.0,50.0,50.0,50.0,50.0,50.0,50.0,50.0
train_unlabeled,P2_VTR03,896400,896400,0,0.0,0,0.0,0,0.0,50.0,0.0,50.0,50.0,50.0,50.0,50.0,50.0,50.0
train_unlabeled,P2_VTR04,896400,896400,0,0.0,0,0.0,0,0.0,50.0,0.0,50.0,50.0,50.0,50.0,50.0,50.0,50.0
train_unlabeled,P3_FIT01,896400,896400,0,0.0,0,0.0,0,0.0,1058.827974118697,1673.7999236531034,20.0,5478.0,22.0,28.0,47.0,1793.0,5287.0
train_unlabeled,P3_LCP01D,896400,896400,0,0.0,0,0.0,45097,0.05030901383311022,4982.530986166889,5111.244936530137,-16.0,13824.0,-8.0,120.0,3220.0,9976.0,13800.0
train_unlabeled,P3_LCV01D,896400,896400,0,0.0,0,0.0,4693,0.0052353859883980365,7418.3767782240075,6825.962951311482,-176.0,19408.0,-176.0,-36.0,6752.0,14448.0,17152.0
train_unlabeled,P3_LH01,896400,896400,0,0.0,0,0.0,0,0.0,70.0,0.0,70.0,70.0,70.0,70.0,70.0,70.0,70.0
train_unlabeled,P3_LIT01,896400,896400,0,0.0,0,0.0,0,0.0,15065.014423248549,3250.1284259363583,7969.0,19757.0,8286.0,12670.75,15630.0,17865.0,19415.42
train_unlabeled,P3_LL01,896400,896400,0,0.0,0,0.0,0,0.0,30.0,0.0,30.0,30.0,30.0,30.0,30.0,30.0,30.0
train_unlabeled,P3_PIT01,896400,896400,0,0.0,0,0.0,0,0.0,768.9702855867916,1301.9439782904271,16.0,4724.0,18.0,23.0,25.0,1010.0,4205.0
train_unlabeled,P4_HT_FD,896400,896400,0,0.0,0,0.0,29318,0.03270638107987506,-0.00019906599732262382,0.0020901434604624135,-0.02713,0.03262,-0.00687,-0.00036,-0.00022,7e-05,0.005239399999999878
train_unlabeled,P4_HT_PO,896400,896400,0,0.0,0,0.0,206,0.00022980812137438645,34.763848257005804,31.39706210601242,0.0,90.56714,0.01807,0.37979,31.5755,67.20197,79.51746
train_unlabeled,P4_HT_PS,896400,896400,0,0.0,0,0.0,0,0.0,4.192553876193664,2.31649583297335,0.07477,7.79898,0.07477,2.39959,4.40061,5.75609,7.79898
train_unlabeled,P4_LD,896400,896400,0,0.0,0,0.0,0,0.0,366.42081307202136,60.6433091017886,228.40717,499.1319,250.9727674,317.22003,364.80035,414.7406775,482.2448226
train_unlabeled,P4_ST_FD,896400,896400,0,0.0,0,0.0,14999,0.01673248549754574,-4.7839669790272196e-05,0.0016438320179089042,-0.02185,0.01006,-0.00405,-0.00109,-7e-05,0.00101,0.00398
train_unlabeled,P4_ST_GOV,896400,896400,0,0.0,0,0.0,0,0.0,18122.61867916109,1805.4962770874317,12760.0,26809.0,14011.58,17046.0,18073.0,19150.25,22783.21
train_unlabeled,P4_ST_LD,896400,896400,0,0.0,0,0.0,0,0.0,331.4861095289156,36.957548799163334,229.65497,497.4682,250.9184927,306.297,331.14508,354.6911,427.6425002999992
train_unlabeled,P4_ST_PO,896400,896400,0,0.0,0,0.0,0,0.0,331.7931687316934,33.47222705050925,231.55377,494.59271,255.7975227,312.04338,330.69299,350.73059,419.68044079999896
train_unlabeled,P4_ST_PS,896400,896400,0,0.0,0,0.0,0,0.0,15.38308132814592,8.856976678681887,1.13254,29.28165,1.13254,8.08544,15.28224,24.67119,29.28165
train_unlabeled,P4_ST_PT01,896400,896400,0,0.0,0,0.0,0,0.0,9973.489666443551,29.109093753605364,9804.0,10229.0,9909.0,9951.0,9970.0,9998.0,10044.0
train_unlabeled,P4_ST_TT01,896400,896400,0,0.0,0,0.0,0,0.0,27098.927878179384,128.22046302934422,26838.0,27471.0,26876.0,27006.0,27080.0,27174.0,27398.0
train_unlabeled,x1001_05_SETPOINT_OUT,896400,896400,0,0.0,0,0.0,0,0.0,0.13097948992637212,0.04132340515926291,0.05086,0.19995,0.05086,0.102,0.12971,0.16692,0.19764
train_unlabeled,x1001_15_ASSIGN_OUT,896400,896400,0,0.0,0,0.0,0,0.0,1.1156140547746543,0.10591851172949579,0.77841,1.59844,0.8742495,1.0455775,1.11293,1.1793,1.374344699999999
train_unlabeled,x1002_07_SETPOINT_OUT,896400,896400,0,0.0,0,0.0,0,0.0,346.1527200947791,27.339926943828875,302.3558,398.54944,302.3558,324.43817,340.57462,369.1832,397.96722
train_unlabeled,x1002_08_SETPOINT_OUT,896400,896400,0,0.0,0,0.0,0,0.0,999.651157012829,30.10492302737235,950.62006,1049.25671,950.62006,970.54089,1002.09198,1024.7749,1049.25671
train_unlabeled,x1003_10_SETPOINT_OUT,896400,896400,0,0.0,0,0.0,0,0.0,1535.7768735818609,1267.9194488135429,6.15698,3190.0,21.05352,90.57009,1302.23022,3040.97949,3172.7594525
train_unlabeled,x1003_18_SETPOINT_OUT,896400,896400,0,0.0,0,0.0,0,0.0,26.448377137684066,0.9214999677569431,25.13999,28.0,25.13999,25.38461,26.14558,27.24555,28.0
train_unlabeled,x1003_24_SUM_OUT,896400,896400,0,0.0,0,0.0,0,0.0,30.23049530031236,0.9783047674173371,27.95674,33.08534,28.3743476,29.3438275,30.189475,31.03529,32.1349292
test_all,P1_FCV01D,284400,284400,0,0.0,0,0.0,13436,0.047243319268635724,25.179170571343178,22.23545442285037,0.0,89.52925,0.0,5.27876,16.700445000000002,41.4408475,72.08779310000003
test_all,P1_FCV01Z,284400,284400,0,0.0,0,0.0,0,0.0,24.98145204943741,22.48980801022278,0.31433,90.14282,0.32959,4.85382,16.675565,41.52832,71.99249
test_all,P1_FCV02D,284400,284400,0,0.0,0,0.0,0,0.0,51.78510642208157,41.79400634419439,15.0,100.0,15.0,15.0,15.0,100.0,100.0
test_all,P1_FCV02Z,284400,284400,0,0.0,0,0.0,0,0.0,47.16822679103375,38.919443012433106,12.30011,97.61199,12.323,12.4527,24.659725,97.33733,97.5891
test_all,P1_FCV03D,284400,284400,0,0.0,0,0.0,0,0.0,52.977573535267226,2.2996059579054045,42.45292,71.54047,49.4640379,51.51294,52.529145,53.8364325,60.2092113
test_all,P1_FCV03Z,284400,284400,0,0.0,0,0.0,0,0.0,53.639034501511965,2.357242136449448,43.26019,72.73254,50.21057,52.10266,53.16314,54.57458,61.05957
test_all,P1_FT01,284400,284400,0,0.0,0,0.0,0,0.0,61.75555617345289,18.375017122974906,0.80104,498.23761,43.500889,56.11418,60.88255,65.84163,81.86336
test_all,P1_FT01Z,284400,284400,0,0.0,0,0.0,0,0.0,319.769456284564,64.3854275218565,4.17075,1424.05334,222.65125,291.1749,316.99512,342.8154,424.3784135000001
test_all,P1_FT02,284400,284400,0,0.0,0,0.0,0,0.0,811.5360978520043,941.3933054540433,3.08991,2513.92358,4.23427,5.56941,289.478285,1703.348175,2462.4498371
test_all,P1_FT02Z,284400,284400,0,0.0,0,0.0,0,0.0,1336.2340704064698,1220.0310375593117,16.08813,3190.0,22.04645,28.99807,1066.87549,2636.5459,3164.86684
test_all,P1_FT03,284400,284400,0,0.0,0,0.0,0,0.0,241.07190526782702,11.818964247431953,167.88483,292.62543,222.05353,232.35323,239.4104,249.13785,266.87619
test_all,P1_FT03Z,284400,284400,0,0.0,0,0.0,0,0.0,987.531302247222,25.088452513873737,821.7774,1080.26978,945.28204,968.76538,984.85571,1007.0343,1036.89819
test_all,P1_LCV01D,284400,284400,0,0.0,0,0.0,553,0.0019444444444444444,15.3593995604782,4.345821011630367,0.0,97.0,7.5878996999999995,13.4115875,15.26979,17.063865,22.204375700000003
test_all,P1_LCV01Z,284400,284400,0,0.0,0,0.0,0,0.0,15.235527103199718,4.265425702436375,0.29907,98.32915,7.3247494,13.3892025,15.14587,16.93115,22.05009720000001
test_all,P1_LIT01,284400,284400,0,0.0,0,0.0,0,0.0,360.0287917894515,29.004460919487457,171.35422,703.78827,309.0565896,337.72706,362.352645,380.89535,408.2878917
test_all,P1_PCV01D,284400,284400,0,0.0,0,0.0,29,0.0001019690576652602,27.603589645956404,3.4019200868430297,0.0,88.12645,21.994928700000003,25.874585,27.456125,29.05478,34.6984895
test_all,P1_PCV01Z,284400,284400,0,0.0,0,0.0,0,0.0,28.050651899894515,3.454341799340223,0.35248,89.77661,22.35565,26.2619,28.03192,29.4681575,35.232391400000004
test_all,P1_PCV02D,284400,284400,0,0.0,0,0.0,0,0.0,12.016801954184247,0.3845888832200285,12.0,25.0,12.0,12.0,12.0,12.0,12.0
test_all,P1_PCV02Z,284400,284400,0,0.0,0,0.0,0,0.0,11.85071322774262,0.3928166899502606,11.64398,25.26245,11.68976,11.79657,11.8042,11.91101,12.27722
test_all,P1_PIT01,284400,284400,0,0.0,0,0.0,0,0.0,1.0960526185654007,0.1260193473511933,-0.00595,2.04941,0.8201124,1.03317,1.10107,1.16688,1.3697288
test_all,P1_PIT01_HH,284400,284400,0,0.0,0,0.0,0,0.0,524320.0,0.0,524320.0,524320.0,524320.0,524320.0,524320.0,524320.0,524320.0
test_all,P1_PIT02,284400,284400,0,0.0,0,0.0,0,0.0,0.6355907991209563,0.36347913236996,0.31143,1.54129,0.3183,0.37399,0.40642,0.84854,1.50085
test_all,P1_PP01AD,284400,284400,0,0.0,0,0.0,284400,1.0,0.0,0.0,0.0,0.0,0.0,0.0,0.0,0.0,0.0
test_all,P1_PP01AR,284400,284400,0,0.0,0,0.0,284400,1.0,0.0,0.0,0.0,0.0,0.0,0.0,0.0,0.0,0.0
test_all,P1_PP01BD,284400,284400,0,0.0,0,0.0,0,0.0,1.0,0.0,1.0,1.0,1.0,1.0,1.0,1.0,1.0
test_all,P1_PP01BR,284400,284400,0,0.0,0,0.0,0,0.0,1.0,0.0,1.0,1.0,1.0,1.0,1.0,1.0,1.0
test_all,P1_PP02D,284400,284400,0,0.0,0,0.0,0,0.0,1.0,0.0,1.0,1.0,1.0,1.0,1.0,1.0,1.0
test_all,P1_PP02R,284400,284400,0,0.0,0,0.0,0,0.0,1.0,0.0,1.0,1.0,1.0,1.0,1.0,1.0,1.0
test_all,P1_PP04,284400,284400,0,0.0,0,0.0,60714,0.21348101265822786,22.71845351248242,17.122911631024877,0.0,45.0,0.0,2.1817075,32.130425,40.0,40.0
test_all,P1_PP04D,284400,284400,0,0.0,0,0.0,121668,0.42780590717299577,0.5721940928270042,0.4947614310768954,0.0,1.0,0.0,0.0,1.0,1.0,1.0
test_all,P1_PP04SP,284400,284400,0,0.0,0,0.0,0,0.0,27.741522091104077,0.2805286211703156,27.12753,27.91761,27.12753,27.48882,27.91761,27.91761,27.91761
test_all,P1_SOL01D,284400,284400,0,0.0,0,0.0,0,0.0,524320.0,0.0,524320.0,524320.0,524320.0,524320.0,524320.0,524320.0,524320.0
test_all,P1_SOL03D,284400,284400,0,0.0,0,0.0,0,0.0,524320.0,0.0,524320.0,524320.0,524320.0,524320.0,524320.0,524320.0,524320.0
test_all,P1_STSP,284400,284400,0,0.0,0,0.0,0,0.0,1.0,0.0,1.0,1.0,1.0,1.0,1.0,1.0,1.0
test_all,P1_TIT01,284400,284400,0,0.0,0,0.0,0,0.0,30.147650261005627,1.2903730129060498,27.83813,34.04846,28.09753,29.13513,29.92859,31.14929,33.08716
test_all,P1_TIT02,284400,284400,0,0.0,0,0.0,0,0.0,36.18531684395218,2.1561783779765653,32.53784,39.52636,32.64465,34.21631,36.02448,38.48876,39.35851
test_all,P1_TIT03,284400,284400,0,0.0,0,0.0,0,0.0,27.818824728129393,1.2235049686737007,25.60519,31.57687,25.81296,26.7565,27.76239,28.94955,30.21039
test_all,P2_24Vdc,284400,284400,0,0.0,0,0.0,0,0.0,28.033572504817162,0.0035122353634164227,28.01946,28.04899,28.02561,28.03085,28.03341,28.03601,28.04206
test_all,P2_ATSW_Lamp,284400,284400,0,0.0,0,0.0,41475,0.14583333333333334,0.8541666666666666,0.35293966937629057,0.0,1.0,0.0,1.0,1.0,1.0,1.0
test_all,P2_AutoGO,284400,284400,0,0.0,0,0.0,41475,0.14583333333333334,0.8541666666666666,0.35293966937629057,0.0,1.0,0.0,1.0,1.0,1.0,1.0
test_all,P2_AutoSD,284400,284400,0,0.0,0,0.0,115,0.0004043600562587904,115.72041046729957,8.994461607445869,0.0,129.69986,101.06113,106.79819,112.42458,123.74702,129.69986
test_all,P2_Emerg,284400,284400,0,0.0,0,0.0,284306,0.9996694796061885,0.000330520393811533,0.018177247092673876,0.0,1.0,0.0,0.0,0.0,0.0,0.0
test_all,P2_MASW,284400,284400,0,0.0,0,0.0,242925,0.8541666666666666,0.14583333333333334,0.35293966937629057,0.0,1.0,0.0,0.0,0.0,0.0,1.0
test_all,P2_MASW_Lamp,284400,284400,0,0.0,0,0.0,242925,0.8541666666666666,0.14583333333333334,0.35293966937629057,0.0,1.0,0.0,0.0,0.0,0.0,1.0
test_all,P2_ManualGO,284400,284400,0,0.0,0,0.0,242925,0.8541666666666666,0.14583333333333334,0.35293966937629057,0.0,1.0,0.0,0.0,0.0,0.0,1.0
test_all,P2_ManualSD,284400,284400,0,0.0,0,0.0,34602,0.12166666666666667,11.158876219901547,4.157283307882808,0.0,12.94872,0.0,12.441802500000001,12.62851,12.92742,12.94872
test_all,P2_OnOff,284400,284400,0,0.0,0,0.0,115,0.0004043600562587904,0.9995956399437412,0.02010467533769819,0.0,1.0,1.0,1.0,1.0,1.0,1.0
test_all,P2_RTR,284400,284400,0,0.0,0,0.0,0,0.0,2880.0,0.0,2880.0,2880.0,2880.0,2880.0,2880.0,2880.0,2880.0
test_all,P2_SCO,284400,284400,0,0.0,0,0.0,0,0.0,54690.86313994374,181.20410660963304,51648.0,55841.0,54232.0,54706.0,54738.0,54798.0,54832.0
test_all,P2_SCST,284400,284400,0,0.0,0,0.0,0,0.0,720.377383396695,0.25847905638991675,719.30902,721.23486,719.6866582,720.2483199999999,720.42145,720.543685,720.8426598000001
test_all,P2_SIT01,284400,284400,0,0.0,0,0.0,119,0.00041842475386779184,900.855123066104,37.026382741872716,0.0,1129.0,811.0,902.0,911.0,921.0,931.0
test_all,P2_TripEx,284400,284400,0,0.0,0,0.0,0,0.0,1.0,0.0,1.0,1.0,1.0,1.0,1.0,1.0,1.0
test_all,P2_VIBTR01,284400,284400,0,0.0,0,0.0,119,0.00041842475386779184,6.6489094363924055,0.4660609653779869,-77.27489,7.8867,5.857848,6.327475,6.6619,6.989275,7.408634
test_all,P2_VIBTR02,284400,284400,0,0.0,0,0.0,119,0.00041842475386779184,-3.344083450070323,0.4207393335674634,-79.8146,0.0,-4.051334,-3.6475750000000002,-3.34165,-3.036975,-2.5988830000000003
test_all,P2_VIBTR03,284400,284400,0,0.0,0,0.0,119,0.00041842475386779184,9.66515373030942,0.40609038764038125,-74.4678,10.4672,9.011497,9.462,9.66905,9.8799,10.301852
test_all,P2_VIBTR04,284400,284400,0,0.0,0,0.0,119,0.00041842475386779184,-1.371894131153305,0.33256149584835587,-79.0394,0.0,-1.9108260000000001,-1.567,-1.3792,-1.2017,-0.7001489999999997
test_all,P2_VT01,284400,284400,0,0.0,0,0.0,0,0.0,11.937955570639945,0.24726780039599022,2e-05,13.15863,11.852544400000001,11.90407,11.943335000000001,11.9848225,12.0276643
test_all,P2_VTR01,284400,284400,0,0.0,0,0.0,0,0.0,50.0,0.0,50.0,50.0,50.0,50.0,50.0,50.0,50.0
test_all,P2_VTR02,284400,284400,0,0.0,0,0.0,0,0.0,50.0,0.0,50.0,50.0,50.0,50.0,50.0,50.0,50.0
test_all,P2_VTR03,284400,284400,0,0.0,0,0.0,0,0.0,50.0,0.0,50.0,50.0,50.0,50.0,50.0,50.0,50.0
test_all,P2_VTR04,284400,284400,0,0.0,0,0.0,0,0.0,50.0,0.0,50.0,50.0,50.0,50.0,50.0,50.0,50.0
test_all,P3_FIT01,284400,284400,0,0.0,0,0.0,0,0.0,1084.2165154711674,1692.8621571710503,20.0,5453.0,22.0,27.0,39.0,1778.0,5289.26
test_all,P3_LCP01D,284400,284400,0,0.0,0,0.0,13202,0.04642053445850914,5132.374542897328,5142.51521013444,-8.0,13816.0,-8.0,168.0,3176.0,10040.0,13800.0
test_all,P3_LCV01D,284400,284400,0,0.0,0,0.0,2488,0.008748241912798875,7552.924275668073,6814.7343459231215,-176.0,17856.0,-160.0,64.0,7672.0,14576.0,17072.0
test_all,P3_LH01,284400,284400,0,0.0,0,0.0,0,0.0,70.0,0.0,70.0,70.0,70.0,70.0,70.0,70.0,70.0
test_all,P3_LIT01,284400,284400,0,0.0,0,0.0,0,0.0,15459.94426511955,3082.165359436016,8015.0,19726.0,8347.35,13259.75,16067.0,18105.5,19432.0
test_all,P3_LL01,284400,284400,0,0.0,0,0.0,0,0.0,30.0,0.0,30.0,30.0,30.0,30.0,30.0,30.0,30.0
test_all,P3_PIT01,284400,284400,0,0.0,0,0.0,0,0.0,783.0493319268636,1302.5487051898328,16.0,4516.0,17.0,22.0,24.0,1035.25,4170.52
test_all,P4_HT_FD,284400,284400,0,0.0,0,0.0,8678,0.030513361462728553,-0.0001902582630098453,0.0020934106147034574,-0.02792,0.02727,-0.00637,-0.00036,-0.00014,7e-05,0.0028291000000000076
test_all,P4_HT_PO,284400,284400,0,0.0,0,0.0,325,0.0011427566807313643,35.31416644637834,31.352180859956217,0.0,83.60455,0.01807,0.75955,36.178039999999996,67.81683,79.1219869
test_all,P4_HT_PS,284400,284400,0,0.0,0,0.0,0,0.0,4.368380622151899,2.3815657879272085,0.10037,7.94045,0.10037,3.63969,4.17313,5.77804,7.94045
test_all,P4_LD,284400,284400,0,0.0,0,0.0,0,0.0,365.52527830502817,61.19845758395067,231.82513,499.45746,249.3915015,316.3926975,365.930635,416.3773175,481.6764498
test_all,P4_ST_FD,284400,284400,0,0.0,0,0.0,4882,0.017165963431786217,-4.725995077355837e-05,0.0016491397807978257,-0.01548,0.0204,-0.00383,-0.00109,-7e-05,0.00101,0.00369
test_all,P4_ST_GOV,284400,284400,0,0.0,0,0.0,0,0.0,18056.74740506329,1747.600460270965,13050.0,26422.0,14025.09,17026.75,18101.0,19147.25,21953.730000000003
test_all,P4_ST_LD,284400,284400,0,0.0,0,0.0,0,0.0,330.0414909663503,35.94505176572242,231.68042,495.5874,249.2287202,305.73645,331.30786,354.32941,405.3960154
test_all,P4_ST_PO,284400,284400,0,0.0,0,0.0,0,0.0,330.3462657426864,32.31421718218214,236.49091,485.13452,255.6401752,311.41044750000003,330.81958,350.3553475,402.74070120000005
test_all,P4_ST_PS,284400,284400,0,0.0,0,0.0,0,0.0,13.713845654289731,9.920573381241958,0.84523,28.91504,0.84523,6.35276,15.09827,21.86811,28.91504
test_all,P4_ST_PT01,284400,284400,0,0.0,0,0.0,0,0.0,9968.273143459915,35.522806878223705,9666.0,10233.0,9886.0,9943.0,9970.0,9996.0,10051.0
test_all,P4_ST_TT01,284400,284400,0,0.0,0,0.0,0,0.0,27084.070952883263,124.75018547419396,26855.0,27466.0,26886.0,26985.0,27062.0,27181.0,27367.0
test_all,x1001_05_SETPOINT_OUT,284400,284400,0,0.0,0,0.0,0,0.0,0.11414281919831222,0.04038686200853048,0.05148,0.18069,0.05148,0.06822,0.12409,0.14842,0.18069
test_all,x1001_15_ASSIGN_OUT,284400,284400,0,0.0,0,0.0,0,0.0,1.0952049100914205,0.10222055139177078,0.75803,1.53839,0.8527999,1.029395,1.097215,1.1636525,1.3240771
test_all,x1002_07_SETPOINT_OUT,284400,284400,0,0.0,0,0.0,0,0.0,358.7822241210268,24.3729215149305,316.05908,398.63086,316.05908,336.58316,358.56918,382.32507,398.59204
test_all,x1002_08_SETPOINT_OUT,284400,284400,0,0.0,0,0.0,0,0.0,987.3760344803096,24.388305668437255,950.62006,1041.74158,951.08258,970.41528,983.1485,1004.79047,1031.71008
test_all,x1003_10_SETPOINT_OUT,284400,284400,0,0.0,0,0.0,0,0.0,1336.2209528427563,1220.0382638219637,16.08813,3190.0,22.04645,28.99807,1067.67285,2636.0927125000003,3164.22485
test_all,x1003_18_SETPOINT_OUT,284400,284400,0,0.0,0,0.0,0,0.0,26.098652689556964,0.7509170271771184,25.42054,27.95496,25.42054,25.42054,26.08518,26.71768,27.95496
test_all,x1003_24_SUM_OUT,284400,284400,0,0.0,0,0.0,0,0.0,29.86885673526723,0.8059258500252184,28.26818,32.46466,28.519602900000002,29.2261175,29.74142,30.4945825,31.9636176
test_normal,P1_FCV01D,273016,273016,0,0.0,0,0.0,13231,0.04846236118029713,25.05774608601694,21.994243409482216,0.0,89.52925,0.0,5.55601,16.80773,41.97928,70.64426999999998
test_normal,P1_FCV01Z,273016,273016,0,0.0,0,0.0,0,0.0,24.857754122945174,22.24495362902302,0.31433,90.14282,0.32959,5.09033,16.7099,41.97845,70.80231
test_normal,P1_FCV02D,273016,273016,0,0.0,0,0.0,0,0.0,51.55594394079468,41.75745113343167,15.0,100.0,15.0,15.0,15.0,100.0,100.0
test_normal,P1_FCV02Z,273016,273016,0,0.0,0,0.0,0,0.0,46.911976268057536,38.839694026077886,12.30011,97.61199,12.31537,12.4527,21.78345,97.32971,97.5891
test_normal,P1_FCV03D,273016,273016,0,0.0,0,0.0,0,0.0,52.97521608803146,2.222642592967995,46.90164,71.54047,49.688428,51.53949,52.46229,53.75737,60.153404
test_normal,P1_FCV03Z,273016,273016,0,0.0,0,0.0,0,0.0,53.63833626186744,2.2813117288654605,47.37244,72.73254,50.2182,52.10266,53.15551,54.3457,61.05957
test_normal,P1_FT01,273016,273016,0,0.0,0,0.0,0,0.0,61.28019043700735,10.453329561450529,0.80104,462.18872,45.81448,55.92348,60.69185,65.46022,82.05413
test_normal,P1_FT01Z,273016,273016,0,0.0,0,0.0,0,0.0,318.7131451806854,45.54531515997718,4.17075,1363.77954,238.14353799999998,291.1749,316.00223,340.82953,426.03676399999927
test_normal,P1_FT02,273016,273016,0,0.0,0,0.0,0,0.0,808.7487531276189,936.851211144985,3.08991,2506.10352,4.23427,5.76019,315.70435,1725.04419,2461.166358
test_normal,P1_FT02Z,273016,273016,0,0.0,0,0.0,0,0.0,1336.7533972680355,1214.8289423439107,16.08813,3190.0,22.04645,29.99137,1121.40894,2648.32861,3164.27485
test_normal,P1_FT03,273016,273016,0,0.0,0,0.0,0,0.0,241.0689941787295,11.668353879038605,205.84102,287.47559,222.05353,232.35323,239.4104,248.94714,266.11322
test_normal,P1_FT03Z,273016,273016,0,0.0,0,0.0,0,0.0,987.5543720321156,24.808702395285863,908.3175,1071.65918,945.28204,969.20013,984.85571,1006.59949,1035.94128
test_normal,P1_LCV01D,273016,273016,0,0.0,0,0.0,19,6.959299088698098e-05,15.303729558670554,3.2336142656030455,0.0,97.0,8.81019,13.46374,15.27311,17.06575,21.800953999999994
test_normal,P1_LCV01Z,273016,273016,0,0.0,0,0.0,0,0.0,15.178974385457261,3.1724949921841405,0.3067,98.32915,8.491513999999999,13.36822,15.14587,16.92352,21.79107
test_normal,P1_LIT01,273016,273016,0,0.0,0,0.0,0,0.0,359.5494671081914,25.77997412436074,171.35422,531.16632,310.320724,338.40439,363.50281,380.52475,405.59248599999995
test_normal,P1_PCV01D,273016,273016,0,0.0,0,0.0,0,0.0,27.47851948614733,2.4340642564331865,8.63829,58.51323,22.441174,25.81459,27.42093,28.97045,33.182444
test_normal,P1_PCV01Z,273016,273016,0,0.0,0,0.0,0,0.0,27.924545645749703,2.463870617608732,5.79224,59.23614,22.69897,26.25427,27.90985,29.45862,33.673092
test_normal,P1_PCV02D,273016,273016,0,0.0,0,0.0,0,0.0,12.001148281749053,0.06264724879954493,12.0,19.38511,12.0,12.0,12.0,12.0,12.0
test_normal,P1_PCV02Z,273016,273016,0,0.0,0,0.0,0,0.0,11.835036330544732,0.10886465060134629,11.64398,20.15838,11.68976,11.79657,11.8042,11.91101,12.04071
test_normal,P1_PIT01,273016,273016,0,0.0,0,0.0,0,0.0,1.094585632636915,0.10750039023534963,0.02304,2.04865,0.83405,1.03165,1.09955,1.16516,1.3165279999999997
test_normal,P1_PIT01_HH,273016,273016,0,0.0,0,0.0,0,0.0,524320.0,0.0,524320.0,524320.0,524320.0,524320.0,524320.0,524320.0,524320.0
test_normal,P1_PIT02,273016,273016,0,0.0,0,0.0,0,0.0,0.6401794457833971,0.3653209322912554,0.31143,1.54129,0.3183,0.37552,0.4213,0.85464,1.51154
test_normal,P1_PP01AD,273016,273016,0,0.0,0,0.0,273016,1.0,0.0,0.0,0.0,0.0,0.0,0.0,0.0,0.0,0.0
test_normal,P1_PP01AR,273016,273016,0,0.0,0,0.0,273016,1.0,0.0,0.0,0.0,0.0,0.0,0.0,0.0,0.0,0.0
test_normal,P1_PP01BD,273016,273016,0,0.0,0,0.0,0,0.0,1.0,0.0,1.0,1.0,1.0,1.0,1.0,1.0,1.0
test_normal,P1_PP01BR,273016,273016,0,0.0,0,0.0,0,0.0,1.0,0.0,1.0,1.0,1.0,1.0,1.0,1.0,1.0
test_normal,P1_PP02D,273016,273016,0,0.0,0,0.0,0,0.0,1.0,0.0,1.0,1.0,1.0,1.0,1.0,1.0,1.0
test_normal,P1_PP02R,273016,273016,0,0.0,0,0.0,0,0.0,1.0,0.0,1.0,1.0,1.0,1.0,1.0,1.0,1.0
test_normal,P1_PP04,273016,273016,0,0.0,0,0.0,57490,0.21057373926802825,22.91884510625751,17.093697227014204,0.0,45.0,0.0,1.64936,32.22825,40.0,40.0
test_normal,P1_PP04D,273016,273016,0,0.0,0,0.0,115059,0.42143683886658656,0.5785631611334133,0.4937901607017779,0.0,1.0,0.0,0.0,1.0,1.0,1.0
test_normal,P1_PP04SP,273016,273016,0,0.0,0,0.0,0,0.0,27.74100306450904,0.28175892375293055,27.12753,27.91761,27.12753,27.48882,27.91761,27.91761,27.91761
test_normal,P1_SOL01D,273016,273016,0,0.0,0,0.0,0,0.0,524320.0,0.0,524320.0,524320.0,524320.0,524320.0,524320.0,524320.0,524320.0
test_normal,P1_SOL03D,273016,273016,0,0.0,0,0.0,0,0.0,524320.0,0.0,524320.0,524320.0,524320.0,524320.0,524320.0,524320.0,524320.0
test_normal,P1_STSP,273016,273016,0,0.0,0,0.0,0,0.0,1.0,0.0,1.0,1.0,1.0,1.0,1.0,1.0,1.0
test_normal,P1_TIT01,273016,273016,0,0.0,0,0.0,0,0.0,30.118774756973956,1.2833194000694492,27.83813,34.04846,28.09753,29.05884,29.85229,31.11877,32.91015399999999
test_normal,P1_TIT02,273016,273016,0,0.0,0,0.0,0,0.0,36.16180090141236,2.16772213563722,32.53784,39.52636,32.6538,34.14001,35.81847,38.47351,39.34326
test_normal,P1_TIT03,273016,273016,0,0.0,0,0.0,0,0.0,27.808579002512666,1.2250482288570732,25.60519,31.57687,25.68353,26.69235,27.67157,28.88745,30.19678
test_normal,P2_24Vdc,273016,273016,0,0.0,0,0.0,0,0.0,28.0335683516717,0.0035141369219752073,28.01946,28.04899,28.02561,28.03084,28.03341,28.03601,28.04206
test_normal,P2_ATSW_Lamp,273016,273016,0,0.0,0,0.0,40532,0.1484601635069007,0.8515398364930993,0.3555561930397861,0.0,1.0,0.0,1.0,1.0,1.0,1.0
test_normal,P2_AutoGO,273016,273016,0,0.0,0,0.0,40532,0.1484601635069007,0.8515398364930993,0.3555561930397861,0.0,1.0,0.0,1.0,1.0,1.0,1.0
test_normal,P2_AutoSD,273016,273016,0,0.0,0,0.0,0,0.0,115.73825233195123,8.693667852777708,101.06113,129.69986,101.06113,106.79819,112.42458,123.74702,129.69986
test_normal,P2_Emerg,273016,273016,0,0.0,0,0.0,273016,1.0,0.0,0.0,0.0,0.0,0.0,0.0,0.0,0.0,0.0
test_normal,P2_MASW,273016,273016,0,0.0,0,0.0,232484,0.8515398364930993,0.1484601635069007,0.3555561930397861,0.0,1.0,0.0,0.0,0.0,0.0,1.0
test_normal,P2_MASW_Lamp,273016,273016,0,0.0,0,0.0,232484,0.8515398364930993,0.1484601635069007,0.3555561930397861,0.0,1.0,0.0,0.0,0.0,0.0,1.0
test_normal,P2_ManualGO,273016,273016,0,0.0,0,0.0,232484,0.8515398364930993,0.1484601635069007,0.3555561930397861,0.0,1.0,0.0,0.0,0.0,0.0,1.0
test_normal,P2_ManualSD,273016,273016,0,0.0,0,0.0,31493,0.115352213789668,11.237488722638966,4.062144298615606,0.0,12.94872,0.0,12.45193,12.62851,12.92742,12.94872
test_normal,P2_OnOff,273016,273016,0,0.0,0,0.0,0,0.0,1.0,0.0,1.0,1.0,1.0,1.0,1.0,1.0,1.0
test_normal,P2_RTR,273016,273016,0,0.0,0,0.0,0,0.0,2880.0,0.0,2880.0,2880.0,2880.0,2880.0,2880.0,2880.0,2880.0
test_normal,P2_SCO,273016,273016,0,0.0,0,0.0,0,0.0,54690.48956471416,168.22860871040172,53384.0,54835.0,54232.0,54706.0,54738.0,54798.0,54832.0
test_normal,P2_SCST,273016,273016,0,0.0,0,0.0,0,0.0,720.3790370367669,0.25857800611444987,719.30902,721.23486,719.714404,720.25159,720.42114,720.55182,720.871216
test_normal,P2_SIT01,273016,273016,0,0.0,0,0.0,0,0.0,900.9875062267413,31.905009507061088,621.0,944.0,811.0,902.0,911.0,921.0,931.0
test_normal,P2_TripEx,273016,273016,0,0.0,0,0.0,0,0.0,1.0,0.0,1.0,1.0,1.0,1.0,1.0,1.0,1.0
test_normal,P2_VIBTR01,273016,273016,0,0.0,0,0.0,0,0.0,6.651137857854486,0.3917081372969873,5.4977,7.5611,5.89622,6.3231,6.6593,6.9831,7.404539999999999
test_normal,P2_VIBTR02,273016,273016,0,0.0,0,0.0,0,0.0,-3.3453805077358103,0.3669684191838182,-4.2253,-2.2373,-4.02782,-3.6482,-3.3322,-3.0321,-2.5893200000000007
test_normal,P2_VIBTR03,273016,273016,0,0.0,0,0.0,0,0.0,9.66813488330354,0.283404820953821,8.5085,10.4672,9.05426,9.4601,9.6609,9.868,10.3074
test_normal,P2_VIBTR04,273016,273016,0,0.0,0,0.0,0,0.0,-1.3722212229319894,0.26669348703616286,-2.129,-0.2239,-1.9014,-1.5707,-1.3818,-1.2084,-0.6815200000000002
test_normal,P2_VT01,273016,273016,0,0.0,0,0.0,0,0.0,11.942794217152109,0.04632504635042293,11.79373,12.04254,11.856233999999999,11.90316,11.94253,11.98408,12.026548
test_normal,P2_VTR01,273016,273016,0,0.0,0,0.0,0,0.0,50.0,0.0,50.0,50.0,50.0,50.0,50.0,50.0,50.0
test_normal,P2_VTR02,273016,273016,0,0.0,0,0.0,0,0.0,50.0,0.0,50.0,50.0,50.0,50.0,50.0,50.0,50.0
test_normal,P2_VTR03,273016,273016,0,0.0,0,0.0,0,0.0,50.0,0.0,50.0,50.0,50.0,50.0,50.0,50.0,50.0
test_normal,P2_VTR04,273016,273016,0,0.0,0,0.0,0,0.0,50.0,0.0,50.0,50.0,50.0,50.0,50.0,50.0,50.0
test_normal,P3_FIT01,273016,273016,0,0.0,0,0.0,0,0.0,1082.5273317314736,1689.927585499505,20.0,5453.0,22.0,27.0,36.0,1767.0,5256.0
test_normal,P3_LCP01D,273016,273016,0,0.0,0,0.0,12660,0.04637090866469364,5135.967972573037,5146.235949052096,-8.0,13816.0,-8.0,152.0,3248.0,9912.0,13800.0
test_normal,P3_LCV01D,273016,273016,0,0.0,0,0.0,2385,0.008735751750813139,7549.512233715241,6818.7811603463215,-176.0,17856.0,-160.0,48.0,7712.0,14544.0,17100.79999999999
test_normal,P3_LH01,273016,273016,0,0.0,0,0.0,0,0.0,70.0,0.0,70.0,70.0,70.0,70.0,70.0,70.0,70.0
test_normal,P3_LIT01,273016,273016,0,0.0,0,0.0,0,0.0,15428.83028467196,3082.4573678432216,8015.0,19726.0,8330.2,13520.0,16238.0,18124.0,19421.4
test_normal,P3_LL01,273016,273016,0,0.0,0,0.0,0,0.0,30.0,0.0,30.0,30.0,30.0,30.0,30.0,30.0,30.0
test_normal,P3_PIT01,273016,273016,0,0.0,0,0.0,0,0.0,786.5425213174319,1306.779166023429,16.0,4516.0,17.0,22.0,24.0,995.0,4172.0
test_normal,P4_HT_FD,273016,273016,0,0.0,0,0.0,8147,0.029840741934538634,-0.00019087068157177604,0.0020875013189914295,-0.02228,0.02727,-0.006398,-0.00036,-0.00014,7e-05,0.007579999999999945
test_normal,P4_HT_PO,273016,273016,0,0.0,0,0.0,323,0.0011830808450786767,35.298769948427925,31.36947209485308,0.0,82.66418,0.01807,0.68719,36.47644,67.58173,79.33667
test_normal,P4_HT_PS,273016,273016,0,0.0,0,0.0,0,0.0,4.3635999230814315,2.3793907612956007,0.10037,7.94045,0.10037,3.63969,4.17313,5.77804,7.94045
test_normal,P4_LD,273016,273016,0,0.0,0,0.0,0,0.0,365.5500692726067,61.271227252003285,231.82513,499.45746,251.902504,316.98492,364.81848,415.12946,479.8574739999999
test_normal,P4_ST_FD,273016,273016,0,0.0,0,0.0,4681,0.017145515281155682,-4.6349591232748245e-05,0.0016482325857310927,-0.01548,0.0204,-0.00405,-0.00109,0.0,0.00101,0.00391
test_normal,P4_ST_GOV,273016,273016,0,0.0,0,0.0,0,0.0,18058.99160122484,1749.0884308896443,13050.0,26422.0,14084.8,17033.0,18075.0,19159.0,22013.399999999994
test_normal,P4_ST_LD,273016,273016,0,0.0,0,0.0,0,0.0,330.07830847565714,35.986164569316145,231.68042,495.5874,251.685474,305.71832,330.96429,354.3656,405.8196159999998
test_normal,P4_ST_PO,273016,273016,0,0.0,0,0.0,0,0.0,330.36613008124056,32.3482830896783,236.49091,485.13452,256.79614,311.2522,330.38556,350.44128,404.177542
test_normal,P4_ST_PS,273016,273016,0,0.0,0,0.0,0,0.0,13.583244779243705,9.902842220572968,0.84523,28.91504,0.84523,6.35276,15.09827,20.16145,28.91504
test_normal,P4_ST_PT01,273016,273016,0,0.0,0,0.0,0,0.0,9967.87478389545,30.572166918866134,9666.0,10233.0,9886.0,9943.0,9970.0,9996.0,10025.0
test_normal,P4_ST_TT01,273016,273016,0,0.0,0,0.0,0,0.0,27081.284466844434,124.06910366253727,26855.0,27466.0,26885.0,26977.0,27055.0,27178.0,27353.4
test_normal,x1001_05_SETPOINT_OUT,273016,273016,0,0.0,0,0.0,0,0.0,0.11382417451724441,0.04068002812526882,0.05148,0.18069,0.05148,0.06822,0.11989,0.14842,0.18069
test_normal,x1001_15_ASSIGN_OUT,273016,273016,0,0.0,0,0.0,0,0.0,1.0950005724939198,0.10245431868042397,0.75803,1.53839,0.853944,1.02652,1.09358,1.16301,1.3290119999999999
test_normal,x1002_07_SETPOINT_OUT,273016,273016,0,0.0,0,0.0,0,0.0,358.9217928888782,24.473369079800012,316.05908,398.63086,316.05908,336.58316,363.92642,382.32507,398.59204
test_normal,x1002_08_SETPOINT_OUT,273016,273016,0,0.0,0,0.0,0,0.0,987.5263694134776,24.4369149682459,950.62006,1041.74158,951.08258,970.41528,983.1485,1004.79047,1031.71008
test_normal,x1003_10_SETPOINT_OUT,273016,273016,0,0.0,0,0.0,0,0.0,1336.7265331772132,1214.8312150122256,16.08813,3190.0,22.04645,29.99137,1119.49548,2646.51587,3163.52412
test_normal,x1003_18_SETPOINT_OUT,273016,273016,0,0.0,0,0.0,0,0.0,26.08349527511208,0.7371711196005932,25.42054,27.95496,25.42054,25.42054,26.08518,26.71768,27.95496
test_normal,x1003_24_SUM_OUT,273016,273016,0,0.0,0,0.0,0,0.0,29.85408686348053,0.7931504490108893,28.26818,32.46466,28.535818,29.21118,29.70646,30.46635,31.905662
test_anomaly,P1_FCV01D,11384,11384,0,0.0,0,0.0,205,0.018007730147575545,28.091224971011947,27.23062814494837,0.0,89.32925,0.0,5.0275175,15.33039,51.71669,80.0050253
test_anomaly,P1_FCV01Z,11384,11384,0,0.0,0,0.0,0,0.0,27.948029096099795,27.556873728232567,0.32196,88.76953,0.33722,4.62494,15.19928,52.0874,80.6137
test_anomaly,P1_FCV02D,11384,11384,0,0.0,0,0.0,0,0.0,57.280979927969085,42.292787511405926,15.0,100.0,15.0,15.0,40.70948,100.0,100.0
test_anomaly,P1_FCV02Z,11384,11384,0,0.0,0,0.0,0,0.0,53.31373740073788,40.3019011578158,12.30774,97.59674,12.323,12.68158,38.396455,97.34497,97.5891
test_anomaly,P1_FCV03D,11384,11384,0,0.0,0,0.0,0,0.0,53.03411085207309,3.6922959380488187,42.45292,70.84294,44.0202875,51.4084125,52.64132,54.8850075,65.3892575
test_anomaly,P1_FCV03Z,11384,11384,0,0.0,0,0.0,0,0.0,53.65577998594519,3.742229912033207,43.26019,71.19904,44.348604099999996,52.10266,53.27759,55.40619,66.01105
test_anomaly,P1_FT01,11384,11384,0,0.0,0,0.0,0,0.0,73.1559823770204,75.36297920021914,0.80104,498.23761,0.99182,53.06242,61.26403,69.46564,483.55099
test_anomaly,P1_FT01Z,11384,11384,0,0.0,0,0.0,0,0.0,345.10236495783556,230.54641485080683,4.17075,1424.05334,5.16405,276.27835,318.98138,361.68442,1399.49731
test_anomaly,P1_FT02,11384,11384,0,0.0,0,0.0,0,0.0,878.3834017234715,1042.2375866737716,3.47139,2513.92358,4.04357,5.18801,149.9557,2240.8865975,2475.77661
test_anomaly,P1_FT02Z,11384,11384,0,0.0,0,0.0,0,0.0,1323.7793495317992,1338.7460178586555,18.07437,3190.0,21.05352,27.01222,782.63855,3010.870425,3174.10938
test_anomaly,P1_FT03,11384,11384,0,0.0,0,0.0,0,0.0,241.14172026264936,14.984609157658495,167.88483,292.62543,212.8658208,230.25513,238.07526,250.28227,276.0638909
test_anomaly,P1_FT03Z,11384,11384,0,0.0,0,0.0,0,0.0,986.9780327117005,31.047696128179382,821.7774,1080.26978,924.3340802,963.98169,981.81158,1009.47198,1052.52466
test_anomaly,P1_LCV01D,11384,11384,0,0.0,0,0.0,534,0.04690794096978215,16.69450156447646,14.80598967221022,0.0,97.0,0.0,11.4039875,15.023925,17.721719999999998,91.9668558
test_anomaly,P1_LCV01Z,11384,11384,0,0.0,0,0.0,0,0.0,16.59179878162333,14.53450637215162,0.29907,98.10027,0.32196,11.34644,15.03143,17.52624,91.7922114
test_anomaly,P1_LIT01,11384,11384,0,0.0,0,0.0,0,0.0,371.5241631157765,70.28912176881178,182.50577,703.78827,228.0679351,337.73984,359.10672,377.66217,674.3076005000001
test_anomaly,P1_PCV01D,11384,11384,0,0.0,0,0.0,29,0.0025474349964862966,30.60307618411806,11.733488549698562,0.0,88.12645,1.2631324999999998,25.696355,28.012535,32.058655,77.3495955
test_anomaly,P1_PCV01Z,11384,11384,0,0.0,0,0.0,0,0.0,31.074986499472946,11.958143884523317,0.35248,89.77661,0.383,26.13983,28.35998,32.2071075,78.66866610000001
test_anomaly,P1_PCV02D,11384,11384,0,0.0,0,0.0,0,0.0,12.392215080815179,1.8586211471375553,12.0,25.0,12.0,12.0,12.0,12.0,24.1789628
test_anomaly,P1_PCV02Z,11384,11384,0,0.0,0,0.0,0,0.0,12.22668334065355,1.8503311798362343,11.68213,25.26245,11.68976,11.79657,11.8042,11.91864,23.72894
test_anomaly,P1_PIT01,11384,11384,0,0.0,0,0.0,0,0.0,1.1312345080815178,0.34396881363230597,-0.00595,2.04941,0.1014908,1.01105,1.11785,1.22009,2.03415
test_anomaly,P1_PIT01_HH,11384,11384,0,0.0,0,0.0,0,0.0,524320.0,0.0,524320.0,524320.0,524320.0,524320.0,524320.0,524320.0,524320.0
test_anomaly,P1_PIT02,11384,11384,0,0.0,0,0.0,0,0.0,0.525543894940267,0.29549597116639115,0.31448,1.52832,0.3183,0.36942,0.37704,0.54489,1.47797
test_anomaly,P1_PP01AD,11384,11384,0,0.0,0,0.0,11384,1.0,0.0,0.0,0.0,0.0,0.0,0.0,0.0,0.0,0.0
test_anomaly,P1_PP01AR,11384,11384,0,0.0,0,0.0,11384,1.0,0.0,0.0,0.0,0.0,0.0,0.0,0.0,0.0,0.0
test_anomaly,P1_PP01BD,11384,11384,0,0.0,0,0.0,0,0.0,1.0,0.0,1.0,1.0,1.0,1.0,1.0,1.0,1.0
test_anomaly,P1_PP01BR,11384,11384,0,0.0,0,0.0,0,0.0,1.0,0.0,1.0,1.0,1.0,1.0,1.0,1.0,1.0
test_anomaly,P1_PP02D,11384,11384,0,0.0,0,0.0,0,0.0,1.0,0.0,1.0,1.0,1.0,1.0,1.0,1.0,1.0
test_anomaly,P1_PP02R,11384,11384,0,0.0,0,0.0,0,0.0,1.0,0.0,1.0,1.0,1.0,1.0,1.0,1.0,1.0
test_anomaly,P1_PP04,11384,11384,0,0.0,0,0.0,3224,0.2832044975404076,17.91257584504568,17.12114228430011,0.0,45.0,0.0,0.0,12.522775,37.8125325,42.789188200000005
test_anomaly,P1_PP04D,11384,11384,0,0.0,0,0.0,6609,0.5805516514406184,0.41944834855938157,0.49349044975890505,0.0,1.0,0.0,0.0,0.0,1.0,1.0
test_anomaly,P1_PP04SP,11384,11384,0,0.0,0,0.0,0,0.0,27.75396961085735,0.24889706811380066,27.12753,27.91761,27.12753,27.48882,27.91761,27.91761,27.91761
test_anomaly,P1_SOL01D,11384,11384,0,0.0,0,0.0,0,0.0,524320.0,0.0,524320.0,524320.0,524320.0,524320.0,524320.0,524320.0,524320.0
test_anomaly,P1_SOL03D,11384,11384,0,0.0,0,0.0,0,0.0,524320.0,0.0,524320.0,524320.0,524320.0,524320.0,524320.0,524320.0,524320.0
test_anomaly,P1_STSP,11384,11384,0,0.0,0,0.0,0,0.0,1.0,0.0,1.0,1.0,1.0,1.0,1.0,1.0,1.0
test_anomaly,P1_TIT01,11384,11384,0,0.0,0,0.0,0,0.0,30.840155057976105,1.2653122999942474,28.05176,33.95691,28.58581,29.74548,30.9967,31.65283,33.71276
test_anomaly,P1_TIT02,11384,11384,0,0.0,0,0.0,0,0.0,36.7492863246662,1.7666350425474522,32.70569,39.45007,33.16345,35.20813,36.90186,38.53455,39.20592
test_anomaly,P1_TIT03,11384,11384,0,0.0,0,0.0,0,0.0,28.06454214072382,1.1591222704254356,25.88461,31.01306,26.03415,27.10025,27.9761,29.06488,31.01306
test_anomaly,P2_24Vdc,11384,11384,0,0.0,0,0.0,0,0.0,28.03367210734364,0.0034649802414827373,28.02125,28.04818,28.02561,28.03162,28.03341,28.03601,28.04206
test_anomaly,P2_ATSW_Lamp,11384,11384,0,0.0,0,0.0,943,0.08283555867884751,0.9171644413211525,0.2756456116485545,0.0,1.0,0.0,1.0,1.0,1.0,1.0
test_anomaly,P2_AutoGO,11384,11384,0,0.0,0,0.0,943,0.08283555867884751,0.9171644413211525,0.2756456116485545,0.0,1.0,0.0,1.0,1.0,1.0,1.0
test_anomaly,P2_AutoSD,11384,11384,0,0.0,0,0.0,115,0.010101897399859451,115.29251917076597,14.433484222028241,0.0,129.69986,0.0,111.01037,112.0,123.74702,129.69986
test_anomaly,P2_Emerg,11384,11384,0,0.0,0,0.0,11290,0.991742796907941,0.00825720309205903,0.0904971883386046,0.0,1.0,0.0,0.0,0.0,0.0,0.0
test_anomaly,P2_MASW,11384,11384,0,0.0,0,0.0,10441,0.9171644413211525,0.08283555867884751,0.2756456116485545,0.0,1.0,0.0,0.0,0.0,0.0,1.0
test_anomaly,P2_MASW_Lamp,11384,11384,0,0.0,0,0.0,10441,0.9171644413211525,0.08283555867884751,0.2756456116485545,0.0,1.0,0.0,0.0,0.0,0.0,1.0
test_anomaly,P2_ManualGO,11384,11384,0,0.0,0,0.0,10441,0.9171644413211525,0.08283555867884751,0.2756456116485545,0.0,1.0,0.0,0.0,0.0,0.0,1.0
test_anomaly,P2_ManualSD,11384,11384,0,0.0,0,0.0,3109,0.27310260014054816,9.273557259311316,5.686573447106268,0.0,12.94872,0.0,0.0,12.65975,12.92742,12.94872
test_anomaly,P2_OnOff,11384,11384,0,0.0,0,0.0,115,0.010101897399859451,0.9898981026001406,0.10000363772660296,0.0,1.0,0.0,1.0,1.0,1.0,1.0
test_anomaly,P2_RTR,11384,11384,0,0.0,0,0.0,0,0.0,2880.0,0.0,2880.0,2880.0,2880.0,2880.0,2880.0,2880.0,2880.0
test_anomaly,P2_SCO,11384,11384,0,0.0,0,0.0,0,0.0,54699.822382290935,376.16646737789563,51648.0,55841.0,51648.0,54712.0,54739.0,54801.0,55585.01
test_anomaly,P2_SCST,11384,11384,0,0.0,0,0.0,0,0.0,720.3377250869642,0.2528866896944653,719.47699,721.03021,719.71381,720.17755,720.3840299999999,720.51544,720.8490233
test_anomaly,P2_SIT01,11384,11384,0,0.0,0,0.0,119,0.01045326774420239,897.6802529866479,99.1344763066397,0.0,1129.0,0.0,905.0,912.0,922.0,933.0
test_anomaly,P2_TripEx,11384,11384,0,0.0,0,0.0,0,0.0,1.0,0.0,1.0,1.0,1.0,1.0,1.0,1.0,1.0
test_anomaly,P2_VIBTR01,11384,11384,0,0.0,0,0.0,119,0.01045326774420239,6.595466471363317,1.320577940876225,-77.27489,7.8867,0.0,6.340075,6.6767,7.005875,7.3899
test_anomaly,P2_VIBTR02,11384,11384,0,0.0,0,0.0,119,0.01045326774420239,-3.312976853478566,1.091745784649602,-79.8146,0.0,-3.940417,-3.6427,-3.3369,-3.0286500000000003,0.0
test_anomaly,P2_VIBTR03,11384,11384,0,0.0,0,0.0,119,0.01045326774420239,9.593658432888263,1.4793478313775268,-74.4678,10.4368,0.0,9.5147,9.705449999999999,9.8908,10.25421
test_anomaly,P2_VIBTR04,11384,11384,0,0.0,0,0.0,119,0.01045326774420239,-1.3640496749824313,1.0282269066338685,-79.0394,0.0,-1.775685,-1.5470249999999999,-1.37135,-1.2206,0.0
test_anomaly,P2_VT01,11384,11384,0,0.0,0,0.0,0,0.0,11.821913062192552,1.209168858264235,2e-05,13.15863,2e-05,11.9052075,11.94324,11.98532,12.0287589
test_anomaly,P2_VTR01,11384,11384,0,0.0,0,0.0,0,0.0,50.0,0.0,50.0,50.0,50.0,50.0,50.0,50.0,50.0
test_anomaly,P2_VTR02,11384,11384,0,0.0,0,0.0,0,0.0,50.0,0.0,50.0,50.0,50.0,50.0,50.0,50.0,50.0
test_anomaly,P2_VTR03,11384,11384,0,0.0,0,0.0,0,0.0,50.0,0.0,50.0,50.0,50.0,50.0,50.0,50.0,50.0
test_anomaly,P2_VTR04,11384,11384,0,0.0,0,0.0,0,0.0,50.0,0.0,50.0,50.0,50.0,50.0,50.0,50.0,50.0
test_anomaly,P3_FIT01,11384,11384,0,0.0,0,0.0,0,0.0,1124.7272487702037,1761.3684786318854,21.0,5409.0,21.0,27.0,34.0,1791.0,5284.0
test_anomaly,P3_LCP01D,11384,11384,0,0.0,0,0.0,542,0.047610681658468025,5046.195361911455,5051.918627266869,-8.0,13816.0,-8.0,192.0,3200.0,10066.0,13768.0
test_anomaly,P3_LCV01D,11384,11384,0,0.0,0,0.0,103,0.00904778636683064,7634.75333801827,6716.727681221385,-176.0,17568.0,-160.0,108.0,8000.0,14304.0,17104.0
test_anomaly,P3_LH01,11384,11384,0,0.0,0,0.0,0,0.0,70.0,0.0,70.0,70.0,70.0,70.0,70.0,70.0,70.0
test_anomaly,P3_LIT01,11384,11384,0,0.0,0,0.0,0,0.0,16206.133169360506,2979.4860608909416,8051.0,19699.0,8331.0,14919.5,17164.0,18524.25,19492.0
test_anomaly,P3_LL01,11384,11384,0,0.0,0,0.0,0,0.0,30.0,0.0,30.0,30.0,30.0,30.0,30.0,30.0,30.0
test_anomaly,P3_PIT01,11384,11384,0,0.0,0,0.0,0,0.0,699.2741567111736,1193.614022760124,17.0,4363.0,17.0,22.0,24.0,999.0,4118.17
test_anomaly,P4_HT_FD,11384,11384,0,0.0,0,0.0,531,0.046644413211524946,-0.0001755709768095573,0.0022304918678336784,-0.02792,0.02655,-0.007031900000000001,-0.00036,-0.00014,7e-05,0.005723600000000006
test_anomaly,P4_HT_PO,11384,11384,0,0.0,0,0.0,2,0.00017568517217146873,35.68341190354884,30.93366428545057,0.0,83.60455,0.01807,0.88614,37.263095,66.48313999999999,79.22815
test_anomaly,P4_HT_PS,11384,11384,0,0.0,0,0.0,0,0.0,4.483033410049192,2.430436842994351,0.10037,7.94045,0.10037,3.63969,4.17313,5.77804,7.94045
test_anomaly,P4_LD,11384,11384,0,0.0,0,0.0,0,0.0,364.93073062368234,59.42609420370694,242.25989,493.56195,254.2887618,316.06717000000003,364.69183,411.2594,481.4183442
test_anomaly,P4_ST_FD,11384,11384,0,0.0,0,0.0,201,0.01765635980323261,-6.909258608573437e-05,0.0016706736608639802,-0.00854,0.00832,-0.00405,-0.00109,-7e-05,0.00101,0.00405
test_anomaly,P4_ST_GOV,11384,11384,0,0.0,0,0.0,0,0.0,18002.926124385103,1710.7213413538118,13518.0,25677.0,14285.81,16970.0,17939.0,18993.0,21964.510000000002
test_anomaly,P4_ST_LD,11384,11384,0,0.0,0,0.0,0,0.0,329.1585175720309,34.93449527446475,242.09711,479.23901,253.96051,306.02576,327.05804,352.37628,404.5296149
test_anomaly,P4_ST_PO,11384,11384,0,0.0,0,0.0,0,0.0,329.869870604357,31.48382600551923,247.48621,471.57123,260.88684,311.16174,328.03461,347.81903,402.28949
test_anomaly,P4_ST_PS,11384,11384,0,0.0,0,0.0,0,0.0,16.845972191672523,9.830391439066286,0.84523,28.91504,0.84523,6.35276,20.16145,27.49363,28.91504
test_anomaly,P4_ST_PT01,11384,11384,0,0.0,0,0.0,0,0.0,9977.826774420239,94.94685206728654,9666.0,10226.0,9693.0,9943.0,9970.0,9998.0,10221.0
test_anomaly,P4_ST_TT01,11384,11384,0,0.0,0,0.0,0,0.0,27150.897663387208,122.37688604567654,26879.0,27453.0,26933.0,27045.0,27166.0,27228.0,27428.34
test_anomaly,x1001_05_SETPOINT_OUT,11384,11384,0,0.0,0,0.0,0,0.0,0.12178469342937456,0.031628899258807956,0.05148,0.16693,0.05148,0.10877,0.13257,0.14169,0.16693
test_anomaly,x1001_15_ASSIGN_OUT,11384,11384,0,0.0,0,0.0,0,0.0,1.100105422522839,0.09631912343466545,0.81844,1.5242,0.8684462,1.04144,1.09859,1.159905,1.3285267
test_anomaly,x1002_07_SETPOINT_OUT,11384,11384,0,0.0,0,0.0,0,0.0,355.43502570888967,21.557830913809912,316.05908,398.59204,316.05908,336.58316,351.31775,368.48166,398.59204
test_anomaly,x1002_08_SETPOINT_OUT,11384,11384,0,0.0,0,0.0,0,0.0,983.7706372461349,22.899254999250896,951.08258,1031.71008,951.08258,970.41528,983.1485,1004.45422,1031.71008
test_anomaly,x1003_10_SETPOINT_OUT,11384,11384,0,0.0,0,0.0,0,0.0,1324.0959071126142,1338.8642375509426,18.07437,3190.0,21.05352,27.01222,782.63855,3010.870425,3174.10938
test_anomaly,x1003_18_SETPOINT_OUT,11384,11384,0,0.0,0,0.0,0,0.0,26.46216434293746,0.9575322819589104,25.42054,27.95496,25.42054,25.42054,26.09698,27.06943,27.95496
test_anomaly,x1003_24_SUM_OUT,11384,11384,0,0.0,0,0.0,0,0.0,30.223074173401262,1.0044077056425387,28.37156,32.44827,28.5147962,29.328215,30.05549,31.087072499999998,32.069979200000006
all_data,P1_FCV01D,1180800,1180800,0,0.0,0,0.0,35826,0.030340447154471546,28.87830703307927,24.233226623746663,0.0,92.23854,0.0,6.141495000000001,17.763215000000002,50.5669275,77.22728779999994
all_data,P1_FCV01Z,1180800,1180800,0,0.0,0,0.0,0,0.0,28.70717459638381,24.501498662364728,0.31433,92.19513,0.32959,5.57098,17.53387,50.7389075,77.42462
all_data,P1_FCV02D,1180800,1180800,0,0.0,0,0.0,0,0.0,48.23087467013888,41.16906481247417,15.0,100.0,15.0,15.0,15.0,100.0,100.0
all_data,P1_FCV02Z,1180800,1180800,0,0.0,0,0.0,0,0.0,43.77150065632622,38.29482882642774,12.29248,97.72644,12.31537,12.4527,12.837985,97.32971,97.5891
all_data,P1_FCV03D,1180800,1180800,0,0.0,0,0.0,0,0.0,54.56844083681403,3.4126191059248887,42.45292,71.54047,49.7291947,52.095485000000004,53.58601,56.5756925,65.50408449999998
all_data,P1_FCV03Z,1180800,1180800,0,0.0,0,0.0,0,0.0,55.26193259612128,3.493284670503657,43.26019,72.73254,50.2182,52.70538,54.33807,57.40509,66.37726
all_data,P1_FT01,1180800,1180800,0,0.0,0,0.0,0,0.0,62.49564880242209,11.310602003272493,0.80104,498.23761,45.81448,57.06784,62.02699,66.98606,82.62631
all_data,P1_FT01Z,1180800,1180800,0,0.0,0,0.0,0,0.0,324.9564898763719,47.45978034053427,4.17075,1424.05334,239.53403,298.1265,322.95383,348.77408,431.20099
all_data,P1_FT02,1180800,1180800,0,0.0,0,0.0,0,0.0,940.3383143008384,1000.1225019164133,1.18252,2513.92358,4.23427,9.145724999999999,404.396,2177.1812775,2471.96191
all_data,P1_FT02Z,1180800,1180800,0,0.0,0,0.0,0,0.0,1487.7147744896936,1259.440247451487,6.15698,3190.0,22.04645,48.86,1267.78796,2973.6624775,3172.23267
all_data,P1_FT03,1180800,1180800,0,0.0,0,0.0,0,0.0,245.8035414199441,14.530387582972155,167.88483,292.62543,223.00719,232.9254,245.70461,257.91162,273.74265
all_data,P1_FT03Z,1180800,1180800,0,0.0,0,0.0,0,0.0,996.730018713694,29.60061787679269,821.7774,1080.26978,947.45636,970.06989,999.20648,1022.22821,1048.69775
all_data,P1_LCV01D,1180800,1180800,0,0.0,0,0.0,553,0.00046832655826558266,15.340892089066736,3.1920222179923776,0.0,97.0,8.2691757,13.5304575,15.349530000000001,17.0884175,21.959787299999995
all_data,P1_LCV01Z,1180800,1180800,0,0.0,0,0.0,0,0.0,15.222747846129742,3.164099766368153,0.29907,98.32915,8.0862417,13.4903,15.2298,16.93115,21.92078
all_data,P1_LIT01,1180800,1180800,0,0.0,0,0.0,0,0.0,349.96912746763206,28.847879118209516,171.35422,703.78827,298.73764,327.77206,347.52874499999996,373.87952,404.07226929999985
all_data,P1_PCV01D,1180800,1180800,0,0.0,0,0.0,29,2.4559620596205962e-05,27.9603231977727,2.765489376162666,0.0,88.12645,22.4807658,26.2251975,27.84828,29.526435,34.747348399999986
all_data,P1_PCV01Z,1180800,1180800,0,0.0,0,0.0,0,0.0,28.416041090150745,2.7966394075762167,0.35248,89.77661,22.8999342,26.73492,28.27606,30.05371,35.27473459999998
all_data,P1_PCV02D,1180800,1180800,0,0.0,0,0.0,0,0.0,12.004365420503047,0.19059989992325665,12.0,25.0,12.0,12.0,12.0,12.0,12.0
all_data,P1_PCV02Z,1180800,1180800,0,0.0,0,0.0,0,0.0,11.87111861985095,0.24879412499206952,11.64398,25.26245,11.6745,11.68976,11.8042,12.04071,12.26959
all_data,P1_PIT01,1180800,1180800,0,0.0,0,0.0,0,0.0,1.1109010799796746,0.10910233868553262,-0.00595,2.04941,0.84702,1.04538,1.11481,1.17813,1.35971
all_data,P1_PIT01_HH,1180800,1180800,0,0.0,0,0.0,0,0.0,524320.0,0.0,524320.0,524320.0,524320.0,524320.0,524320.0,524320.0,524320.0
all_data,P1_PIT02,1180800,1180800,0,0.0,0,0.0,0,0.0,0.6245353075711383,0.3631472259306751,0.31143,1.54282,0.3183,0.37399,0.40146,0.82565,1.5041607999999986
all_data,P1_PP01AD,1180800,1180800,0,0.0,0,0.0,1180800,1.0,0.0,0.0,0.0,0.0,0.0,0.0,0.0,0.0,0.0
all_data,P1_PP01AR,1180800,1180800,0,0.0,0,0.0,1180800,1.0,0.0,0.0,0.0,0.0,0.0,0.0,0.0,0.0,0.0
all_data,P1_PP01BD,1180800,1180800,0,0.0,0,0.0,0,0.0,1.0,0.0,1.0,1.0,1.0,1.0,1.0,1.0,1.0
all_data,P1_PP01BR,1180800,1180800,0,0.0,0,0.0,0,0.0,1.0,0.0,1.0,1.0,1.0,1.0,1.0,1.0,1.0
all_data,P1_PP02D,1180800,1180800,0,0.0,0,0.0,0,0.0,1.0,0.0,1.0,1.0,1.0,1.0,1.0,1.0,1.0
all_data,P1_PP02R,1180800,1180800,0,0.0,0,0.0,0,0.0,1.0,0.0,1.0,1.0,1.0,1.0,1.0,1.0,1.0
all_data,P1_PP04,1180800,1180800,0,0.0,0,0.0,206940,0.17525406504065041,24.23699624628218,16.768029387313153,0.0,45.0,0.0,4.69088,33.5,40.0,40.0
all_data,P1_PP04D,1180800,1180800,0,0.0,0,0.0,458192,0.38803523035230353,0.6119647696476964,0.487302874465308,0.0,1.0,0.0,0.0,1.0,1.0,1.0
all_data,P1_PP04SP,1180800,1180800,0,0.0,0,0.0,0,0.0,27.70628851897866,0.2954412220335435,27.05119,27.98469,27.05119,27.48882,27.91761,27.91761,27.98469
all_data,P1_SOL01D,1180800,1180800,0,0.0,0,0.0,0,0.0,524320.0,0.0,524320.0,524320.0,524320.0,524320.0,524320.0,524320.0,524320.0
all_data,P1_SOL03D,1180800,1180800,0,0.0,0,0.0,0,0.0,524320.0,0.0,524320.0,524320.0,524320.0,524320.0,524320.0,524320.0,524320.0
all_data,P1_STSP,1180800,1180800,0,0.0,0,0.0,0,0.0,1.0,0.0,1.0,1.0,1.0,1.0,1.0,1.0,1.0
all_data,P1_TIT01,1180800,1180800,0,0.0,0,0.0,0,0.0,30.266595155767277,1.319549247080979,27.67029,34.12476,28.031457500000002,29.27246,30.08118,31.11877,33.36182
all_data,P1_TIT02,1180800,1180800,0,0.0,0,0.0,0,0.0,36.06893338521342,2.062468650403987,32.49207,39.61792,32.67517,34.26208,35.80322,38.25989,39.34326
all_data,P1_TIT03,1180800,1180800,0,0.0,0,0.0,0,0.0,27.880250600609756,1.2222730099256345,25.51602,31.57687,25.81616,26.83456,27.78351,28.958085,30.25787
all_data,P2_24Vdc,1180800,1180800,0,0.0,0,0.0,0,0.0,28.03412621554031,0.0035297312650722514,28.01436,28.0499,28.02564,28.03169,28.03426,28.03608,28.0421
all_data,P2_ATSW_Lamp,1180800,1180800,0,0.0,0,0.0,141629,0.11994325880758808,0.880056741192412,0.32489531062890226,0.0,1.0,0.0,1.0,1.0,1.0,1.0
all_data,P2_AutoGO,1180800,1180800,0,0.0,0,0.0,141628,0.11994241192411924,0.8800575880758807,0.3248943199562681,0.0,1.0,0.0,1.0,1.0,1.0,1.0
all_data,P2_AutoSD,1180800,1180800,0,0.0,0,0.0,115,9.739159891598917e-05,117.5400789964346,8.093513199144466,0.0,129.69986,101.20354,111.01037,117.84469,125.25388,129.35278
all_data,P2_Emerg,1180800,1180800,0,0.0,0,0.0,1180706,0.9999203929539295,7.96070460704607e-05,0.00892192670902749,0.0,1.0,0.0,0.0,0.0,0.0,0.0
all_data,P2_MASW,1180800,1180800,0,0.0,0,0.0,1039173,0.8800584349593495,0.1199415650406504,0.3248933292784055,0.0,1.0,0.0,0.0,0.0,0.0,1.0
all_data,P2_MASW_Lamp,1180800,1180800,0,0.0,0,0.0,1039173,0.8800584349593495,0.1199415650406504,0.3248933292784055,0.0,1.0,0.0,0.0,0.0,0.0,1.0
all_data,P2_ManualGO,1180800,1180800,0,0.0,0,0.0,1039171,0.880056741192412,0.11994325880758808,0.32489531062890226,0.0,1.0,0.0,0.0,0.0,0.0,1.0
all_data,P2_ManualSD,1180800,1180800,0,0.0,0,0.0,124823,0.1057105352303523,11.264993084874662,3.881172090458721,0.0,12.94872,0.0,12.41142,12.56844,12.85642,12.94872
all_data,P2_OnOff,1180800,1180800,0,0.0,0,0.0,115,9.739159891598917e-05,0.999902608401084,0.009868241802054808,0.0,1.0,1.0,1.0,1.0,1.0,1.0
all_data,P2_RTR,1180800,1180800,0,0.0,0,0.0,0,0.0,2880.0,0.0,2880.0,2880.0,2880.0,2880.0,2880.0,2880.0,2880.0
all_data,P2_SCO,1180800,1180800,0,0.0,0,0.0,0,0.0,54708.37607554201,168.0717420664072,51648.0,55841.0,54166.0,54718.0,54760.0,54801.0,54831.0
all_data,P2_SCST,1180800,1180800,0,0.0,0,0.0,0,0.0,720.4490101329184,0.23633950652467456,719.30902,721.23486,719.7291474,720.340195,720.48242,720.59607,720.8850496
all_data,P2_SIT01,1180800,1180800,0,0.0,0,0.0,119,0.00010077913279132792,903.7586737804878,33.97725831348132,0.0,1129.0,798.0,904.0,914.0,922.0,934.0
all_data,P2_TripEx,1180800,1180800,0,0.0,0,0.0,0,0.0,1.0,0.0,1.0,1.0,1.0,1.0,1.0,1.0,1.0
all_data,P2_VIBTR01,1180800,1180800,0,0.0,0,0.0,119,0.00010077913279132792,6.700804061576897,0.42685686260535216,-77.27489,7.8867,5.796235,6.375975,6.69885,7.0279,7.4829979999999985
all_data,P2_VIBTR02,1180800,1180800,0,0.0,0,0.0,119,0.00010077913279132792,-3.182636172679539,0.413432524115445,-79.8146,0.0,-3.953966,-3.51315,-3.19725,-2.905475,-2.293872000000003
all_data,P2_VIBTR03,1180800,1180800,0,0.0,0,0.0,119,0.00010077913279132792,9.655445310382792,0.3945006678672891,-74.4678,10.601,8.604969,9.453175,9.69,9.922625,10.344533
all_data,P2_VIBTR04,1180800,1180800,0,0.0,0,0.0,123,0.00010416666666666667,-1.1514380414126015,0.3834399472165988,-79.0394,0.3069,-1.8177,-1.4306,-1.2163,-0.9539,-0.1500670000000002
all_data,P2_VT01,1180800,1180800,0,0.0,0,0.0,0,0.0,11.949715219529134,0.12823196914152554,2e-05,13.15863,11.8586234,11.91174,11.94871,11.98956,12.0409498
all_data,P2_VTR01,1180800,1180800,0,0.0,0,0.0,0,0.0,50.0,0.0,50.0,50.0,50.0,50.0,50.0,50.0,50.0
all_data,P2_VTR02,1180800,1180800,0,0.0,0,0.0,0,0.0,50.0,0.0,50.0,50.0,50.0,50.0,50.0,50.0,50.0
all_data,P2_VTR03,1180800,1180800,0,0.0,0,0.0,0,0.0,50.0,0.0,50.0,50.0,50.0,50.0,50.0,50.0,50.0
all_data,P2_VTR04,1180800,1180800,0,0.0,0,0.0,0,0.0,50.0,0.0,50.0,50.0,50.0,50.0,50.0,50.0,50.0
all_data,P3_FIT01,1180800,1180800,0,0.0,0,0.0,0,0.0,1064.942897188347,1678.44531501499,20.0,5478.0,22.0,28.0,44.5,1790.0,5287.0
all_data,P3_LCP01D,1180800,1180800,0,0.0,0,0.0,58299,0.049372459349593494,5018.62135501355,5119.192775826876,-16.0,13824.0,-8.0,128.0,3200.0,9984.0,13800.0
all_data,P3_LCV01D,1180800,1180800,0,0.0,0,0.0,7181,0.006081470189701897,7450.783035230353,6823.499855391102,-176.0,19408.0,-160.0,0.0,7016.0,14480.0,17136.0
all_data,P3_LH01,1180800,1180800,0,0.0,0,0.0,0,0.0,70.0,0.0,70.0,70.0,70.0,70.0,70.0,70.0,70.0
all_data,P3_LIT01,1180800,1180800,0,0.0,0,0.0,0,0.0,15160.134720528455,3214.9144032838094,7969.0,19757.0,8292.0,12827.0,15749.0,17922.25,19421.329999999998
all_data,P3_LL01,1180800,1180800,0,0.0,0,0.0,0,0.0,30.0,0.0,30.0,30.0,30.0,30.0,30.0,30.0,30.0
all_data,P3_PIT01,1180800,1180800,0,0.0,0,0.0,0,0.0,772.3612754065041,1302.1030202499858,16.0,4724.0,18.0,23.0,25.0,1015.25,4198.0
all_data,P4_HT_FD,1180800,1180800,0,0.0,0,0.0,37996,0.03217818428184282,-0.0001969446222899729,0.002090933338261104,-0.02792,0.03262,-0.006683099999999999,-0.00036,-0.00022,7e-05,0.004943099999999867
all_data,P4_HT_PO,1180800,1180800,0,0.0,0,0.0,531,0.00044969512195121953,34.896394406275405,31.38712701800843,0.0,90.56714,0.01807,0.45209,32.633455,67.29242,79.45115309999997
all_data,P4_HT_PS,1180800,1180800,0,0.0,0,0.0,0,0.0,4.234902391226288,2.333544603474228,0.07477,7.94045,0.07477,2.39959,4.40061,5.77804,7.94045
all_data,P4_LD,1180800,1180800,0,0.0,0,0.0,0,0.0,366.2051202470443,60.77866257913335,228.40717,499.45746,250.59674,317.1070375,364.99927,415.2561,482.18677
all_data,P4_ST_FD,1180800,1180800,0,0.0,0,0.0,19881,0.01683689024390244,-4.7700042344173436e-05,0.0016451112973385963,-0.02185,0.0204,-0.00398,-0.00109,-7e-05,0.00101,0.003933099999999867
all_data,P4_ST_GOV,1180800,1180800,0,0.0,0,0.0,0,0.0,18106.753341802167,1791.9435451964746,12760.0,26809.0,14014.68,17040.0,18081.0,19150.0,22448.639999999985
all_data,P4_ST_LD,1180800,1180800,0,0.0,0,0.0,0,0.0,331.13816786293194,36.72141871146516,229.65497,497.4682,250.51849710000002,306.13428,331.19934,354.63684,418.7643057999999
all_data,P4_ST_PO,1180800,1180800,0,0.0,0,0.0,0,0.0,331.44467685324355,33.20276064249115,231.55377,494.59271,255.7510742,311.86707,330.71106,350.66283,412.4636636999992
all_data,P4_ST_PS,1180800,1180800,0,0.0,0,0.0,0,0.0,14.981039809137874,9.152359719284412,0.84523,29.28165,0.84523,7.00589,15.28224,24.67119,29.28165
all_data,P4_ST_PT01,1180800,1180800,0,0.0,0,0.0,0,0.0,9972.233247798102,30.857010359281777,9666.0,10233.0,9890.0,9946.0,9970.0,9998.0,10048.0
all_data,P4_ST_TT01,1180800,1180800,0,0.0,0,0.0,0,0.0,27095.34953336721,127.5515278198692,26838.0,27471.0,26879.0,26998.0,27076.0,27178.0,27395.0
all_data,x1001_05_SETPOINT_OUT,1180800,1180800,0,0.0,0,0.0,0,0.0,0.12692431618394306,0.04172555906897684,0.05086,0.19995,0.05086,0.0933,0.1242,0.16105,0.19764
all_data,x1001_15_ASSIGN_OUT,1180800,1180800,0,0.0,0,0.0,0,0.0,1.110698437610095,0.10540161186006242,0.75803,1.59844,0.8669068999999999,1.0413975,1.10936,1.17478,1.3672999
all_data,x1002_07_SETPOINT_OUT,1180800,1180800,0,0.0,0,0.0,0,0.0,349.1945823450034,27.19707061242889,302.3558,398.63086,302.55307,326.29044,345.65762,372.55743,398.59204
all_data,x1002_08_SETPOINT_OUT,1180800,1180800,0,0.0,0,0.0,0,0.0,996.6946488418869,29.305740257843805,950.62006,1049.25671,951.08258,970.41528,1000.96667,1021.58734,1046.06995
all_data,x1003_10_SETPOINT_OUT,1180800,1180800,0,0.0,0,0.0,0,0.0,1487.7130999892108,1259.4473842731725,6.15698,3190.0,22.04645,48.86,1268.10693,2976.2361425,3171.85742
all_data,x1003_18_SETPOINT_OUT,1180800,1180800,0,0.0,0,0.0,0,0.0,26.364144724872965,0.8959980902363914,25.13999,28.0,25.13999,25.42054,26.14558,27.06943,28.0
all_data,x1003_24_SUM_OUT,1180800,1180800,0,0.0,0,0.0,0,0.0,30.14339332885332,0.9523205612586819,27.95674,33.08534,28.408107400000002,29.283475,30.060435,30.926252499999997,32.096215
