,P1_FCV01D,P1_FCV01Z,P1_FCV02D,P1_FCV02Z,P1_FCV03D,P1_FCV03Z,P1_FT01,P1_FT01Z,P1_FT02,P1_FT02Z,P1_FT03,P1_FT03Z,P1_LCV01D,P1_LCV01Z,P1_LIT01,P1_PCV01D,P1_PCV01Z,P1_PCV02D,P1_PCV02Z,P1_PIT01,P1_PIT02,P1_PP04,P1_PP04D,P1_PP04SP,P1_TIT01,P1_TIT02,P1_TIT03,P2_24Vdc,P2_ATSW_Lamp,P2_AutoGO,P2_AutoSD,P2_MASW,P2_MASW_Lamp,P2_ManualGO,P2_ManualSD,P2_SCO,P2_SCST,P2_SIT01,P2_VIBTR01,P2_VIBTR02,P2_VIBTR03,P2_VIBTR04,P2_VT01,P3_FIT01,P3_LCP01D,P3_LCV01D,P3_LIT01,P3_PIT01,P4_HT_FD,P4_HT_PO,P4_HT_PS,P4_LD,P4_ST_FD,P4_ST_GOV,P4_ST_LD,P4_ST_PO,P4_ST_PS,P4_ST_PT01,P4_ST_TT01,x1001_05_SETPOINT_OUT,x1001_15_ASSIGN_OUT,x1002_07_SETPOINT_OUT,x1002_08_SETPOINT_OUT,x1003_10_SETPOINT_OUT,x1003_18_SETPOINT_OUT,x1003_24_SUM_OUT
P1_FCV01D,1.0,0.9983790264011257,-0.7510172108688666,-0.7677029526662966,-0.05927061151140079,-0.058409769025139,-0.03520618746301242,-0.034553332894716404,0.9801412589764995,0.9638673556405414,-0.053514559120969085,-0.04913481455221511,-0.023046319089683073,-0.0215956028157399,-0.0046661300532261476,0.018725054357024522,0.019579003867989237,-0.004819572070166494,0.08595759621774918,0.01596244724270673,-0.12104702397113858,-0.30894837812938375,-0.17723715382071023,0.019544875068215603,-0.21874770364879922,-0.6879180974504995,-0.7248037814985739,0.0985812988951521,-0.006981620832014283,-0.006981620832014283,-0.05297065875738832,0.006981620832013516,0.006981620832013516,0.006981620832013516,-0.034003144744727494,-0.022636801516804847,0.11243687458257472,-0.003351487972985381,0.16007536665335934,0.17545836110954993,0.0932621693355501,0.19325979589730194,0.12798584979800645,0.003221306482484615,0.0024702604484720275,0.00825085426192606,-0.020967304426750523,0.01311090682121422,-0.006883294618152572,0.008840812766217815,0.022626559375691153,0.006249498464585602,0.0023238227505235193,0.008864078810550902,0.0037863659576480684,0.0063360309879976,-0.08342726125178215,0.009291065621964795,-0.22153949108689225,-0.0015081549851072356,0.008295617063086043,-0.007064736576808474,-0.0511601723801945,0.9639529622868205,0.3821925425559814,0.3622771077984938
P1_FCV01Z,0.9983790264011257,1.0,-0.746160499347409,-0.7702282404898555,-0.05903050072126697,-0.05827821643427059,-0.0351965676255993,-0.03455285713800724,0.9814556190595009,0.9662321944161704,-0.05339074028565119,-0.04904117303325472,-0.02235784272944057,-0.02107797559964563,-0.004553219312372876,0.01732080265900741,0.01834088029932656,-0.00458190035606892,0.0859658370773796,0.014925903118059811,-0.11902035947075253,-0.3155171799487602,-0.18339684893222843,0.019963403604000198,-0.21330247226716947,-0.6871764721901004,-0.7264024783811216,0.09826921216431171,-0.0076364236634025645,-0.0076364236634025645,-0.052548778769289185,0.007636423663401871,0.007636423663401871,0.007636423663401871,-0.03365028053822863,-0.0231566106554544,0.1132306148110142,-0.003686674104172276,0.15975342253278513,0.17588043156981692,0.0932049839157127,0.19294196883534523,0.1279441077085216,0.003867188344601863,0.00373204647848897,0.0073513498650707694,-0.020049007506775823,0.013853642695422172,-0.007373782219032947,0.007913472984297223,0.022619488588706854,0.005151951988308624,0.0016719913049433363,0.007470861447028878,0.0027846770529111726,0.004991954376322423,-0.08368096818451093,0.008283367133583323,-0.21611734337880448,-0.0005146434537009421,0.0073372233680286695,-0.00682531791157785,-0.050900633106259516,0.965650799784851,0.38049419779459065,0.36019770648007526
P1_FCV02D,-0.7510172108688666,-0.746160499347409,1.0,0.9004051061747058,0.04282376203506639,0.041385582408155375,0.03385537001971788,0.033387151875927966,-0.7240889590385339,-0.8248053492815255,0.03607709545492389,0.033665057934587635,0.020724435041269303,0.019258456919621993,-0.005373125035691807,-0.03229542369858579,-0.034743958814471884,-0.004290807998067287,-0.044915566920361964,-0.021038810281844237,-0.3850238651367297,0.19406288031378777,0.08071823849547119,-0.014960207095998742,0.3237154465292431,0.8101447424166791,0.699887364661618,-0.06420221958683808,0.017727258238249007,0.017727258238249007,0.0193915411343909,-0.017727258238248625,-0.017727258238248625,-0.017727258238248625,0.015834596848933954,0.023377608778619923,-0.07552431765250053,0.007221051562232625,-0.11058908299518902,-0.11300168261817517,-0.05713566703083625,-0.12019860486017808,-0.0762598751189657,-0.007769349150672575,-0.005529909633706386,-0.003397402930864153,0.008874427643167914,-0.010537948311349622,0.00592023550600447,-0.003814377293737768,0.000344756229573877,0.0005485464382074466,0.0008932478697009199,-0.0028239059695613147,0.0034081966648464215,0.000800915945034709,0.045337141076994894,-0.015713771477125,0.3263958889787848,-0.00203595916256392,-0.00394023628524535,-0.002811628574507175,0.03609380807341773,-0.8250673105189328,-0.22002990621749277,-0.20784837668326797
P1_FCV02Z,-0.7677029526662966,-0.7702282404898555,0.9004051061747058,1.0,0.04378637278534994,0.04270292778690644,0.030834790073301675,0.03048307498210674,-0.7412197190656593,-0.8696640376328024,0.03825801840823348,0.035859869814109456,0.01141158546421234,0.011009464429118659,-0.004697897587368931,-0.028490839049497545,-0.030276027094497115,-0.009653526754211343,-0.046489893451899314,-0.012230916547329324,-0.4947662542495737,0.2030502528719556,0.08558889073697676,-0.015558134478096093,0.33864743473736436,0.872763625078767,0.748403907080253,-0.06821819175630521,0.020093656346693564,0.020093656346693564,0.01844213722703948,-0.020093656346693245,-0.020093656346693245,-0.020093656346693245,0.010964742606616257,0.025930340215012972,-0.08576559030729254,0.007652753028468469,-0.10937894913200197,-0.11298282987256093,-0.05823573981616092,-0.12050138530105171,-0.07193752043157647,-0.008100475538871348,-0.00770611065021452,-0.0028635002988194732,0.01019132657989135,-0.011363964797460581,0.004824505811574191,-0.003312597650105706,0.003788697728296829,0.0024613339016326566,0.0043994232142163915,0.0008330561689750211,0.006543428008374865,0.0050276617889127885,0.05345271500646497,-0.00567116275754213,0.34137159678912743,-0.004138177594285028,-0.0010684230429840996,-0.0038591722121711467,0.03773603149201066,-0.8695106674049106,-0.22262865877637433,-0.20899622713113397
P1_FCV03D,-0.05927061151140079,-0.05903050072126697,0.04282376203506639,0.04378637278534994,1.0,0.9910625142409953,0.4095621832568886,0.4116322377892039,-0.05566135620349312,-0.05353071868348362,0.7365773527764309,0.7320671644415631,0.3473931029205613,0.33772631140582093,-0.46907398849870735,0.2746792022543026,0.26834150986656685,0.00527345671537768,0.034152307554290225,-0.05250103254558719,0.002940531351192514,-0.003911861695684411,-0.007444667661168605,-0.25644935643036465,-0.10618234564115048,0.01847124558821703,-0.0615855293619824,-0.04997973537551119,-0.014810894743102892,-0.014810894743102892,-0.024631773417089126,0.014810894743103155,0.014810894743103155,0.014810894743103155,0.029268245750853353,-0.010036307573146965,0.018974723095568836,0.02571993505186988,0.05226299513552371,-0.10024527134878958,0.1466058880714205,-0.18332638519921216,-0.016657113510988,0.011419371508082789,0.029263991745030644,-0.022878165612634213,0.02628076702519345,0.022770201499385592,-0.0020736967402436297,-0.023048517994820165,-0.005858734754428759,-0.0213787176333775,-0.010976829354375382,-0.017968992001040025,-0.016584429475452335,-0.02057853240775157,-0.008885823098105995,-0.047231020594034875,-0.10567645071019163,0.06770696986588472,0.00929280907813995,-0.45748646981769303,0.7428977179689059,-0.053640015803464634,-0.2386738492770141,-0.23038261686056344
P1_FCV03Z,-0.058409769025139,-0.05827821643427059,0.041385582408155375,0.04270292778690644,0.9910625142409953,1.0,0.41376547722319257,0.41625192307833025,-0.05509709572968318,-0.052794693730055124,0.7459570463286556,0.7414786873987854,0.337757154135791,0.33392788923610106,-0.4668090619698714,0.2848409066283687,0.279229353463092,0.0037670166882538573,0.03461671017353819,-0.04299967028124109,0.0027934388376709422,-0.001795399157193518,-0.0046766224430985414,-0.2555475936399499,-0.1069709035628378,0.016664248327805935,-0.06100483795093328,-0.04748207381091503,-0.01285734268134154,-0.01285734268134154,-0.025479185204688466,0.012857342681341801,0.012857342681341801,0.012857342681341801,0.028334536422720772,-0.008449075105265873,0.016705376423124727,0.026524652920442076,0.05032762676087824,-0.09938713630785125,0.14392148135159616,-0.18178496659473076,-0.017019364180310026,0.006430641180540382,0.022466872797448096,-0.0184197042006472,0.027363082378426114,0.01611364264445676,-0.0012805528710386751,-0.018483617528883226,-0.007153627866124485,-0.016832816160851017,-0.0108691028752694,-0.013733774770588967,-0.012708980457558248,-0.016161969930624406,-0.011067827537949942,-0.0384133553908547,-0.10647154486075341,0.06981608672668299,0.014121409656940751,-0.4577582877820048,0.7416452358751217,-0.05287951248447711,-0.236287037606918,-0.22671352945048218
P1_FT01,-0.03520618746301242,-0.0351965676255993,0.03385537001971788,0.030834790073301675,0.4095621832568886,0.41376547722319257,1.0,0.9952975904179976,-0.03155979803779751,-0.0324794222408988,0.5524700636907681,0.5488836799991411,0.7079426460844198,0.7717324870516216,0.09722779861625454,0.6123590991003047,0.5695932982296815,-0.06487116215285353,0.015332918998884247,-0.1912364084262762,-0.00469111181100851,-0.00552486349793766,-0.009353397078000574,-0.12557142076604513,-0.014145110975370483,0.015933810963183394,-0.010589502186216937,-0.011122160508903661,-0.012027646278099546,-0.012027646278099546,0.013774674603432839,0.012027646278099895,0.012027646278099895,0.012027646278099895,0.001907980277514809,0.0024536756734372333,-0.01659903509635164,0.004698101890876427,0.016205047778305722,-0.025262360329813036,0.042754619079259204,-0.05888561618625417,0.009333256121264902,-0.15788977576280655,-0.17116590135165072,0.16031133102466275,0.06229042199449299,-0.15093696655955804,0.017652981325972903,0.1606634193445802,-0.032602709848091126,0.16284508836444314,0.03316567276807858,0.1733176891594997,0.12663236395807295,0.1662819072699909,0.0039792549291099025,-0.1929004746445561,-0.013336255383535497,0.04805947847438008,0.18708750440019342,0.10899135411856084,0.5001856652879507,-0.03234561563152329,-0.08989519154461445,-0.024514955202629998
P1_FT01Z,-0.034553332894716404,-0.03455285713800724,0.033387151875927966,0.03048307498210674,0.4116322377892039,0.41625192307833025,0.9952975904179976,1.0,-0.030854915859984126,-0.031857137235589694,0.557861072437065,0.5543131605626177,0.702454380515498,0.7678255291577877,0.10072700162370321,0.6187057333758263,0.5768309220894438,-0.06504534418943529,0.01633112153333607,-0.18242846992475167,-0.004672956209756701,-0.006412545922644494,-0.01017642980487798,-0.12595223699331604,-0.014821887430595218,0.015475287507440049,-0.011199313552554923,-0.011186353400565818,-0.013044424574944752,-0.013044424574944752,0.014644778027023823,0.013044424574945123,0.013044424574945123,0.013044424574945123,0.0022271181698798916,0.0015783129074249719,-0.01596215718267727,0.0038053262298564147,0.016161934049737023,-0.024449944559258373,0.042670731271839235,-0.05863746926972812,0.010130579810677326,-0.15560101131386178,-0.17204088624168143,0.16120796783519883,0.06289709144765578,-0.15276647548140052,0.01639941464722105,0.16163271627813636,-0.032137138687061834,0.16142598554699558,0.03334523578793938,0.17173551197344838,0.12405385830066859,0.16499741803165424,0.0027464747834579518,-0.18455123665151055,-0.01403160888494268,0.048762524555983636,0.18617423406512806,0.10880362056905486,0.5044648030750655,-0.03173488720011785,-0.09055470721037057,-0.025565103274169113
P1_FT02,0.9801412589764995,0.9814556190595009,-0.7240889590385339,-0.7412197190656593,-0.05566135620349312,-0.05509709572968318,-0.03155979803779751,-0.030854915859984126,1.0,0.9731051574990812,-0.04905053094079256,-0.044561461378002286,-0.01550118334642686,-0.013903335272951074,-0.0032068183658821,0.016996572619230474,0.01817058655299023,-0.007788326400793149,0.07257911986934901,0.008210804840880201,-0.15654448961390247,-0.3097037682615249,-0.1777359264280615,0.02274276575353779,-0.22005577578553204,-0.6852879695148401,-0.7143904569915621,0.08985023428495195,-0.007893962454357032,-0.007893962454357032,-0.04722210640176302,0.007893962454356324,0.007893962454356324,0.007893962454356324,-0.02878340189456704,-0.021238947772286982,0.10190039536283851,-0.00242257682907372,0.14859979759178618,0.15876633242546315,0.0889558697108413,0.17115920106111335,0.11850942040996665,0.005103624310514429,0.00648298226773207,0.003419775203255232,-0.01904380917846865,0.01428907188476381,-0.009600713688355817,0.003932701796648841,0.023736471271611066,-2.8237999539150932e-05,0.002065565492351276,0.0030214134653316588,-0.001790730378805179,0.0003294560185864149,-0.07903908118685356,0.0020725113855303095,-0.22267377784580278,-0.0059888067733895175,0.0012383926419865735,-0.005032667691809523,-0.04656622621343449,0.9725819228038001,0.347339886815386,0.3275977232077713
P1_FT02Z,0.9638673556405414,0.9662321944161704,-0.8248053492815255,-0.8696640376328024,-0.05353071868348362,-0.052794693730055124,-0.0324794222408988,-0.031857137235589694,0.9731051574990812,1.0,-0.04651444256388205,-0.04246719176757078,-0.01573266222053585,-0.01424543471504323,-0.00025668906041737997,0.024030298596384666,0.02566476422997494,-0.002410762820530698,0.06661447849472825,0.011395417609861763,0.05840777787244692,-0.3027033731377468,-0.16736267950948927,0.02102649978829831,-0.2718042869718848,-0.7963405323338724,-0.7734745933861782,0.08788828094275883,-0.012199478013448494,-0.012199478013448494,-0.03936921297857319,0.012199478013447757,0.012199478013447757,0.012199478013447757,-0.0250432428839359,-0.023486730442989986,0.10111803089896584,-0.0037778630544627327,0.14363674976509422,0.1517737915764872,0.08425623175914985,0.16283108926611994,0.10951151915644544,0.006351317841773786,0.006538844096759771,0.0036264963380063394,-0.01750473377178313,0.01322616546620582,-0.009431264058844308,0.004155084615284476,0.01567816966523738,-0.00011865964132480891,-0.00032741704564583893,0.0030551995518667426,-0.0023466588582388244,-0.00026576686300638604,-0.07379033121042838,0.004898439363077684,-0.27462179163889444,-0.0031995773700946293,0.002188894328848539,-0.002003204715327998,-0.04465280990904022,0.9996698577114546,0.32093010219046525,0.3027431348804656
P1_FT03,-0.053514559120969085,-0.05339074028565119,0.03607709545492389,0.03825801840823348,0.7365773527764309,0.7459570463286556,0.5524700636907681,0.557861072437065,-0.04905053094079256,-0.04651444256388205,1.0,0.9967684669683029,0.37102365978802826,0.3889725812353845,0.16280414195768037,0.40455140412337454,0.41108036999443964,-0.006320963002011827,0.03216769988776167,0.048372580483835574,0.0028646314275309268,0.005315326562507679,-0.0012894949539500316,-0.2135951090983153,-0.09723320786790415,0.007901946776866672,-0.040417504335313006,-0.021384914300439192,-0.03783125237685469,-0.03783125237685469,0.011716054941847546,0.037831252376855244,0.037831252376855244,0.037831252376855244,-0.009268149972203576,-0.01306142925565718,0.09196235029624156,0.009261876368845677,0.03033340797417975,-0.0341758845487227,0.06255268668448347,-0.09057047059464161,0.012525458267086405,0.006784921071927798,-0.004276007920808258,0.011667129594641105,0.03933434299225526,-0.013151459890054498,-0.0107808966409867,0.012542654412019004,-0.05483647126710457,-0.005564295506912016,-0.0019053383038180201,-0.009984695890392269,-0.016040439504724915,-0.009593744582453923,-0.013445805505919683,0.04924011106376604,-0.09674649891144466,0.1101625724927181,0.03537872915732988,0.15445036623642389,0.9883246141134724,-0.04685915344545886,-0.192560551123082,-0.18377068999009932
P1_FT03Z,-0.04913481455221511,-0.04904117303325472,0.033665057934587635,0.035859869814109456,0.7320671644415631,0.7414786873987854,0.5488836799991411,0.5543131605626177,-0.044561461378002286,-0.04246719176757078,0.9967684669683029,1.0,0.36925022425824056,0.38664416851336836,0.15398941329956992,0.4015812495409165,0.4082242819956295,-0.004874866806208358,0.04789146612013574,0.050050926295930886,0.0008107890075193686,0.00566154179718951,-0.000705096818004821,-0.20289828375200464,-0.09151837928454817,0.006210481410007095,-0.037724847493949235,-0.020751978614857794,-0.04477172674751832,-0.04477172674751832,0.015323161374283098,0.0447717267475188,0.0447717267475188,0.0447717267475188,-0.02023565870547816,-0.0204042650092886,0.09774632245970227,0.0012043567621336396,0.02523238477929748,-0.029107396922033967,0.05167424900900856,-0.08004935727177262,0.01171434504923858,0.007313465989381291,-0.003670943582457191,0.01127796521534286,0.03655700627707218,-0.011601356561497989,-0.010706267112958436,0.012152008038868909,-0.0523469965026665,-0.005001354955786594,-0.0016142884369306095,-0.009192217811179496,-0.014941054537932213,-0.008696215384530316,-0.015182717374901244,0.05074130311807123,-0.09102729354694315,0.1131212916091076,0.03719261972673217,0.1462819738378827,0.9910984521371525,-0.04280266615512061,-0.18122618390047388,-0.17288945109556345
P1_LCV01D,-0.023046319089683073,-0.02235784272944057,0.020724435041269303,0.01141158546421234,0.3473931029205613,0.337757154135791,0.7079426460844198,0.702454380515498,-0.01550118334642686,-0.01573266222053585,0.37102365978802826,0.36925022425824056,1.0,0.9813866539074316,-0.023785914165045458,0.012469756247223435,-0.06906817417695242,-0.04472395441304729,0.02138232636639955,-0.7657551757978557,-0.0015099404005698642,0.01580389616150206,0.021580471177807436,-0.1125053834700347,-0.06488928578778945,-0.023186164811973938,-0.04350857564535875,-0.016775717296702537,-0.0014781924446453387,-0.0014781924446453387,0.0245462894680642,0.001478192444645701,0.001478192444645701,0.001478192444645701,0.03676688543260704,0.016035998388030714,0.082670227503422,0.04413934597961732,0.04061181549320966,-0.03512283364933635,0.0777558134341634,-0.08352818012998764,0.021938109590135,-0.06439318863592502,0.14375554604152446,-0.10313478010871545,0.2564509628750557,0.1427073404177253,-0.005401705496591726,-0.10744004271302607,0.010553399018045495,-0.12217772401585875,0.016462773682709528,-0.1724897514363404,-0.13799447127995737,-0.19358331532081244,0.06501942595995795,-0.7506289598552877,-0.06420364802049028,-0.18667106818642895,-0.2394255090741457,0.08667917011549245,0.35759621766102123,-0.015721478747582063,-0.09240245956417871,-0.14620931393313957
P1_LCV01Z,-0.0215956028157399,-0.02107797559964563,0.019258456919621993,0.011009464429118659,0.33772631140582093,0.33392788923610106,0.7717324870516216,0.7678255291577877,-0.013903335272951074,-0.01424543471504323,0.3889725812353845,0.38664416851336836,0.9813866539074316,1.0,0.004760205489053059,0.08845708125941017,0.011248724915978645,-0.04729951867717443,0.02167729408974274,-0.7233989643459036,-0.002563890133937011,0.016660978492824344,0.022479842988444926,-0.11294190236950546,-0.06848304169669378,-0.024840544788397378,-0.04438949903587919,-0.01599011574040537,-0.0023838971339941893,-0.0023838971339941893,0.026839112436746183,0.0023838971339945293,0.0023838971339945293,0.0023838971339945293,0.03731396525104994,0.015169482076839484,0.07070085144064966,0.0404882152019743,0.038770834278289056,-0.034474312282358525,0.07567077741479537,-0.08272240214419885,0.0206269520614092,-0.07648359060005806,0.11196247226789398,-0.07695147593945911,0.26355517492765723,0.10848262029899128,-0.004585139124758204,-0.08066114280392299,0.007071476714130328,-0.10098568130245872,0.018352810590316015,-0.1493732213919929,-0.12292384802375661,-0.16943724759411083,0.06427001282800009,-0.7091517719247279,-0.06769696047666607,-0.18740042721833194,-0.21680921503324757,0.09010329446051926,0.36135919485366874,-0.014164528605079465,-0.09222015178166325,-0.13791683146301628
P1_LIT01,-0.0046661300532261476,-0.004553219312372876,-0.005373125035691807,-0.004697897587368931,-0.46907398849870735,-0.4668090619698714,0.09722779861625454,0.10072700162370321,-0.0032068183658821,-0.00025668906041737997,0.16280414195768037,0.15398941329956992,-0.023785914165045458,0.004760205489053059,1.0,0.10560577068941951,0.12040504648561665,-0.014329476857359838,-0.02336845989032379,0.12032856027490609,0.012543717759339103,-0.007197663317759564,-0.00908513695119095,0.07772450627370923,-0.002640547807241762,-0.010537991761590093,0.012568656392525345,0.03435434929871127,-0.03668030361217751,-0.03668030361217751,0.1096724615652144,0.036680303612178236,0.036680303612178236,0.036680303612178236,-0.008374951770572828,-0.005258264425875256,0.09080042728282396,-0.02485654404884246,-0.03732996427732467,0.07901473897100555,-0.1201162582292868,0.1201855381168486,0.02630565897771681,0.0009151192948081761,-0.0363194959894662,0.041786861135158254,0.022473609920495772,-0.041379010102018936,-0.014349358688045712,0.04279676957142923,-0.10331187844207836,0.019467512066111532,0.008164395657926956,0.009121752577205386,0.0006007259698815326,0.012421599885578873,0.051309536248401365,0.11353326764908092,-0.0026786711694941167,0.041135946824028886,0.026917334174079356,0.9759307482194239,0.14415167610698879,-0.0005388076348096494,0.025558806604778796,0.027774560393830566
P1_PCV01D,0.018725054357024522,0.01732080265900741,-0.03229542369858579,-0.028490839049497545,0.2746792022543026,0.2848409066283687,0.6123590991003047,0.6187057333758263,0.016996572619230474,0.024030298596384666,0.40455140412337454,0.4015812495409165,0.012469756247223435,0.08845708125941017,0.10560577068941951,1.0,0.976646428308025,-0.06522226737624208,-0.028984049301761614,0.5631498977782314,0.02223649007636817,-0.005323088344465171,-0.006590603416396936,-0.12605997151638018,-0.08378145865793286,-0.036027614542830266,-0.06920989899935871,-0.018367547527736176,-0.005139773298029584,-0.005139773298029584,-0.023988924680275962,0.005139773298029838,0.005139773298029838,0.005139773298029838,-0.015897122141952387,-0.007651164800123201,-0.17817172280144056,-0.028782187180303728,-0.006042675346236272,-0.04654807905036047,0.03091757785216941,-0.0735193124916413,-0.03791202354118569,-0.2749351791988709,-0.4932707423379371,0.4178351425636785,-0.20638056234070237,-0.414813115414923,0.034289062006492114,0.4210366551754728,-0.05883015069832427,0.5218503790971883,0.06491028363491408,0.6203976260983803,0.5089560979264636,0.6296723383875891,-0.05631620022494317,0.5415806601185115,-0.08320299635554725,0.300390632241385,0.7103053264198267,0.02808762966504672,0.3566288518613784,0.024032189796719974,-0.1168641440630199,0.10187751516588125
P1_PCV01Z,0.019579003867989237,0.01834088029932656,-0.034743958814471884,-0.030276027094497115,0.26834150986656685,0.279229353463092,0.5695932982296815,0.5768309220894438,0.01817058655299023,0.02566476422997494,0.41108036999443964,0.4082242819956295,-0.06906817417695242,0.011248724915978645,0.12040504648561665,0.976646428308025,1.0,-0.06877058068305462,-0.03289845464016526,0.6418532111732833,0.02311127490909671,-0.008571643833198682,-0.009835172043822733,-0.1290387475978601,-0.08536938069321202,-0.036273169950068206,-0.07193052212399682,-0.017759648772067226,-0.005409495087757496,-0.005409495087757496,-0.02373451493677825,0.0054094950877578265,0.0054094950877578265,0.0054094950877578265,-0.013558189394220162,-0.008067376411915881,-0.16982135212370567,-0.027154286088618588,-0.0072951733190811125,-0.04818227070749058,0.03164949756224268,-0.07643493456216363,-0.03712945356944277,-0.21418703407065168,-0.4603662004548145,0.38045689930143073,-0.2239774387054518,-0.4007001179789646,0.03559823370623861,0.3857137282935351,-0.06133180808439461,0.4409326437644141,0.045175831510404676,0.5397101177388425,0.41975817514071406,0.5525048554585117,-0.05659472181651937,0.6182280397973546,-0.08486372493214103,0.304670927270443,0.639705029525952,0.026510094377158698,0.3626629115497437,0.025650609588846792,-0.12079227429869425,0.07215425677706297
P1_PCV02D,-0.004819572070166494,-0.00458190035606892,-0.004290807998067287,-0.009653526754211343,0.00527345671537768,0.0037670166882538573,-0.06487116215285353,-0.06504534418943529,-0.007788326400793149,-0.002410762820530698,-0.006320963002011827,-0.004874866806208358,-0.04472395441304729,-0.04729951867717443,-0.014329476857359838,-0.06522226737624208,-0.06877058068305462,1.0,0.14400048872205967,0.0010607589338077364,0.021896459043105367,-0.01330675641566076,-0.0002316816795454908,0.004561370364730099,-0.010985236704864886,-0.012020468666345012,-0.01530467356300064,-0.011970554597670945,-0.00012003866223953905,-0.00012003866223953905,0.007813822836977085,0.00012003866223963552,0.00012003866223963552,0.00012003866223963552,-0.00876003190634076,0.00011793208228867759,0.012693369859506183,-0.0008439280421993195,-0.016903693271600427,-0.007086807129390331,-0.014181584873475494,-0.006195043400491449,-0.01174244429493687,0.011686976381968814,0.01601228973914137,-0.008210355086320299,0.014053508950846682,0.017879119301551873,-0.0005468793652252391,-0.008275812036512703,-0.006301289262731687,-0.017091643382403477,-0.0063702356789506085,-0.023884191505451114,-0.02103807020551461,-0.023521479381021497,-0.010297072866861968,0.0031781315637254225,-0.011415030899076303,0.0057795949447184206,-0.02062676747185905,-0.022324643127242354,0.005796038528587683,-0.0022326772405383195,-0.01636067338919689,-0.023559163594302258
P1_PCV02Z,0.08595759621774918,0.0859658370773796,-0.044915566920361964,-0.046489893451899314,0.034152307554290225,0.03461671017353819,0.015332918998884247,0.01633112153333607,0.07257911986934901,0.06661447849472825,0.03216769988776167,0.04789146612013574,0.02138232636639955,0.02167729408974274,-0.02336845989032379,-0.028984049301761614,-0.03289845464016526,0.14400048872205967,1.0,-0.01541139448294284,-0.024705655137566174,0.041381349057901994,0.04101639009342573,-0.2598291115239444,0.019755953582130198,-0.03429545610818254,-0.026018137401034345,0.052863679179392324,-0.09530625236708491,-0.09530625236708491,-0.0227061778794263,0.09530625236708555,0.09530625236708555,0.09530625236708555,0.20717111111700845,-0.1062085746288421,0.19760169189572033,-0.1239396747870761,-0.058041270695981695,0.14965149369719136,-0.2085429883325128,0.23669530139312306,0.048522966959777904,-0.013481957168434443,-0.013746371653906646,0.0006737213769179693,-0.05110781332133403,0.002948473817149718,0.0022041486568835805,0.0012624423806562326,0.010742350779503074,0.02372476487823503,0.0012632625933039346,0.037650209301621926,0.033949639545577635,0.03722150959194205,0.12640499964034838,-0.021729044356395916,0.01971710427018975,-0.10690466236738326,-0.006428044927741442,-0.02477048784539513,0.04816208550481479,0.06637898497445331,0.08965436328637287,0.09686945295499395
P1_PIT01,0.01596244724270673,0.014925903118059811,-0.021038810281844237,-0.012230916547329324,-0.05250103254558719,-0.04299967028124109,-0.1912364084262762,-0.18242846992475167,0.008210804840880201,0.011395417609861763,0.048372580483835574,0.050050926295930886,-0.7657551757978557,-0.7233989643459036,0.12032856027490609,0.5631498977782314,0.6418532111732833,0.0010607589338077364,-0.01541139448294284,1.0,0.010396031132872949,-0.010787253485060743,-0.021823087114693523,0.03065243975192463,0.015985563697249745,0.012674039075907723,0.015484827476228516,0.01660624358354119,-0.021303449815375033,-0.021303449815375033,-0.025178221466729146,0.02130344981537499,0.02130344981537499,0.02130344981537499,-0.06540847237746929,-0.03234211739563928,-0.12689915813063998,-0.07221299113683224,-0.05444673816693177,0.031096593668709902,-0.09392457138691054,0.07106994831123134,-0.02821162849694958,-0.05918994723772942,-0.37449683875419926,0.3074440363771639,-0.34927656455276995,-0.3408958097961334,0.02436592438665353,0.313980163459137,-0.06424047265399137,0.346818086367641,0.009988708668670458,0.43583900184420793,0.3402150800686369,0.46074561789105123,-0.1070121135508604,0.9733707330643622,0.01572741125509664,0.3822035313621736,0.5705226589285773,-0.010164666080719753,0.03979010394291519,0.011243662013776742,0.010068611059750838,0.15963954520145132
P1_PIT02,-0.12104702397113858,-0.11902035947075253,-0.3850238651367297,-0.4947662542495737,0.002940531351192514,0.0027934388376709422,-0.00469111181100851,-0.004672956209756701,-0.15654448961390247,0.05840777787244692,0.0028646314275309268,0.0008107890075193686,-0.0015099404005698642,-0.002563890133937011,0.012543717759339103,0.02223649007636817,0.02311127490909671,0.021896459043105367,-0.024705655137566174,0.010396031132872949,1.0,0.058078245131214616,0.06784897545994106,-0.005274487961889608,-0.1796134804891729,-0.4222293822668536,-0.19207277050295,-0.011280224191439115,-0.02020775075008776,-0.02020775075008776,0.03579924626018056,0.020207750750088092,0.020207750750088092,0.020207750750088092,0.018317912589469635,-0.011125720149579566,-0.012489573622478519,-0.00941469788688633,-0.024811066760739055,-0.030145736009231823,-0.02183088471801456,-0.03581837159684405,-0.039995598019119644,0.006098105858097703,0.0005235699067352304,0.0007020411963658931,0.007844398581619533,-0.003973142257867044,-0.00035089734747647503,0.0005513797026287914,-0.03376875250750905,-0.0005943952378411043,-0.00823762546362844,0.00034590461818491446,-0.0027357605231925473,-0.0018476587845509406,0.023354716556899677,0.008531735850119711,-0.18016266102832432,0.010476986554948008,0.0039746971393161655,0.014086708850919403,0.0007370577146325164,0.05886200318576067,-0.10527887780529833,-0.0989115283853223
P1_PP04,-0.30894837812938375,-0.3155171799487602,0.19406288031378777,0.2030502528719556,-0.003911861695684411,-0.001795399157193518,-0.00552486349793766,-0.006412545922644494,-0.3097037682615249,-0.3027033731377468,0.005315326562507679,0.00566154179718951,0.01580389616150206,0.016660978492824344,-0.007197663317759564,-0.005323088344465171,-0.008571643833198682,-0.01330675641566076,0.041381349057901994,-0.010787253485060743,0.058078245131214616,1.0,0.9402725312486392,-0.036253819708723024,-0.37053413118944833,0.04683421036984386,0.457722928736957,-0.02311515994943853,0.006692993531322178,0.006692993531322178,-0.010648375887967455,-0.006692993531322411,-0.006692993531322411,-0.006692993531322411,-0.011460343085024072,0.0042516871520171355,-0.005052175034466603,-0.003556151174440034,-0.02999567577613563,-0.02089306432734567,-0.024595799729717996,-0.010245076000595824,0.0020327003755159076,0.011864793710722745,0.011428011951966452,-0.01020034954908715,-0.03594022976332387,0.011993833962172278,-0.013724466785047665,-0.01038516125565625,-0.0103704428660165,-0.0024420323403993274,0.009764714765635061,0.007116317524149999,0.0034884654927292897,0.0017514283785995506,-0.02537799120567395,-0.012407847840219208,-0.3684397594591727,-0.0181633113208175,-0.0004981281183461508,-0.0037976569508685843,0.005442813897662802,-0.30395666506501295,0.15131763333967058,0.14458711600645946
P1_PP04D,-0.17723715382071023,-0.18339684893222843,0.08071823849547119,0.08558889073697676,-0.007444667661168605,-0.0046766224430985414,-0.009353397078000574,-0.01017642980487798,-0.1777359264280615,-0.16736267950948927,-0.0012894949539500316,-0.000705096818004821,0.021580471177807436,0.022479842988444926,-0.00908513695119095,-0.006590603416396936,-0.009835172043822733,-0.0002316816795454908,0.04101639009342573,-0.021823087114693523,0.06784897545994106,0.9402725312486392,1.0,-0.03030463420914176,-0.4371574279399994,-0.06921246645497547,0.3119552390709277,-0.017083160382003502,0.0028536577040681886,0.0028536577040681886,-0.0067267011328410896,-0.002853657704068421,-0.002853657704068421,-0.002853657704068421,-0.010918072432340446,0.001169185017821858,0.004460546060131893,-0.0036570362261281624,-0.01920253007531047,-0.01571737403552914,-0.02147215385571961,-0.0008521486766558195,0.0018158181757961403,0.015510461176282702,0.020925086627061388,-0.016158226770082187,-0.023660325325638887,0.019696325463862335,-0.017118307301633124,-0.01647079485396595,-0.014225026671924509,-0.011021105028152097,0.00790049846924689,-0.003103693072616699,-0.006117311451043015,-0.009649766970602033,-0.027208215734047986,-0.024375934131251727,-0.43542068379305493,-0.019734024590101276,-0.010639205760664532,-0.0057060690711873635,-0.0011562873005374792,-0.16860077008200375,0.13671600762958994,0.1274444699303715
P1_PP04SP,0.019544875068215603,0.019963403604000198,-0.014960207095998742,-0.015558134478096093,-0.25644935643036465,-0.2555475936399499,-0.12557142076604513,-0.12595223699331604,0.02274276575353779,0.02102649978829831,-0.2135951090983153,-0.20289828375200464,-0.1125053834700347,-0.11294190236950546,0.07772450627370923,-0.12605997151638018,-0.1290387475978601,0.004561370364730099,-0.2598291115239444,0.03065243975192463,-0.005274487961889608,-0.036253819708723024,-0.03030463420914176,1.0,0.2066468384276805,0.019360641178271396,0.2104795921993715,0.038757130203711215,-0.13262594906983277,-0.13262594906983277,0.1746242908753764,0.13262594906983213,0.13262594906983213,0.13262594906983213,-0.29474694896402953,-0.10851565448779617,-0.04315780734595455,-0.1772676276641149,-0.1868081962782549,0.14043927537305925,-0.34779188618784995,0.3351298456064318,-0.051073436673683435,-0.003795761501681793,-0.00658958389934972,0.003494967227568534,-0.0224583315461156,-0.0016642728766673841,0.015392792987204446,0.002796981768492314,0.16181832162842133,0.00279378666657302,0.0004705288073485436,-0.004022544967986479,-0.0003843317567864346,-0.0005397076466730447,-0.04925143461869274,0.02478779997322391,0.20630022997563466,0.08632668033109094,0.02995091655689513,0.07946693432616517,-0.20475143346742616,0.021376200534821893,0.35704305472756975,0.3341337330798243
P1_TIT01,-0.21874770364879922,-0.21330247226716947,0.3237154465292431,0.33864743473736436,-0.10618234564115048,-0.1069709035628378,-0.014145110975370483,-0.014821887430595218,-0.22005577578553204,-0.2718042869718848,-0.09723320786790415,-0.09151837928454817,-0.06488928578778945,-0.06848304169669378,-0.002640547807241762,-0.08378145865793286,-0.08536938069321202,-0.010985236704864886,0.019755953582130198,0.015985563697249745,-0.1796134804891729,-0.37053413118944833,-0.4371574279399994,0.2066468384276805,1.0,0.5225704644644581,0.4857182919424453,0.05970595770524539,-0.020146785449833803,-0.020146785449833803,-0.030954833477181417,0.02014678544983299,0.02014678544983299,0.02014678544983299,-0.09654581567243145,-0.03158081787005261,-0.016232636790471863,-0.054149660466035046,0.03476065219497636,0.1363570644306201,-0.002580644952407613,0.1843820949573558,0.09151927420233973,-0.015068389045594606,-0.016982944641517308,0.01215882996253496,-0.0732794389280465,-0.0005261565295044864,0.004405955002865572,0.011712669323362412,0.06150162400602517,0.025933219220303234,-0.002003549496958714,0.019967392226688294,0.03172699098923197,0.033384801011135376,-0.09284074080559944,0.014674991214691901,0.9996599958984538,0.02114381311751539,0.026770568409100748,0.0009379223633392552,-0.09070144784053515,-0.27050639764919193,0.41851386853971945,0.39989691660543114
P1_TIT02,-0.6879180974504995,-0.6871764721901004,0.8101447424166791,0.872763625078767,0.01847124558821703,0.016664248327805935,0.015933810963183394,0.015475287507440049,-0.6852879695148401,-0.7963405323338724,0.007901946776866672,0.006210481410007095,-0.023186164811973938,-0.024840544788397378,-0.010537991761590093,-0.036027614542830266,-0.036273169950068206,-0.012020468666345012,-0.03429545610818254,0.012674039075907723,-0.4222293822668536,0.04683421036984386,-0.06921246645497547,0.019360641178271396,0.5225704644644581,1.0,0.7633798453451727,-0.051028748107242325,0.008023869358754829,0.008023869358754829,0.007260290736935413,-0.008023869358754595,-0.008023869358754595,-0.008023869358754595,-0.0008821724167068116,0.009722920603359077,-0.05589394239970643,-0.004691748803150825,-0.08214315546206524,-0.07607958132567193,-0.03851549670509206,-0.07647970899377629,-0.05050586051966633,-0.006585042628003527,-0.014509933155433944,0.009559603411812341,-0.012866891857928222,-0.015442768898209744,0.0036504306213320696,0.009168800692863417,0.019005468647059813,0.01728435194808126,0.00483354699467218,0.01475307284377293,0.02061006590023709,0.02197390195950089,0.03396865797633258,0.017812672831231207,0.524364430763488,6.969788874665046e-06,0.013783696499110095,-0.011142328512214576,0.00924360369695104,-0.7957919282055004,-0.12294155192570112,-0.11052093994433308
P1_TIT03,-0.7248037814985739,-0.7264024783811216,0.699887364661618,0.748403907080253,-0.0615855293619824,-0.06100483795093328,-0.010589502186216937,-0.011199313552554923,-0.7143904569915621,-0.7734745933861782,-0.040417504335313006,-0.037724847493949235,-0.04350857564535875,-0.04438949903587919,0.012568656392525345,-0.06920989899935871,-0.07193052212399682,-0.01530467356300064,-0.026018137401034345,0.015484827476228516,-0.19207277050295,0.457722928736957,0.3119552390709277,0.2104795921993715,0.4857182919424453,0.7633798453451727,1.0,-0.01565430135598229,-0.015807755455002157,-0.015807755455002157,0.007752581530227056,0.015807755455001783,0.015807755455001783,0.015807755455001783,-0.08832091654551398,-0.016526036671827452,-0.057090230965986755,-0.05087896240306533,-0.08335703396556852,0.016716657532303704,-0.0915288893647573,0.06660738179271247,0.0005709431963936843,-0.0073959897913569725,-0.011137742126904578,0.003809360491552506,-0.06588999062314581,-0.004886292977538536,-0.0005765357790775307,0.003245524175657353,0.049308848352070056,0.01650440514044805,0.005009348830478861,0.017263438891671777,0.023146183404538962,0.023906186554493215,-0.04546780654454456,0.01646211770209581,0.48795349658456877,0.015381133569382527,0.022045526327359958,0.014448432273703063,-0.036552075013113174,-0.7734330487656782,0.23807645800378063,0.22948973800620467
P2_24Vdc,0.0985812988951521,0.09826921216431171,-0.06420221958683808,-0.06821819175630521,-0.04997973537551119,-0.04748207381091503,-0.011122160508903661,-0.011186353400565818,0.08985023428495195,0.08788828094275883,-0.021384914300439192,-0.020751978614857794,-0.016775717296702537,-0.01599011574040537,0.03435434929871127,-0.018367547527736176,-0.017759648772067226,-0.011970554597670945,0.052863679179392324,0.01660624358354119,-0.011280224191439115,-0.02311515994943853,-0.017083160382003502,0.038757130203711215,0.05970595770524539,-0.051028748107242325,-0.01565430135598229,1.0,-0.018019762000336573,-0.018019762000336573,-0.0056913944129210435,0.018019762000336018,0.018019762000336018,0.018019762000336018,-0.018025656854639055,-0.01910303325163654,0.04925802642945783,-0.030814810516229477,0.03353384326511373,0.11139887685732547,-0.02226430717777791,0.14319887851788418,0.07283650803443868,-0.009219511181722678,-0.005444459418260151,0.005792274226339422,0.006180827621669621,-0.00649703603954274,0.003892199858537919,0.005324885676313674,-0.008517639826465239,0.005871800960250091,0.0005483383979604196,0.002307210009211943,0.0026357357406861714,0.003489451912360408,-0.08861181318173175,0.011405713130705923,0.05896994174093205,0.035059186013868586,0.016385713679309567,0.0345357805155146,-0.022848449873795543,0.08795451391982707,0.1382618403064096,0.1308599946185042
P2_ATSW_Lamp,-0.006981620832014283,-0.0076364236634025645,0.017727258238249007,0.020093656346693564,-0.014810894743102892,-0.01285734268134154,-0.012027646278099546,-0.013044424574944752,-0.007893962454357032,-0.012199478013448494,-0.03783125237685469,-0.04477172674751832,-0.0014781924446453387,-0.0023838971339941893,-0.03668030361217751,-0.005139773298029584,-0.005409495087757496,-0.00012003866223953905,-0.09530625236708491,-0.021303449815375033,-0.02020775075008776,0.006692993531322178,0.0028536577040681886,-0.13262594906983277,-0.020146785449833803,0.008023869358754829,-0.015807755455002157,-0.018019762000336573,1.0,1.0,-0.10337051374517665,-1.0000000000000007,-1.0000000000000007,-1.0000000000000007,-0.12453859529499021,0.9668983001832336,-0.04202324060756032,0.9377174393445419,0.039139315724908766,-0.06959802783897966,0.08874308587594318,-0.1149597094923575,0.014528168187160214,0.00454397965963718,0.009407112179050795,-0.0066550743621080575,-0.004191692514932324,0.0049735972948991725,-0.004121829438003833,-0.0072027134970860844,0.05517626745491586,0.0009119254995627313,0.010680307188934748,0.005262044048705894,0.006253074763203732,0.004256285090198705,0.019316058134534988,-0.018504474204884026,-0.019897417181065597,-0.047241262249962314,-0.014095120812124863,-0.03492678020330085,-0.04580939654165164,-0.011888938727364108,-0.047153053025890866,-0.04268352732618342
P2_AutoGO,-0.006981620832014283,-0.0076364236634025645,0.017727258238249007,0.020093656346693564,-0.014810894743102892,-0.01285734268134154,-0.012027646278099546,-0.013044424574944752,-0.007893962454357032,-0.012199478013448494,-0.03783125237685469,-0.04477172674751832,-0.0014781924446453387,-0.0023838971339941893,-0.03668030361217751,-0.005139773298029584,-0.005409495087757496,-0.00012003866223953905,-0.09530625236708491,-0.021303449815375033,-0.02020775075008776,0.006692993531322178,0.0028536577040681886,-0.13262594906983277,-0.020146785449833803,0.008023869358754829,-0.015807755455002157,-0.018019762000336573,1.0,1.0,-0.10337051374517665,-1.0000000000000007,-1.0000000000000007,-1.0000000000000007,-0.12453859529499021,0.9668983001832336,-0.04202324060756032,0.9377174393445419,0.039139315724908766,-0.06959802783897966,0.08874308587594318,-0.1149597094923575,0.014528168187160214,0.00454397965963718,0.009407112179050795,-0.0066550743621080575,-0.004191692514932324,0.0049735972948991725,-0.004121829438003833,-0.0072027134970860844,0.05517626745491586,0.0009119254995627313,0.010680307188934748,0.005262044048705894,0.006253074763203732,0.004256285090198705,0.019316058134534988,-0.018504474204884026,-0.019897417181065597,-0.047241262249962314,-0.014095120812124863,-0.03492678020330085,-0.04580939654165164,-0.011888938727364108,-0.047153053025890866,-0.04268352732618342
P2_AutoSD,-0.05297065875738832,-0.052548778769289185,0.0193915411343909,0.01844213722703948,-0.024631773417089126,-0.025479185204688466,0.013774674603432839,0.014644778027023823,-0.04722210640176302,-0.03936921297857319,0.011716054941847546,0.015323161374283098,0.0245462894680642,0.026839112436746183,0.1096724615652144,-0.023988924680275962,-0.02373451493677825,0.007813822836977085,-0.0227061778794263,-0.025178221466729146,0.03579924626018056,-0.010648375887967455,-0.0067267011328410896,0.1746242908753764,-0.030954833477181417,0.007260290736935413,0.007752581530227056,-0.0056913944129210435,-0.10337051374517665,-0.10337051374517665,1.0,0.10337051374517725,0.10337051374517725,0.10337051374517725,0.03346719537952166,0.11223428550605179,0.08899159293646722,0.10676041650694844,-0.020018242445615307,-0.00020316568330552625,-0.04207339308372593,-0.003204648636222029,-0.0095280273365135,0.010178417084141966,0.0017362569182833765,-0.0005198261339981435,0.03686021549052571,-0.013964092690448415,-0.0003328934794836068,-0.0005177171971135636,0.06213808478929007,-0.007129928112452524,0.010592511213373852,-0.009188856081072875,-0.012784394500241733,-0.010087587835176503,0.18494870894916438,-0.022186080911378334,-0.031107579414713787,-0.04186323245330236,-0.023875957967319422,0.11067548739917026,0.016046388839936483,-0.039657161808348926,-0.04644973903961785,-0.04637584251852211
P2_MASW,0.006981620832013516,0.007636423663401871,-0.017727258238248625,-0.020093656346693245,0.014810894743103155,0.012857342681341801,0.012027646278099895,0.013044424574945123,0.007893962454356324,0.012199478013447757,0.037831252376855244,0.0447717267475188,0.001478192444645701,0.0023838971339945293,0.036680303612178236,0.005139773298029838,0.0054094950877578265,0.00012003866223963552,0.09530625236708555,0.02130344981537499,0.020207750750088092,-0.006692993531322411,-0.002853657704068421,0.13262594906983213,0.02014678544983299,-0.008023869358754595,0.015807755455001783,0.018019762000336018,-1.0000000000000007,-1.0000000000000007,0.10337051374517725,1.0,1.0,1.0,0.12453859529499152,-0.9668983001832333,0.04202324060756087,-0.937717439344541,-0.03913931572490946,0.06959802783897907,-0.08874308587594375,0.11495970949235694,-0.014528168187161163,-0.004543979659637182,-0.009407112179050782,0.006655074362108024,0.004191692514932683,-0.004973597294899189,0.004121829438003798,0.007202713497086094,-0.05517626745491582,-0.0009119254995627268,-0.010680307188934788,-0.005262044048705877,-0.006253074763203774,-0.004256285090198697,-0.019316058134533763,0.018504474204883773,0.01989741718106476,0.047241262249962,0.014095120812124797,0.0349267802033014,0.04580939654165203,0.01188893872736354,0.047153053025889,0.04268352732618191
P2_MASW_Lamp,0.006981620832013516,0.007636423663401871,-0.017727258238248625,-0.020093656346693245,0.014810894743103155,0.012857342681341801,0.012027646278099895,0.013044424574945123,0.007893962454356324,0.012199478013447757,0.037831252376855244,0.0447717267475188,0.001478192444645701,0.0023838971339945293,0.036680303612178236,0.005139773298029838,0.0054094950877578265,0.00012003866223963552,0.09530625236708555,0.02130344981537499,0.020207750750088092,-0.006692993531322411,-0.002853657704068421,0.13262594906983213,0.02014678544983299,-0.008023869358754595,0.015807755455001783,0.018019762000336018,-1.0000000000000007,-1.0000000000000007,0.10337051374517725,1.0,1.0,1.0,0.12453859529499152,-0.9668983001832333,0.04202324060756087,-0.937717439344541,-0.03913931572490946,0.06959802783897907,-0.08874308587594375,0.11495970949235694,-0.014528168187161163,-0.004543979659637182,-0.009407112179050782,0.006655074362108024,0.004191692514932683,-0.004973597294899189,0.004121829438003798,0.007202713497086094,-0.05517626745491582,-0.0009119254995627268,-0.010680307188934788,-0.005262044048705877,-0.006253074763203774,-0.004256285090198697,-0.019316058134533763,0.018504474204883773,0.01989741718106476,0.047241262249962,0.014095120812124797,0.0349267802033014,0.04580939654165203,0.01188893872736354,0.047153053025889,0.04268352732618191
P2_ManualGO,0.006981620832013516,0.007636423663401871,-0.017727258238248625,-0.020093656346693245,0.014810894743103155,0.012857342681341801,0.012027646278099895,0.013044424574945123,0.007893962454356324,0.012199478013447757,0.037831252376855244,0.0447717267475188,0.001478192444645701,0.0023838971339945293,0.036680303612178236,0.005139773298029838,0.0054094950877578265,0.00012003866223963552,0.09530625236708555,0.02130344981537499,0.020207750750088092,-0.006692993531322411,-0.002853657704068421,0.13262594906983213,0.02014678544983299,-0.008023869358754595,0.015807755455001783,0.018019762000336018,-1.0000000000000007,-1.0000000000000007,0.10337051374517725,1.0,1.0,1.0,0.12453859529499152,-0.9668983001832333,0.04202324060756087,-0.937717439344541,-0.03913931572490946,0.06959802783897907,-0.08874308587594375,0.11495970949235694,-0.014528168187161163,-0.004543979659637182,-0.009407112179050782,0.006655074362108024,0.004191692514932683,-0.004973597294899189,0.004121829438003798,0.007202713497086094,-0.05517626745491582,-0.0009119254995627268,-0.010680307188934788,-0.005262044048705877,-0.006253074763203774,-0.004256285090198697,-0.019316058134533763,0.018504474204883773,0.01989741718106476,0.047241262249962,0.014095120812124797,0.0349267802033014,0.04580939654165203,0.01188893872736354,0.047153053025889,0.04268352732618191
P2_ManualSD,-0.034003144744727494,-0.03365028053822863,0.015834596848933954,0.010964742606616257,0.029268245750853353,0.028334536422720772,0.001907980277514809,0.0022271181698798916,-0.02878340189456704,-0.0250432428839359,-0.009268149972203576,-0.02023565870547816,0.03676688543260704,0.03731396525104994,-0.008374951770572828,-0.015897122141952387,-0.013558189394220162,-0.00876003190634076,0.20717111111700845,-0.06540847237746929,0.018317912589469635,-0.011460343085024072,-0.010918072432340446,-0.29474694896402953,-0.09654581567243145,-0.0008821724167068116,-0.08832091654551398,-0.018025656854639055,-0.12453859529499021,-0.12453859529499021,0.03346719537952166,0.12453859529499152,0.12453859529499152,0.12453859529499152,1.0,-0.11190524384194814,0.11263045861118565,-0.05622075431995386,0.05336582095828818,-0.12009209719368144,0.12608579229049344,-0.23766628954179247,-0.003299867438408376,0.008843709780533598,0.013208964082665432,-0.02048921516554468,0.051136748115814465,0.003221795372926075,-0.009679250857113008,-0.019319200261796527,0.11726376673203917,-0.021930915861218068,-0.01166859718392407,-0.011261721638497072,-0.016290719575713805,-0.014124919684627193,-0.11895185070336926,-0.06198756860154631,-0.09649023866595856,-0.1659233219002443,-0.07466984858105706,-0.009868794748759308,-0.021270486776700022,-0.025152758933811626,-0.19259417487263683,-0.18445040657762998
P2_SCO,-0.022636801516804847,-0.0231566106554544,0.023377608778619923,0.025930340215012972,-0.010036307573146965,-0.008449075105265873,0.0024536756734372333,0.0015783129074249719,-0.021238947772286982,-0.023486730442989986,-0.01306142925565718,-0.0204042650092886,0.016035998388030714,0.015169482076839484,-0.005258264425875256,-0.007651164800123201,-0.008067376411915881,0.00011793208228867759,-0.1062085746288421,-0.03234211739563928,-0.011125720149579566,0.0042516871520171355,0.001169185017821858,-0.10851565448779617,-0.03158081787005261,0.009722920603359077,-0.016526036671827452,-0.01910303325163654,0.9668983001832336,0.9668983001832336,0.11223428550605179,-0.9668983001832333,-0.9668983001832333,-0.9668983001832333,-0.11190524384194814,1.0,-0.011257278856409281,0.97259285001624,0.0431591984783669,-0.0717650446463265,0.09195483911291676,-0.12813791437484418,0.016490686804054643,0.007981171756397542,0.01213813963064243,-0.007773998635752321,0.006214964226213518,0.004342676658327333,-0.005109853728790036,-0.008208945362622693,0.0688316150284071,-0.003504214093210261,0.01440811596237237,-0.0010603718967260162,-0.0001392574224380478,-0.00241491878054718,0.05631559638729105,-0.028962632091861028,-0.03143774712134319,-0.05777354643482285,-0.02386214040739628,-0.0026785026695960133,-0.02087922631495054,-0.02324963588810535,-0.06963042017553105,-0.06584298516189795
P2_SCST,0.11243687458257472,0.1132306148110142,-0.07552431765250053,-0.08576559030729254,0.018974723095568836,0.016705376423124727,-0.01659903509635164,-0.01596215718267727,0.10190039536283851,0.10111803089896584,0.09196235029624156,0.09774632245970227,0.082670227503422,0.07070085144064966,0.09080042728282396,-0.17817172280144056,-0.16982135212370567,0.012693369859506183,0.19760169189572033,-0.12689915813063998,-0.012489573622478519,-0.005052175034466603,0.004460546060131893,-0.04315780734595455,-0.016232636790471863,-0.05589394239970643,-0.057090230965986755,0.04925802642945783,-0.04202324060756032,-0.04202324060756032,0.08899159293646722,0.04202324060756087,0.04202324060756087,0.04202324060756087,0.11263045861118565,-0.011257278856409281,1.0,0.1104932429802092,0.051372935118047386,0.15932791213902248,-0.0390203532314055,0.1804045989497872,0.11147217088862464,0.28673104773494473,0.36184841752520674,-0.1312915528879881,0.01079110289973576,0.37604096804035847,-0.060149523495013256,-0.13244234919326184,-0.04448794527771491,-0.1571547582453914,-0.006953173404485202,-0.18574592963718248,-0.15593796080406486,-0.1876094530301979,0.060383196275784284,-0.12619860491314328,-0.01721139815772119,-0.030980553159112818,-0.1870950216859432,0.1089396306097305,0.1051168548017158,0.10080736785342805,0.06407176589757031,-0.002393668904329048
P2_SIT01,-0.003351487972985381,-0.003686674104172276,0.007221051562232625,0.007652753028468469,0.02571993505186988,0.026524652920442076,0.004698101890876427,0.0038053262298564147,-0.00242257682907372,-0.0037778630544627327,0.009261876368845677,0.0012043567621336396,0.04413934597961732,0.0404882152019743,-0.02485654404884246,-0.028782187180303728,-0.027154286088618588,-0.0008439280421993195,-0.1239396747870761,-0.07221299113683224,-0.00941469788688633,-0.003556151174440034,-0.0036570362261281624,-0.1772676276641149,-0.054149660466035046,-0.004691748803150825,-0.05087896240306533,-0.030814810516229477,0.9377174393445419,0.9377174393445419,0.10676041650694844,-0.937717439344541,-0.937717439344541,-0.937717439344541,-0.05622075431995386,0.97259285001624,0.1104932429802092,1.0,0.10900123755140416,-0.09424295668748298,0.2072068320578611,-0.19429094464235677,0.03423912299557122,0.06211556756165004,0.08320066597419173,-0.030848365002708916,0.014270071849089917,0.07870593046970607,-0.015100215737216231,-0.031454837853252815,0.0807638714397739,-0.03538684505972012,0.008626483318254443,-0.04114051060253077,-0.03375725148727783,-0.043563407334428504,0.08819271580410808,-0.06558500114598588,-0.054157040093881906,-0.0908598549376926,-0.07498458176676413,-0.019031583287320145,0.002333195540259856,-0.0036059511353794768,-0.09596677144854851,-0.1042446850543831
P2_VIBTR01,0.16007536665335934,0.15975342253278513,-0.11058908299518902,-0.10937894913200197,0.05226299513552371,0.05032762676087824,0.016205047778305722,0.016161934049737023,0.14859979759178618,0.14363674976509422,0.03033340797417975,0.02523238477929748,0.04061181549320966,0.038770834278289056,-0.03732996427732467,-0.006042675346236272,-0.0072951733190811125,-0.016903693271600427,-0.058041270695981695,-0.05444673816693177,-0.024811066760739055,-0.02999567577613563,-0.01920253007531047,-0.1868081962782549,0.03476065219497636,-0.08214315546206524,-0.08335703396556852,0.03353384326511373,0.039139315724908766,0.039139315724908766,-0.020018242445615307,-0.03913931572490946,-0.03913931572490946,-0.03913931572490946,0.05336582095828818,0.0431591984783669,0.051372935118047386,0.10900123755140416,1.0,0.07094943007919527,0.7565142497197349,0.10351815029480683,-0.0028849760268535364,0.01251404753190732,0.019951010210192802,0.011323416543631807,0.009066293338382004,0.024562284181724667,-0.0019296941142196062,0.010877857973096471,0.04603084527456133,4.8301112560791265e-05,-0.0008649112689373665,-0.016489454091820763,-0.010269007287783615,-0.017629838643003423,-0.0300581459923079,-0.05049882319323746,0.03413855980593157,-0.07799035405449999,-0.04717226005622397,-0.03399381371976133,0.028056817931475755,0.14381847408817075,0.12004417798594072,0.10671631603337438
P2_VIBTR02,0.17545836110954993,0.17588043156981692,-0.11300168261817517,-0.11298282987256093,-0.10024527134878958,-0.09938713630785125,-0.025262360329813036,-0.024449944559258373,0.15876633242546315,0.1517737915764872,-0.0341758845487227,-0.029107396922033967,-0.03512283364933635,-0.034474312282358525,0.07901473897100555,-0.04654807905036047,-0.04818227070749058,-0.007086807129390331,0.14965149369719136,0.031096593668709902,-0.030145736009231823,-0.02089306432734567,-0.01571737403552914,0.14043927537305925,0.1363570644306201,-0.07607958132567193,0.016716657532303704,0.11139887685732547,-0.06959802783897966,-0.06959802783897966,-0.00020316568330552625,0.06959802783897907,0.06959802783897907,0.06959802783897907,-0.12009209719368144,-0.0717650446463265,0.15932791213902248,-0.09424295668748298,0.07094943007919527,1.0,-0.34796351023701466,0.726680460495923,0.6841720503309585,0.023597645569072137,0.03505398472034396,-0.013482530731650488,-0.0066981010334821916,0.04582788675228244,-0.014350657892153871,-0.01382094028824778,-0.06710156944953818,-0.01099771380262694,0.003423356028681376,-0.013231797821149117,-0.00844008299479271,-0.01044118330534026,-0.14516376139395173,0.02348374515669465,0.13500649245779345,0.11120222440902973,0.03126685083447392,0.08106769852538669,-0.029436047197012413,0.15162975051443467,0.299891956612245,0.2773441744800168
P2_VIBTR03,0.0932621693355501,0.0932049839157127,-0.05713566703083625,-0.05823573981616092,0.1466058880714205,0.14392148135159616,0.042754619079259204,0.042670731271839235,0.0889558697108413,0.08425623175914985,0.06255268668448347,0.05167424900900856,0.0777558134341634,0.07567077741479537,-0.1201162582292868,0.03091757785216941,0.03164949756224268,-0.014181584873475494,-0.2085429883325128,-0.09392457138691054,-0.02183088471801456,-0.024595799729717996,-0.02147215385571961,-0.34779188618784995,-0.002580644952407613,-0.03851549670509206,-0.0915288893647573,-0.02226430717777791,0.08874308587594318,0.08874308587594318,-0.04207339308372593,-0.08874308587594375,-0.08874308587594375,-0.08874308587594375,0.12608579229049344,0.09195483911291676,-0.0390203532314055,0.2072068320578611,0.7565142497197349,-0.34796351023701466,1.0,-0.4586133779758401,-0.2015452819479194,0.017940768415959443,0.023807046363644137,0.007180181518716382,0.014777248030401268,0.018561456204786695,-0.008687839134001446,0.006740388682051168,0.12570704773068955,-0.005361084358268539,-0.0011709752496731865,-0.01805304327978441,-0.013074934016265997,-0.020664484599988008,0.05280249110011805,-0.08232620602281039,-0.002732554751331887,-0.18036487621295128,-0.08872483386237466,-0.11805358439729828,0.05463308377360486,0.08432620183903906,-0.00039372048432554193,-0.006911268240008565
P2_VIBTR04,0.19325979589730194,0.19294196883534523,-0.12019860486017808,-0.12050138530105171,-0.18332638519921216,-0.18178496659473076,-0.05888561618625417,-0.05863746926972812,0.17115920106111335,0.16283108926611994,-0.09057047059464161,-0.08004935727177262,-0.08352818012998764,-0.08272240214419885,0.1201855381168486,-0.0735193124916413,-0.07643493456216363,-0.006195043400491449,0.23669530139312306,0.07106994831123134,-0.03581837159684405,-0.010245076000595824,-0.0008521486766558195,0.3351298456064318,0.1843820949573558,-0.07647970899377629,0.06660738179271247,0.14319887851788418,-0.1149597094923575,-0.1149597094923575,-0.003204648636222029,0.11495970949235694,0.11495970949235694,0.11495970949235694,-0.23766628954179247,-0.12813791437484418,0.1804045989497872,-0.19429094464235677,0.10351815029480683,0.726680460495923,-0.4586133779758401,1.0,0.3567896883727645,0.019229239771289246,0.0337735842781095,-0.011009375446022618,-0.010390176475544388,0.051351637771690065,0.003199388382078462,-0.011541694922639956,-0.10572293432716783,-0.00738210691909877,-0.00028481312607271246,-0.015466764542666253,-0.008231342139202822,-0.011071723574801563,-0.2163309323195025,0.05747402644439098,0.18310851715253426,0.2241195946833169,0.07316480850412327,0.12376745995068059,-0.08184516926062103,0.16307594951390694,0.40810378012344917,0.37819710494712294
P2_VT01,0.12798584979800645,0.1279441077085216,-0.0762598751189657,-0.07193752043157647,-0.016657113510988,-0.017019364180310026,0.009333256121264902,0.010130579810677326,0.11850942040996665,0.10951151915644544,0.012525458267086405,0.01171434504923858,0.021938109590135,0.0206269520614092,0.02630565897771681,-0.03791202354118569,-0.03712945356944277,-0.01174244429493687,0.048522966959777904,-0.02821162849694958,-0.039995598019119644,0.0020327003755159076,0.0018158181757961403,-0.051073436673683435,0.09151927420233973,-0.05050586051966633,0.0005709431963936843,0.07283650803443868,0.014528168187160214,0.014528168187160214,-0.0095280273365135,-0.014528168187161163,-0.014528168187161163,-0.014528168187161163,-0.003299867438408376,0.016490686804054643,0.11147217088862464,0.03423912299557122,-0.0028849760268535364,0.6841720503309585,-0.2015452819479194,0.3567896883727645,1.0,0.028049406513813414,0.038223086222667235,-0.017625968789384504,-0.009039183903236974,0.041717613130006555,-0.012835282146261959,-0.017471753456447085,-0.014114750017146321,-0.021150434772764227,0.005156376006655867,-0.023282218765661344,-0.019176209652577762,-0.022668060774230885,-0.08031036817577654,-0.03224427692947834,0.09039915178686418,-0.019126667022158123,-0.029185850970376258,0.029561951944939838,0.013409857675581557,0.10943938006712915,0.19485429196693452,0.175305378391387
P3_FIT01,0.003221306482484615,0.003867188344601863,-0.007769349150672575,-0.008100475538871348,0.011419371508082789,0.006430641180540382,-0.15788977576280655,-0.15560101131386178,0.005103624310514429,0.006351317841773786,0.006784921071927798,0.007313465989381291,-0.06439318863592502,-0.07648359060005806,0.0009151192948081761,-0.2749351791988709,-0.21418703407065168,0.011686976381968814,-0.013481957168434443,-0.05918994723772942,0.006098105858097703,0.011864793710722745,0.015510461176282702,-0.003795761501681793,-0.015068389045594606,-0.006585042628003527,-0.0073959897913569725,-0.009219511181722678,0.00454397965963718,0.00454397965963718,0.010178417084141966,-0.004543979659637182,-0.004543979659637182,-0.004543979659637182,0.008843709780533598,0.007981171756397542,0.28673104773494473,0.06211556756165004,0.01251404753190732,0.023597645569072137,0.017940768415959443,0.019229239771289246,0.028049406513813414,1.0,0.7341410578245675,-0.5985208450398558,-0.06585656384956141,0.42072508686789534,-0.155341246755543,-0.5982065808262448,0.012941344630347807,-0.5907024066030961,-0.06654521895667691,-0.4556752237755303,-0.41861259714652876,-0.45228719337000944,-0.004277404933300244,-0.05366374905404482,-0.01547941868089955,0.004697129450340091,-0.42393558999507913,0.007435671560183254,0.016833125818787553,0.006247970421117834,-0.012090365368310062,-0.1638157435982631
P3_LCP01D,0.0024702604484720275,0.00373204647848897,-0.005529909633706386,-0.00770611065021452,0.029263991745030644,0.022466872797448096,-0.17116590135165072,-0.17204088624168143,0.00648298226773207,0.006538844096759771,-0.004276007920808258,-0.003670943582457191,0.14375554604152446,0.11196247226789398,-0.0363194959894662,-0.4932707423379371,-0.4603662004548145,0.01601228973914137,-0.013746371653906646,-0.37449683875419926,0.0005235699067352304,0.011428011951966452,0.020925086627061388,-0.00658958389934972,-0.016982944641517308,-0.014509933155433944,-0.011137742126904578,-0.005444459418260151,0.009407112179050795,0.009407112179050795,0.0017362569182833765,-0.009407112179050782,-0.009407112179050782,-0.009407112179050782,0.013208964082665432,0.01213813963064243,0.36184841752520674,0.08320066597419173,0.019951010210192802,0.03505398472034396,0.023807046363644137,0.0337735842781095,0.038223086222667235,0.7341410578245675,1.0,-0.8323320737476374,0.13743898727276674,0.8376806120785778,-0.1641999128763748,-0.8369888700172778,0.011683084907981728,-0.7436563814366889,-0.060086055461574396,-0.6103270246019253,-0.5100222099116795,-0.6150440699903682,-0.008071031193585963,-0.36206969478929935,-0.017660705075990407,0.011783168518420735,-0.5752360910900561,0.009284084138883738,0.013281244534826287,0.006505756272075535,-0.00923860998252324,-0.2159172365723091
P3_LCV01D,0.00825085426192606,0.0073513498650707694,-0.003397402930864153,-0.0028635002988194732,-0.022878165612634213,-0.0184197042006472,0.16031133102466275,0.16120796783519883,0.003419775203255232,0.0036264963380063394,0.011667129594641105,0.01127796521534286,-0.10313478010871545,-0.07695147593945911,0.041786861135158254,0.4178351425636785,0.38045689930143073,-0.008210355086320299,0.0006737213769179693,0.3074440363771639,0.0007020411963658931,-0.01020034954908715,-0.016158226770082187,0.003494967227568534,0.01215882996253496,0.009559603411812341,0.003809360491552506,0.005792274226339422,-0.0066550743621080575,-0.0066550743621080575,-0.0005198261339981435,0.006655074362108024,0.006655074362108024,0.006655074362108024,-0.02048921516554468,-0.007773998635752321,-0.1312915528879881,-0.030848365002708916,0.011323416543631807,-0.013482530731650488,0.007180181518716382,-0.011009375446022618,-0.017625968789384504,-0.5985208450398558,-0.8323320737476374,1.0,-0.11098889434587746,-0.5990523524460103,0.21128133380432898,0.9990654546178489,-0.013783308700633145,0.8190212599106811,0.05411937194496767,0.5547514004595714,0.4640346082288228,0.5576374192773444,0.0001583010772661908,0.29949433217253657,0.012631081443741782,-0.004452103967150221,0.5255506338126601,0.005837352846394113,-0.002720057334356417,0.003396643613277166,0.014662807504631326,0.2021862408750202
P3_LIT01,-0.020967304426750523,-0.020049007506775823,0.008874427643167914,0.01019132657989135,0.02628076702519345,0.027363082378426114,0.06229042199449299,0.06289709144765578,-0.01904380917846865,-0.01750473377178313,0.03933434299225526,0.03655700627707218,0.2564509628750557,0.26355517492765723,0.022473609920495772,-0.20638056234070237,-0.2239774387054518,0.014053508950846682,-0.05110781332133403,-0.34927656455276995,0.007844398581619533,-0.03594022976332387,-0.023660325325638887,-0.0224583315461156,-0.0732794389280465,-0.012866891857928222,-0.06588999062314581,0.006180827621669621,-0.004191692514932324,-0.004191692514932324,0.03686021549052571,0.004191692514932683,0.004191692514932683,0.004191692514932683,0.051136748115814465,0.006214964226213518,0.01079110289973576,0.014270071849089917,0.009066293338382004,-0.0066981010334821916,0.014777248030401268,-0.010390176475544388,-0.009039183903236974,-0.06585656384956141,0.13743898727276674,-0.11098889434587746,1.0,0.04809317931426855,-0.023941579011403664,-0.1154861854700357,-0.01981607871416577,-0.1691479494315109,-0.009961930579031884,-0.25280584039466253,-0.2072736053568162,-0.26150035178151737,-0.017792586878547366,-0.3427361771673787,-0.07371569543370783,0.008636639794322675,-0.23731707975081592,0.020485150367563244,0.0328503141955739,-0.017640908432629665,-0.05462902703471215,-0.1373520273460702
P3_PIT01,0.01311090682121422,0.013853642695422172,-0.010537948311349622,-0.011363964797460581,0.022770201499385592,0.01611364264445676,-0.15093696655955804,-0.15276647548140052,0.01428907188476381,0.01322616546620582,-0.013151459890054498,-0.011601356561497989,0.1427073404177253,0.10848262029899128,-0.041379010102018936,-0.414813115414923,-0.4007001179789646,0.017879119301551873,0.002948473817149718,-0.3408958097961334,-0.003973142257867044,0.011993833962172278,0.019696325463862335,-0.0016642728766673841,-0.0005261565295044864,-0.015442768898209744,-0.004886292977538536,-0.00649703603954274,0.0049735972948991725,0.0049735972948991725,-0.013964092690448415,-0.004973597294899189,-0.004973597294899189,-0.004973597294899189,0.003221795372926075,0.004342676658327333,0.37604096804035847,0.07870593046970607,0.024562284181724667,0.04582788675228244,0.018561456204786695,0.051351637771690065,0.041717613130006555,0.42072508686789534,0.8376806120785778,-0.5990523524460103,0.04809317931426855,1.0,-0.07131922728115081,-0.6013136977996302,0.008452863467719186,-0.525939721435645,-0.05519450105406849,-0.457566433695687,-0.3601091864188049,-0.46310015949964994,-0.011782400535086187,-0.329658561856824,-0.0012051985516688853,0.022999504179051014,-0.4309349365578077,0.009836625504951587,0.005081054902490102,0.013235458129472407,0.008587785313115898,-0.14900965689667062
P4_HT_FD,-0.006883294618152572,-0.007373782219032947,0.00592023550600447,0.004824505811574191,-0.0020736967402436297,-0.0012805528710386751,0.017652981325972903,0.01639941464722105,-0.009600713688355817,-0.009431264058844308,-0.0107808966409867,-0.010706267112958436,-0.005401705496591726,-0.004585139124758204,-0.014349358688045712,0.034289062006492114,0.03559823370623861,-0.0005468793652252391,0.0022041486568835805,0.02436592438665353,-0.00035089734747647503,-0.013724466785047665,-0.017118307301633124,0.015392792987204446,0.004405955002865572,0.0036504306213320696,-0.0005765357790775307,0.003892199858537919,-0.004121829438003833,-0.004121829438003833,-0.0003328934794836068,0.004121829438003798,0.004121829438003798,0.004121829438003798,-0.009679250857113008,-0.005109853728790036,-0.060149523495013256,-0.015100215737216231,-0.0019296941142196062,-0.014350657892153871,-0.008687839134001446,0.003199388382078462,-0.012835282146261959,-0.155341246755543,-0.1641999128763748,0.21128133380432898,-0.023941579011403664,-0.07131922728115081,1.0,0.22219336060063746,0.002099462696210756,0.09466038730153108,-0.1827414854315181,0.0179556023880241,-0.027625791329354225,0.01755409440354648,-0.0027441189974490828,0.022635764849146228,0.004289539967207823,0.008043800894823858,0.020901616722899072,-0.013417790539998791,-0.011208529131797849,-0.009588060283171352,-0.00460774555143644,0.001816472270225175
P4_HT_PO,0.008840812766217815,0.007913472984297223,-0.003814377293737768,-0.003312597650105706,-0.023048517994820165,-0.018483617528883226,0.1606634193445802,0.16163271627813636,0.003932701796648841,0.004155084615284476,0.012542654412019004,0.012152008038868909,-0.10744004271302607,-0.08066114280392299,0.04279676957142923,0.4210366551754728,0.3857137282935351,-0.008275812036512703,0.0012624423806562326,0.313980163459137,0.0005513797026287914,-0.01038516125565625,-0.01647079485396595,0.002796981768492314,0.011712669323362412,0.009168800692863417,0.003245524175657353,0.005324885676313674,-0.0072027134970860844,-0.0072027134970860844,-0.0005177171971135636,0.007202713497086094,0.007202713497086094,0.007202713497086094,-0.019319200261796527,-0.008208945362622693,-0.13244234919326184,-0.031454837853252815,0.010877857973096471,-0.01382094028824778,0.006740388682051168,-0.011541694922639956,-0.017471753456447085,-0.5982065808262448,-0.8369888700172778,0.9990654546178489,-0.1154861854700357,-0.6013136977996302,0.22219336060063746,1.0,-0.013789997831926748,0.8095814246581584,0.04850900552290236,0.5490905158320192,0.45575031617158895,0.552260104747604,0.0001737482128287044,0.3057229123747652,0.012168154499880214,-0.004421566628301059,0.5205990168269549,0.005933551398076528,-0.002101581617356412,0.003935357460567456,0.014289732875126566,0.20004236585405422
P4_HT_PS,0.022626559375691153,0.022619488588706854,0.000344756229573877,0.003788697728296829,-0.005858734754428759,-0.007153627866124485,-0.032602709848091126,-0.032137138687061834,0.023736471271611066,0.01567816966523738,-0.05483647126710457,-0.0523469965026665,0.010553399018045495,0.007071476714130328,-0.10331187844207836,-0.05883015069832427,-0.06133180808439461,-0.006301289262731687,0.010742350779503074,-0.06424047265399137,-0.03376875250750905,-0.0103704428660165,-0.014225026671924509,0.16181832162842133,0.06150162400602517,0.019005468647059813,0.049308848352070056,-0.008517639826465239,0.05517626745491586,0.05517626745491586,0.06213808478929007,-0.05517626745491582,-0.05517626745491582,-0.05517626745491582,0.11726376673203917,0.0688316150284071,-0.04448794527771491,0.0807638714397739,0.04603084527456133,-0.06710156944953818,0.12570704773068955,-0.10572293432716783,-0.014114750017146321,0.012941344630347807,0.011683084907981728,-0.013783308700633145,-0.01981607871416577,0.008452863467719186,0.002099462696210756,-0.013789997831926748,1.0,-0.01182650534165416,0.0016984530865514224,-0.008707844284318133,-0.00550083096483646,-0.00941898005601733,0.045743506871823006,-0.060791178990248544,0.06136196985486832,-0.13348199263155724,-0.06079924383770677,-0.10070401653024105,-0.051528224880379274,0.01561489869967336,0.09423298955416445,0.08558021037438232
P4_LD,0.006249498464585602,0.005151951988308624,0.0005485464382074466,0.0024613339016326566,-0.0213787176333775,-0.016832816160851017,0.16284508836444314,0.16142598554699558,-2.8237999539150932e-05,-0.00011865964132480891,-0.005564295506912016,-0.005001354955786594,-0.12217772401585875,-0.10098568130245872,0.019467512066111532,0.5218503790971883,0.4409326437644141,-0.017091643382403477,0.02372476487823503,0.346818086367641,-0.0005943952378411043,-0.0024420323403993274,-0.011021105028152097,0.00279378666657302,0.025933219220303234,0.01728435194808126,0.01650440514044805,0.005871800960250091,0.0009119254995627313,0.0009119254995627313,-0.007129928112452524,-0.0009119254995627268,-0.0009119254995627268,-0.0009119254995627268,-0.021930915861218068,-0.003504214093210261,-0.1571547582453914,-0.03538684505972012,4.8301112560791265e-05,-0.01099771380262694,-0.005361084358268539,-0.00738210691909877,-0.021150434772764227,-0.5907024066030961,-0.7436563814366889,0.8190212599106811,-0.1691479494315109,-0.525939721435645,0.09466038730153108,0.8095814246581584,-0.01182650534165416,1.0,0.10555122908244902,0.8952687450690622,0.8768175113928747,0.8927149254846576,0.011537934078972337,0.334191442335804,0.026449570559180232,-0.007357121371554444,0.821374033297151,-0.009019346658246727,-0.015861656816313473,-0.00033367143226536127,0.019490720757886097,0.3140217124358397
P4_ST_FD,0.0023238227505235193,0.0016719913049433363,0.0008932478697009199,0.0043994232142163915,-0.010976829354375382,-0.0108691028752694,0.03316567276807858,0.03334523578793938,0.002065565492351276,-0.00032741704564583893,-0.0019053383038180201,-0.0016142884369306095,0.016462773682709528,0.018352810590316015,0.008164395657926956,0.06491028363491408,0.045175831510404676,-0.0063702356789506085,0.0012632625933039346,0.009988708668670458,-0.00823762546362844,0.009764714765635061,0.00790049846924689,0.0004705288073485436,-0.002003549496958714,0.00483354699467218,0.005009348830478861,0.0005483383979604196,0.010680307188934748,0.010680307188934748,0.010592511213373852,-0.010680307188934788,-0.010680307188934788,-0.010680307188934788,-0.01166859718392407,0.01440811596237237,-0.006953173404485202,0.008626483318254443,-0.0008649112689373665,0.003423356028681376,-0.0011709752496731865,-0.00028481312607271246,0.005156376006655867,-0.06654521895667691,-0.060086055461574396,0.05411937194496767,-0.009961930579031884,-0.05519450105406849,-0.1827414854315181,0.04850900552290236,0.0016984530865514224,0.10555122908244902,1.0,0.12600456428720028,0.11186806771178781,0.13654923388619522,0.011809569412678253,0.007089256239327683,-0.001597201340012372,-0.016778667416779088,0.13340200006791406,0.008741548508386904,-0.002757081899657163,-0.0002983794536143903,0.0031411845975743724,0.05272201121923541
P4_ST_GOV,0.008864078810550902,0.007470861447028878,-0.0028239059695613147,0.0008330561689750211,-0.017968992001040025,-0.013733774770588967,0.1733176891594997,0.17173551197344838,0.0030214134653316588,0.0030551995518667426,-0.009984695890392269,-0.009192217811179496,-0.1724897514363404,-0.1493732213919929,0.009121752577205386,0.6203976260983803,0.5397101177388425,-0.023884191505451114,0.037650209301621926,0.43583900184420793,0.00034590461818491446,0.007116317524149999,-0.003103693072616699,-0.004022544967986479,0.019967392226688294,0.01475307284377293,0.017263438891671777,0.002307210009211943,0.005262044048705894,0.005262044048705894,-0.009188856081072875,-0.005262044048705877,-0.005262044048705877,-0.005262044048705877,-0.011261721638497072,-0.0010603718967260162,-0.18574592963718248,-0.04114051060253077,-0.016489454091820763,-0.013231797821149117,-0.01805304327978441,-0.015466764542666253,-0.023282218765661344,-0.4556752237755303,-0.6103270246019253,0.5547514004595714,-0.25280584039466253,-0.457566433695687,0.0179556023880241,0.5490905158320192,-0.008707844284318133,0.8952687450690622,0.12600456428720028,1.0,0.9589353953035014,0.9993229944372843,0.01928010374439999,0.4165081474171659,0.0205392393672453,-0.020701227462337452,0.9174690340686043,-0.022628749190309033,-0.020208742289671098,0.0028878452325104185,0.010271824044644204,0.3414665611736915
P4_ST_LD,0.0037863659576480684,0.0027846770529111726,0.0034081966648464215,0.006543428008374865,-0.016584429475452335,-0.012708980457558248,0.12663236395807295,0.12405385830066859,-0.001790730378805179,-0.0023466588582388244,-0.016040439504724915,-0.014941054537932213,-0.13799447127995737,-0.12292384802375661,0.0006007259698815326,0.5089560979264636,0.41975817514071406,-0.02103807020551461,0.033949639545577635,0.3402150800686369,-0.0027357605231925473,0.0034884654927292897,-0.006117311451043015,-0.0003843317567864346,0.03172699098923197,0.02061006590023709,0.023146183404538962,0.0026357357406861714,0.006253074763203732,0.006253074763203732,-0.012784394500241733,-0.006253074763203774,-0.006253074763203774,-0.006253074763203774,-0.016290719575713805,-0.0001392574224380478,-0.15593796080406486,-0.03375725148727783,-0.010269007287783615,-0.00844008299479271,-0.013074934016265997,-0.008231342139202822,-0.019176209652577762,-0.41861259714652876,-0.5100222099116795,0.4640346082288228,-0.2072736053568162,-0.3601091864188049,-0.027625791329354225,0.45575031617158895,-0.00550083096483646,0.8768175113928747,0.11186806771178781,0.9589353953035014,1.0,0.9538520892800653,0.016100023856863502,0.3253701386749977,0.03208821694498125,-0.007301183756964506,0.8667175350770653,-0.02061744202189899,-0.02193686303003896,-0.002496145147414909,0.01729795446126059,0.32884479776262504
P4_ST_PO,0.0063360309879976,0.004991954376322423,0.000800915945034709,0.0050276617889127885,-0.02057853240775157,-0.016161969930624406,0.1662819072699909,0.16499741803165424,0.0003294560185864149,-0.00026576686300638604,-0.009593744582453923,-0.008696215384530316,-0.19358331532081244,-0.16943724759411083,0.012421599885578873,0.6296723383875891,0.5525048554585117,-0.023521479381021497,0.03722150959194205,0.46074561789105123,-0.0018476587845509406,0.0017514283785995506,-0.009649766970602033,-0.0005397076466730447,0.033384801011135376,0.02197390195950089,0.023906186554493215,0.003489451912360408,0.004256285090198705,0.004256285090198705,-0.010087587835176503,-0.004256285090198697,-0.004256285090198697,-0.004256285090198697,-0.014124919684627193,-0.00241491878054718,-0.1876094530301979,-0.043563407334428504,-0.017629838643003423,-0.01044118330534026,-0.020664484599988008,-0.011071723574801563,-0.022668060774230885,-0.45228719337000944,-0.6150440699903682,0.5576374192773444,-0.26150035178151737,-0.46310015949964994,0.01755409440354648,0.552260104747604,-0.00941898005601733,0.8927149254846576,0.13654923388619522,0.9993229944372843,0.9538520892800653,1.0,0.014915935063680599,0.44222848300680156,0.033940313641450656,-0.00974329579743362,0.9226356296037819,-0.02275173248895448,-0.019877205753422035,-0.0004148226199218813,0.01578280956903661,0.34690856763472816
P4_ST_PS,-0.08342726125178215,-0.08368096818451093,0.045337141076994894,0.05345271500646497,-0.008885823098105995,-0.011067827537949942,0.0039792549291099025,0.0027464747834579518,-0.07903908118685356,-0.07379033121042838,-0.013445805505919683,-0.015182717374901244,0.06501942595995795,0.06427001282800009,0.051309536248401365,-0.05631620022494317,-0.05659472181651937,-0.010297072866861968,0.12640499964034838,-0.1070121135508604,0.023354716556899677,-0.02537799120567395,-0.027208215734047986,-0.04925143461869274,-0.09284074080559944,0.03396865797633258,-0.04546780654454456,-0.08861181318173175,0.019316058134534988,0.019316058134534988,0.18494870894916438,-0.019316058134533763,-0.019316058134533763,-0.019316058134533763,-0.11895185070336926,0.05631559638729105,0.060383196275784284,0.08819271580410808,-0.0300581459923079,-0.14516376139395173,0.05280249110011805,-0.2163309323195025,-0.08031036817577654,-0.004277404933300244,-0.008071031193585963,0.0001583010772661908,-0.017792586878547366,-0.011782400535086187,-0.0027441189974490828,0.0001737482128287044,0.045743506871823006,0.011537934078972337,0.011809569412678253,0.01928010374439999,0.016100023856863502,0.014915935063680599,1.0,-0.10099400007891597,-0.09200071180752564,-0.2956272787423413,-0.09824108258344687,0.05352152701528999,-0.014767678042485782,-0.07405125262346157,-0.19419709829715218,-0.17622589731602445
P4_ST_PT01,0.009291065621964795,0.008283367133583323,-0.015713771477125,-0.00567116275754213,-0.047231020594034875,-0.0384133553908547,-0.1929004746445561,-0.18455123665151055,0.0020725113855303095,0.004898439363077684,0.04924011106376604,0.05074130311807123,-0.7506289598552877,-0.7091517719247279,0.11353326764908092,0.5415806601185115,0.6182280397973546,0.0031781315637254225,-0.021729044356395916,0.9733707330643622,0.008531735850119711,-0.012407847840219208,-0.024375934131251727,0.02478779997322391,0.014674991214691901,0.017812672831231207,0.01646211770209581,0.011405713130705923,-0.018504474204884026,-0.018504474204884026,-0.022186080911378334,0.018504474204883773,0.018504474204883773,0.018504474204883773,-0.06198756860154631,-0.028962632091861028,-0.12619860491314328,-0.06558500114598588,-0.05049882319323746,0.02348374515669465,-0.08232620602281039,0.05747402644439098,-0.03224427692947834,-0.05366374905404482,-0.36206969478929935,0.29949433217253657,-0.3427361771673787,-0.329658561856824,0.022635764849146228,0.3057229123747652,-0.060791178990248544,0.334191442335804,0.007089256239327683,0.4165081474171659,0.3253701386749977,0.44222848300680156,-0.10099400007891597,1.0,0.014404808341356058,0.37097858497212083,0.5477077743588199,-0.013378768515753828,0.04177961772314315,0.004802737255909611,0.0022034015335589724,0.1456732182515192
P4_ST_TT01,-0.22153949108689225,-0.21611734337880448,0.3263958889787848,0.34137159678912743,-0.10567645071019163,-0.10647154486075341,-0.013336255383535497,-0.01403160888494268,-0.22267377784580278,-0.27462179163889444,-0.09674649891144466,-0.09102729354694315,-0.06420364802049028,-0.06769696047666607,-0.0026786711694941167,-0.08320299635554725,-0.08486372493214103,-0.011415030899076303,0.01971710427018975,0.01572741125509664,-0.18016266102832432,-0.3684397594591727,-0.43542068379305493,0.20630022997563466,0.9996599958984538,0.524364430763488,0.48795349658456877,0.05896994174093205,-0.019897417181065597,-0.019897417181065597,-0.031107579414713787,0.01989741718106476,0.01989741718106476,0.01989741718106476,-0.09649023866595856,-0.03143774712134319,-0.01721139815772119,-0.054157040093881906,0.03413855980593157,0.13500649245779345,-0.002732554751331887,0.18310851715253426,0.09039915178686418,-0.01547941868089955,-0.017660705075990407,0.012631081443741782,-0.07371569543370783,-0.0012051985516688853,0.004289539967207823,0.012168154499880214,0.06136196985486832,0.026449570559180232,-0.001597201340012372,0.0205392393672453,0.03208821694498125,0.033940313641450656,-0.09200071180752564,0.014404808341356058,1.0,0.020327550065013474,0.02701466402155353,0.0008865812611052141,-0.09025280946906275,-0.27331741542519267,0.41740402524857184,0.39905396846617647
x1001_05_SETPOINT_OUT,-0.0015081549851072356,-0.0005146434537009421,-0.00203595916256392,-0.004138177594285028,0.06770696986588472,0.06981608672668299,0.04805947847438008,0.048762524555983636,-0.0059888067733895175,-0.0031995773700946293,0.1101625724927181,0.1131212916091076,-0.18667106818642895,-0.18740042721833194,0.041135946824028886,0.300390632241385,0.304670927270443,0.0057795949447184206,-0.10690466236738326,0.3822035313621736,0.010476986554948008,-0.0181633113208175,-0.019734024590101276,0.08632668033109094,0.02114381311751539,6.969788874665046e-06,0.015381133569382527,0.035059186013868586,-0.047241262249962314,-0.047241262249962314,-0.04186323245330236,0.047241262249962,0.047241262249962,0.047241262249962,-0.1659233219002443,-0.05777354643482285,-0.030980553159112818,-0.0908598549376926,-0.07799035405449999,0.11120222440902973,-0.18036487621295128,0.2241195946833169,-0.019126667022158123,0.004697129450340091,0.011783168518420735,-0.004452103967150221,0.008636639794322675,0.022999504179051014,0.008043800894823858,-0.004421566628301059,-0.13348199263155724,-0.007357121371554444,-0.016778667416779088,-0.020701227462337452,-0.007301183756964506,-0.00974329579743362,-0.2956272787423413,0.37097858497212083,0.020327550065013474,1.0,0.37121951759606,0.040771972493636816,0.11308242875918494,-0.0031723334335494627,0.02458150226868748,0.01605090259188477
x1001_15_ASSIGN_OUT,0.008295617063086043,0.0073372233680286695,-0.00394023628524535,-0.0010684230429840996,0.00929280907813995,0.014121409656940751,0.18708750440019342,0.18617423406512806,0.0012383926419865735,0.002188894328848539,0.03537872915732988,0.03719261972673217,-0.2394255090741457,-0.21680921503324757,0.026917334174079356,0.7103053264198267,0.639705029525952,-0.02062676747185905,-0.006428044927741442,0.5705226589285773,0.0039746971393161655,-0.0004981281183461508,-0.010639205760664532,0.02995091655689513,0.026770568409100748,0.013783696499110095,0.022045526327359958,0.016385713679309567,-0.014095120812124863,-0.014095120812124863,-0.023875957967319422,0.014095120812124797,0.014095120812124797,0.014095120812124797,-0.07466984858105706,-0.02386214040739628,-0.1870950216859432,-0.07498458176676413,-0.04717226005622397,0.03126685083447392,-0.08872483386237466,0.07316480850412327,-0.029185850970376258,-0.42393558999507913,-0.5752360910900561,0.5255506338126601,-0.23731707975081592,-0.4309349365578077,0.020901616722899072,0.5205990168269549,-0.06079924383770677,0.821374033297151,0.13340200006791406,0.9174690340686043,0.8667175350770653,0.9226356296037819,-0.09824108258344687,0.5477077743588199,0.02701466402155353,0.37121951759606,1.0,-0.004838207665185754,0.026183044107902745,0.0020551737548657615,0.01900409821928012,0.32406420249674406
x1002_07_SETPOINT_OUT,-0.007064736576808474,-0.00682531791157785,-0.002811628574507175,-0.0038591722121711467,-0.45748646981769303,-0.4577582877820048,0.10899135411856084,0.10880362056905486,-0.005032667691809523,-0.002003204715327998,0.15445036623642389,0.1462819738378827,0.08667917011549245,0.09010329446051926,0.9759307482194239,0.02808762966504672,0.026510094377158698,-0.022324643127242354,-0.02477048784539513,-0.010164666080719753,0.014086708850919403,-0.0037976569508685843,-0.0057060690711873635,0.07946693432616517,0.0009379223633392552,-0.011142328512214576,0.014448432273703063,0.0345357805155146,-0.03492678020330085,-0.03492678020330085,0.11067548739917026,0.0349267802033014,0.0349267802033014,0.0349267802033014,-0.009868794748759308,-0.0026785026695960133,0.1089396306097305,-0.019031583287320145,-0.03399381371976133,0.08106769852538669,-0.11805358439729828,0.12376745995068059,0.029561951944939838,0.007435671560183254,0.009284084138883738,0.005837352846394113,0.020485150367563244,0.009836625504951587,-0.013417790539998791,0.005933551398076528,-0.10070401653024105,-0.009019346658246727,0.008741548508386904,-0.022628749190309033,-0.02061744202189899,-0.02275173248895448,0.05352152701528999,-0.013378768515753828,0.0008865812611052141,0.040771972493636816,-0.004838207665185754,1.0,0.14483515218552387,-0.0022600247055080745,0.026019226336904937,0.016980049904122923
x1002_08_SETPOINT_OUT,-0.0511601723801945,-0.050900633106259516,0.03609380807341773,0.03773603149201066,0.7428977179689059,0.7416452358751217,0.5001856652879507,0.5044648030750655,-0.04656622621343449,-0.04465280990904022,0.9883246141134724,0.9910984521371525,0.35759621766102123,0.36135919485366874,0.14415167610698879,0.3566288518613784,0.3626629115497437,0.005796038528587683,0.04816208550481479,0.03979010394291519,0.0007370577146325164,0.005442813897662802,-0.0011562873005374792,-0.20475143346742616,-0.09070144784053515,0.00924360369695104,-0.036552075013113174,-0.022848449873795543,-0.04580939654165164,-0.04580939654165164,0.016046388839936483,0.04580939654165203,0.04580939654165203,0.04580939654165203,-0.021270486776700022,-0.02087922631495054,0.1051168548017158,0.002333195540259856,0.028056817931475755,-0.029436047197012413,0.05463308377360486,-0.08184516926062103,0.013409857675581557,0.016833125818787553,0.013281244534826287,-0.002720057334356417,0.0328503141955739,0.005081054902490102,-0.011208529131797849,-0.002101581617356412,-0.051528224880379274,-0.015861656816313473,-0.002757081899657163,-0.020208742289671098,-0.02193686303003896,-0.019877205753422035,-0.014767678042485782,0.04177961772314315,-0.09025280946906275,0.11308242875918494,0.026183044107902745,0.14483515218552387,1.0,-0.0450273985786841,-0.1840741835281132,-0.1794595442751645
x1003_10_SETPOINT_OUT,0.9639529622868205,0.965650799784851,-0.8250673105189328,-0.8695106674049106,-0.053640015803464634,-0.05287951248447711,-0.03234561563152329,-0.03173488720011785,0.9725819228038001,0.9996698577114546,-0.04685915344545886,-0.04280266615512061,-0.015721478747582063,-0.014164528605079465,-0.0005388076348096494,0.024032189796719974,0.025650609588846792,-0.0022326772405383195,0.06637898497445331,0.011243662013776742,0.05886200318576067,-0.30395666506501295,-0.16860077008200375,0.021376200534821893,-0.27050639764919193,-0.7957919282055004,-0.7734330487656782,0.08795451391982707,-0.011888938727364108,-0.011888938727364108,-0.039657161808348926,0.01188893872736354,0.01188893872736354,0.01188893872736354,-0.025152758933811626,-0.02324963588810535,0.10080736785342805,-0.0036059511353794768,0.14381847408817075,0.15162975051443467,0.08432620183903906,0.16307594951390694,0.10943938006712915,0.006247970421117834,0.006505756272075535,0.003396643613277166,-0.017640908432629665,0.013235458129472407,-0.009588060283171352,0.003935357460567456,0.01561489869967336,-0.00033367143226536127,-0.0002983794536143903,0.0028878452325104185,-0.002496145147414909,-0.0004148226199218813,-0.07405125262346157,0.004802737255909611,-0.27331741542519267,-0.0031723334335494627,0.0020551737548657615,-0.0022600247055080745,-0.0450273985786841,1.0,0.3211037081753031,0.30285343025105343
x1003_18_SETPOINT_OUT,0.3821925425559814,0.38049419779459065,-0.22002990621749277,-0.22262865877637433,-0.2386738492770141,-0.236287037606918,-0.08989519154461445,-0.09055470721037057,0.347339886815386,0.32093010219046525,-0.192560551123082,-0.18122618390047388,-0.09240245956417871,-0.09222015178166325,0.025558806604778796,-0.1168641440630199,-0.12079227429869425,-0.01636067338919689,0.08965436328637287,0.010068611059750838,-0.10527887780529833,0.15131763333967058,0.13671600762958994,0.35704305472756975,0.41851386853971945,-0.12294155192570112,0.23807645800378063,0.1382618403064096,-0.047153053025890866,-0.047153053025890866,-0.04644973903961785,0.047153053025889,0.047153053025889,0.047153053025889,-0.19259417487263683,-0.06963042017553105,0.06407176589757031,-0.09596677144854851,0.12004417798594072,0.299891956612245,-0.00039372048432554193,0.40810378012344917,0.19485429196693452,-0.012090365368310062,-0.00923860998252324,0.014662807504631326,-0.05462902703471215,0.008587785313115898,-0.00460774555143644,0.014289732875126566,0.09423298955416445,0.019490720757886097,0.0031411845975743724,0.010271824044644204,0.01729795446126059,0.01578280956903661,-0.19419709829715218,0.0022034015335589724,0.41740402524857184,0.02458150226868748,0.01900409821928012,0.026019226336904937,-0.1840741835281132,0.3211037081753031,1.0,0.9430203756118957
x1003_24_SUM_OUT,0.3622771077984938,0.36019770648007526,-0.20784837668326797,-0.20899622713113397,-0.23038261686056344,-0.22671352945048218,-0.024514955202629998,-0.025565103274169113,0.3275977232077713,0.3027431348804656,-0.18377068999009932,-0.17288945109556345,-0.14620931393313957,-0.13791683146301628,0.027774560393830566,0.10187751516588125,0.07215425677706297,-0.023559163594302258,0.09686945295499395,0.15963954520145132,-0.0989115283853223,0.14458711600645946,0.1274444699303715,0.3341337330798243,0.39989691660543114,-0.11052093994433308,0.22948973800620467,0.1308599946185042,-0.04268352732618342,-0.04268352732618342,-0.04637584251852211,0.04268352732618191,0.04268352732618191,0.04268352732618191,-0.18445040657762998,-0.06584298516189795,-0.002393668904329048,-0.1042446850543831,0.10671631603337438,0.2773441744800168,-0.006911268240008565,0.37819710494712294,0.175305378391387,-0.1638157435982631,-0.2159172365723091,0.2021862408750202,-0.1373520273460702,-0.14900965689667062,0.001816472270225175,0.20004236585405422,0.08558021037438232,0.3140217124358397,0.05272201121923541,0.3414665611736915,0.32884479776262504,0.34690856763472816,-0.17622589731602445,0.1456732182515192,0.39905396846617647,0.01605090259188477,0.32406420249674406,0.016980049904122923,-0.1794595442751645,0.30285343025105343,0.9430203756118957,1.0
