source_file,series_id,event_number,start_index_0based,end_index_0based,start_position_1based,end_position_1based,n_points,normal_gap_points_before
032_GHL_id_1_Sensor_tr_50000_1st_65001.csv,1,1,65001,66059,65002,66060,1059,65001
032_GHL_id_1_Sensor_tr_50000_1st_65001.csv,1,2,66210,67000,66211,67001,791,150
033_GHL_id_2_Sensor_tr_50000_1st_51001.csv,2,1,51001,52519,51002,52520,1519,51001
033_GHL_id_2_Sensor_tr_50000_1st_51001.csv,2,2,52673,53000,52674,53001,328,153
034_GHL_id_3_Sensor_tr_50000_1st_122001.csv,3,1,122001,122933,122002,122934,933,122001
034_GHL_id_3_Sensor_tr_50000_1st_122001.csv,3,2,123071,124056,123072,124057,986,137
035_GHL_id_4_Sensor_tr_50000_1st_90001.csv,4,1,90001,91003,90002,91004,1003,90001
035_GHL_id_4_Sensor_tr_50000_1st_90001.csv,4,2,91144,92371,91145,92372,1228,140
035_GHL_id_4_Sensor_tr_50000_1st_90001.csv,4,3,92519,93000,92520,93001,482,147
036_GHL_id_5_Sensor_tr_50000_1st_67147.csv,5,1,67147,68208,67148,68209,1062,67147
036_GHL_id_5_Sensor_tr_50000_1st_67147.csv,5,2,69780,71000,69781,71001,1221,1571
037_GHL_id_6_Sensor_tr_50000_1st_80001.csv,6,1,80001,81284,80002,81285,1284,80001
037_GHL_id_6_Sensor_tr_50000_1st_80001.csv,6,2,81419,82000,81420,82001,582,134
038_GHL_id_7_Sensor_tr_50000_1st_100001.csv,7,1,100001,100969,100002,100970,969,100001
038_GHL_id_7_Sensor_tr_50000_1st_100001.csv,7,2,102275,103000,102276,103001,726,1305
039_GHL_id_8_Sensor_tr_50000_1st_63030.csv,8,1,63030,64197,63031,64198,1168,63030
040_GHL_id_9_Sensor_tr_50000_1st_92001.csv,9,1,92001,93129,92002,93130,1129,92001
040_GHL_id_9_Sensor_tr_50000_1st_92001.csv,9,2,94743,96000,94744,96001,1258,1613
041_GHL_id_10_Sensor_tr_50000_1st_57001.csv,10,1,57001,58596,57002,58597,1596,57001
041_GHL_id_10_Sensor_tr_50000_1st_57001.csv,10,2,58742,59000,58743,59001,259,145
042_GHL_id_11_Sensor_tr_50000_1st_150001.csv,11,1,150001,150921,150002,150922,921,150001
042_GHL_id_11_Sensor_tr_50000_1st_150001.csv,11,2,152376,153000,152377,153001,625,1454
043_GHL_id_12_Sensor_tr_39938_1st_40038.csv,12,1,40038,41088,40039,41089,1051,40038
044_GHL_id_13_Sensor_tr_50000_1st_145001.csv,13,1,145001,146207,145002,146208,1207,145001
044_GHL_id_13_Sensor_tr_50000_1st_145001.csv,13,2,146359,147000,146360,147001,642,151
045_GHL_id_14_Sensor_tr_50000_1st_85076.csv,14,1,85076,86538,85077,86539,1463,85076
045_GHL_id_14_Sensor_tr_50000_1st_85076.csv,14,2,86693,87000,86694,87001,308,154
046_GHL_id_15_Sensor_tr_50000_1st_156462.csv,15,1,156462,157700,156463,157701,1239,156462
047_GHL_id_16_Sensor_tr_50000_1st_77001.csv,16,1,77001,78036,77002,78037,1036,77001
047_GHL_id_16_Sensor_tr_50000_1st_77001.csv,16,2,78176,79705,78177,79706,1530,139
047_GHL_id_16_Sensor_tr_50000_1st_77001.csv,16,3,79839,80000,79840,80001,162,133
048_GHL_id_17_Sensor_tr_50000_1st_154001.csv,17,1,154001,155035,154002,155036,1035,154001
048_GHL_id_17_Sensor_tr_50000_1st_154001.csv,17,2,155198,156558,155199,156559,1361,162
048_GHL_id_17_Sensor_tr_50000_1st_154001.csv,17,3,156689,157791,156690,157792,1103,130
048_GHL_id_17_Sensor_tr_50000_1st_154001.csv,17,4,157917,158000,157918,158001,84,125
049_GHL_id_18_Sensor_tr_50000_1st_109001.csv,18,1,109001,110680,109002,110681,1680,109001
049_GHL_id_18_Sensor_tr_50000_1st_109001.csv,18,2,110840,112364,110841,112365,1525,159
049_GHL_id_18_Sensor_tr_50000_1st_109001.csv,18,3,112509,113783,112510,113784,1275,144
049_GHL_id_18_Sensor_tr_50000_1st_109001.csv,18,4,113927,114995,113928,114996,1069,143
050_GHL_id_19_Sensor_tr_43750_1st_55001.csv,19,1,55001,56129,55002,56130,1129,55001
051_GHL_id_20_Sensor_tr_50000_1st_75110.csv,20,1,75110,76300,75111,76301,1191,75110
052_GHL_id_21_Sensor_tr_50000_1st_98001.csv,21,1,98001,98971,98002,98972,971,98001
053_GHL_id_22_Sensor_tr_50000_1st_126448.csv,22,1,126448,128310,126449,128311,1863,126448
053_GHL_id_22_Sensor_tr_50000_1st_126448.csv,22,2,128468,129889,128469,129890,1422,157
053_GHL_id_22_Sensor_tr_50000_1st_126448.csv,22,3,130045,131259,130046,131260,1215,155
053_GHL_id_22_Sensor_tr_50000_1st_126448.csv,22,4,131402,132440,131403,132441,1039,142
053_GHL_id_22_Sensor_tr_50000_1st_126448.csv,22,5,134048,135000,134049,135001,953,1607
054_GHL_id_23_Sensor_tr_50000_1st_135001.csv,23,1,135001,135878,135002,135879,878,135001
054_GHL_id_23_Sensor_tr_50000_1st_135001.csv,23,2,136025,137139,136026,137140,1115,146
054_GHL_id_23_Sensor_tr_50000_1st_135001.csv,23,3,138260,140000,138261,140001,1741,1120
055_GHL_id_24_Sensor_tr_50000_1st_118124.csv,24,1,118124,119132,118125,119133,1009,118124
056_GHL_id_25_Sensor_tr_50000_1st_105568.csv,25,1,105568,107305,105569,107306,1738,105568
056_GHL_id_25_Sensor_tr_50000_1st_105568.csv,25,2,107458,108756,107459,108757,1299,152
056_GHL_id_25_Sensor_tr_50000_1st_105568.csv,25,3,108894,109000,108895,109001,107,137
