source_file,series_id,feature,count,mean,std,min,q01,q25,median,q75,q99,max,missing_count,missing_rate,infinite_count,infinite_rate,zero_count,zero_rate,n_unique
032_GHL_id_1_Sensor_tr_50000_1st_65001.csv,1,RT_level_ini,200001.0,2.2936844286609896,0.36781625881966673,0.0,1.34887993336,2.13027596474,2.31965851784,2.50693535805,2.70000004768,2.70000004768,0,0.0,0,0.0,972,0.0048599757001215,23
032_GHL_id_1_Sensor_tr_50000_1st_65001.csv,1,RT_temperature.T,200001.0,312.750708008546,12.553093053798182,283.033294678,283.064331055,302.507354736,314.20904541,324.107421875,330.495422363,330.730407715,0,0.0,0,0.0,0,0.0,29656
032_GHL_id_1_Sensor_tr_50000_1st_65001.csv,1,C_temperature.T,200001.0,326.5831330301587,11.795000719421207,273.149993896,273.149993896,329.148498535,329.633148193,329.892333984,329.988952637,329.988952637,0,0.0,0,0.0,0,0.0,5540
032_GHL_id_1_Sensor_tr_50000_1st_65001.csv,1,RT_level,200001.0,1.8204941113144129,0.47115118017760593,0.5,0.5,1.55756556988,1.84805512428,2.20000004768,2.70000004768,2.70000004768,0,0.0,0,0.0,0,0.0,40823
032_GHL_id_1_Sensor_tr_50000_1st_65001.csv,1,out_valve_act,200001.0,0.027609861950690248,0.16385265243974978,0.0,0.0,0.0,0.0,0.0,1.0,1.0,0,0.0,0,0.0,194479,0.9723901380493097,2
032_GHL_id_1_Sensor_tr_50000_1st_65001.csv,1,dT_rand,200001.0,0.18498342370725923,0.7337433970431986,-1.80224001408,-1.80224001408,-0.239448219538,0.139316990972,0.51387065649,1.33387243748,1.33387243748,0,0.0,0,0.0,9357,0.04678476607616962,26
032_GHL_id_1_Sensor_tr_50000_1st_65001.csv,1,inv_valve_act,200001.0,0.032209838950805245,0.17655741583800602,0.0,0.0,0.0,0.0,0.0,1.0,1.0,0,0.0,0,0.0,193559,0.9677901610491948,2
032_GHL_id_1_Sensor_tr_50000_1st_65001.csv,1,limiter.y,200001.0,285.29740502460004,6.386792300079679,274.0,274.0,280.605529785,284.393157959,288.138702393,296.3387146,296.3387146,0,0.0,0,0.0,0,0.0,24
032_GHL_id_1_Sensor_tr_50000_1st_65001.csv,1,inj_valve_act,200001.0,0.11431942840285798,0.3181996275060441,0.0,0.0,0.0,0.0,0.0,1.0,1.0,0,0.0,0,0.0,177137,0.885680571597142,2
032_GHL_id_1_Sensor_tr_50000_1st_65001.csv,1,Relaxing.active,200001.0,0.13724931375343125,0.34411121993817867,0.0,0.0,0.0,0.0,0.0,1.0,1.0,0,0.0,0,0.0,172551,0.8627506862465688,2
032_GHL_id_1_Sensor_tr_50000_1st_65001.csv,1,boundary.m_flow_in,200001.0,2.2863885680571596,6.3639925501208845,0.0,0.0,0.0,0.0,0.0,20.0,20.0,0,0.0,0,0.0,177137,0.885680571597142,2
032_GHL_id_1_Sensor_tr_50000_1st_65001.csv,1,dir_valve_act,200001.0,0.029939850300748496,0.17042183217532783,0.0,0.0,0.0,0.0,0.0,1.0,1.0,0,0.0,0,0.0,194013,0.9700601496992515,2
032_GHL_id_1_Sensor_tr_50000_1st_65001.csv,1,dt_rand,200001.0,-0.0009953440990523629,1.0037453420584266,-3.48927283287,-2.15100550652,-0.681173145771,-0.0188299212605,0.703238010406,2.30985450745,2.30985450745,0,0.0,0,0.0,2416,0.012079939600301999,276
032_GHL_id_1_Sensor_tr_50000_1st_65001.csv,1,C_level,200001.0,0.8851599237649181,0.5411688309084631,0.00999999977648,0.00999999977648,0.44572147727,0.855591356754,1.36926388741,1.80206763744,1.80206763744,0,0.0,0,0.0,0,0.0,5548
032_GHL_id_1_Sensor_tr_50000_1st_65001.csv,1,HT_temperature.T,200001.0,322.3600645833441,10.16088612344531,283.149993896,295.732543945,316.498809814,326.175567627,330.093353271,332.980377197,352.990875244,0,0.0,0,0.0,0,0.0,174888
032_GHL_id_1_Sensor_tr_50000_1st_65001.csv,1,heater_act,200001.0,0.6456667716661416,0.47831196466147724,0.0,0.0,0.0,1.0,1.0,1.0,1.0,0,0.0,0,0.0,70867,0.35433322833385833,2
032_GHL_id_1_Sensor_tr_50000_1st_65001.csv,1,HT_level,200001.0,0.43836746553995815,0.22825577398963193,0.0999999940395,0.10000000149,0.10000000149,0.600000023842,0.600000023842,0.600000023842,0.600000023842,0,0.0,0,0.0,0,0.0,12418
032_GHL_id_1_Sensor_tr_50000_1st_65001.csv,1,limiter1.y,200001.0,99.9900466620464,10.037453287277753,65.1072692871,78.489944458,93.1882705688,99.8116989136,107.03237915,123.09854126,123.09854126,0,0.0,0,0.0,0,0.0,276
032_GHL_id_1_Sensor_tr_50000_1st_65001.csv,1,dL_rand,200001.0,0.18498342370725923,0.7337433970431986,-1.80224001408,-1.80224001408,-0.239448219538,0.139316990972,0.51387065649,1.33387243748,1.33387243748,0,0.0,0,0.0,9357,0.04678476607616962,26
033_GHL_id_2_Sensor_tr_50000_1st_51001.csv,2,RT_level_ini,200001.0,2.191197471410948,0.4163287389984301,0.0,1.16760003567,2.03606534004,2.20315408707,2.47429585457,2.70000004768,2.70000004768,0,0.0,0,0.0,972,0.0048599757001215,23
033_GHL_id_2_Sensor_tr_50000_1st_51001.csv,2,RT_temperature.T,200001.0,312.80080303960796,12.83769057547108,283.033294678,283.064331055,302.090362549,314.346405029,324.710235596,330.602722168,331.134613037,0,0.0,0,0.0,0,0.0,30011
033_GHL_id_2_Sensor_tr_50000_1st_51001.csv,2,C_temperature.T,200001.0,326.68880575014833,11.843402133259588,273.149993896,273.149993896,329.120574951,329.784332275,330.041259766,330.129241943,330.129241943,0,0.0,0,0.0,0,0.0,5208
033_GHL_id_2_Sensor_tr_50000_1st_51001.csv,2,RT_level,200001.0,1.727951204941868,0.49560570998573666,0.5,0.5,1.50597405434,1.73613667488,2.20000004768,2.70000004768,2.70000004768,0,0.0,0,0.0,0,0.0,41138
033_GHL_id_2_Sensor_tr_50000_1st_51001.csv,2,out_valve_act,200001.0,0.027344863275683622,0.16308664787077587,0.0,0.0,0.0,0.0,0.0,1.0,1.0,0,0.0,0,0.0,194532,0.9726551367243164,2
033_GHL_id_2_Sensor_tr_50000_1st_51001.csv,2,dT_rand,200001.0,0.07464418334327372,0.9939123120865863,-2.16479992867,-2.16479992867,-0.42786949873,-0.0889004170895,0.914944887161,2.55711531639,2.55711531639,0,0.0,0,0.0,9389,0.04694476527617362,28
033_GHL_id_2_Sensor_tr_50000_1st_51001.csv,2,inv_valve_act,200001.0,0.032314838425807874,0.17683536409969022,0.0,0.0,0.0,0.0,0.0,1.0,1.0,0,0.0,0,0.0,193538,0.9676851615741922,2
033_GHL_id_2_Sensor_tr_50000_1st_51001.csv,2,limiter.y,200001.0,284.4829477371376,8.731430179231443,274.0,274.0,278.721313477,282.110992432,292.14944458,308.571166992,308.571166992,0,0.0,0,0.0,0,0.0,24
033_GHL_id_2_Sensor_tr_50000_1st_51001.csv,2,inj_valve_act,200001.0,0.11587942060289698,0.3200810721372576,0.0,0.0,0.0,0.0,0.0,1.0,1.0,0,0.0,0,0.0,176825,0.884120579397103,2
033_GHL_id_2_Sensor_tr_50000_1st_51001.csv,2,Relaxing.active,200001.0,0.13801430992845035,0.34491586657506046,0.0,0.0,0.0,0.0,0.0,1.0,1.0,0,0.0,0,0.0,172398,0.8619856900715497,2
033_GHL_id_2_Sensor_tr_50000_1st_51001.csv,2,boundary.m_flow_in,200001.0,2.3175884120579395,6.40162144274515,0.0,0.0,0.0,0.0,0.0,20.0,20.0,0,0.0,0,0.0,176825,0.884120579397103,2
033_GHL_id_2_Sensor_tr_50000_1st_51001.csv,2,dir_valve_act,200001.0,0.030109849450752745,0.17089000097442164,0.0,0.0,0.0,0.0,0.0,1.0,1.0,0,0.0,0,0.0,193979,0.9698901505492472,2
033_GHL_id_2_Sensor_tr_50000_1st_51001.csv,2,dt_rand,200001.0,-0.046008194727101694,0.9644691149082872,-2.38099312782,-2.29673147202,-0.762962758541,-0.102237008512,0.66472363472,2.10690641403,2.10690641403,0,0.0,0,0.0,2416,0.012079939600301999,275
033_GHL_id_2_Sensor_tr_50000_1st_51001.csv,2,C_level,200001.0,0.85080923146954,0.5283718908853423,0.00999999977648,0.00999999977648,0.391507923603,0.824770390987,1.27633988857,1.78439819813,1.78439819813,0,0.0,0,0.0,0,0.0,5497
033_GHL_id_2_Sensor_tr_50000_1st_51001.csv,2,HT_temperature.T,200001.0,322.3268422680718,10.144315818853574,283.149993896,294.979156494,316.366363525,326.143341064,330.089447021,332.970489502,352.996948242,0,0.0,0,0.0,0,0.0,173376
033_GHL_id_2_Sensor_tr_50000_1st_51001.csv,2,heater_act,200001.0,0.6423317883410583,0.47931493898682764,0.0,0.0,0.0,1.0,1.0,1.0,1.0,0,0.0,0,0.0,71534,0.3576682116589417,2
033_GHL_id_2_Sensor_tr_50000_1st_51001.csv,2,HT_level,200001.0,0.43676727972803914,0.22884909634906284,0.10000000149,0.10000000149,0.10000000149,0.600000023842,0.600000023842,0.600000023842,0.600000023842,0,0.0,0,0.0,0,0.0,12481
033_GHL_id_2_Sensor_tr_50000_1st_51001.csv,2,limiter1.y,200001.0,99.53991770464289,9.644691238288901,76.190071106,77.0326843262,92.3703689575,98.9776306152,106.647239685,121.069061279,121.069061279,0,0.0,0,0.0,0,0.0,275
033_GHL_id_2_Sensor_tr_50000_1st_51001.csv,2,dL_rand,200001.0,0.07464418334327372,0.9939123120865863,-2.16479992867,-2.16479992867,-0.42786949873,-0.0889004170895,0.914944887161,2.55711531639,2.55711531639,0,0.0,0,0.0,9389,0.04694476527617362,28
034_GHL_id_3_Sensor_tr_50000_1st_122001.csv,3,RT_level_ini,200001.0,2.185014141735929,0.4177946424465803,0.0,1.08773303032,2.06685853004,2.20695352554,2.48140668869,2.70000004768,2.70000004768,0,0.0,0,0.0,972,0.0048599757001215,26
034_GHL_id_3_Sensor_tr_50000_1st_122001.csv,3,RT_temperature.T,200001.0,312.550904840528,12.878802910339777,283.033294678,283.064331055,302.0340271,314.270874023,324.341827393,330.593078613,333.145629883,0,0.0,0,0.0,0,0.0,29371
034_GHL_id_3_Sensor_tr_50000_1st_122001.csv,3,C_temperature.T,200001.0,326.6614568917303,11.83358444336599,273.149993896,273.149993896,328.992095947,329.693023682,330.095977783,330.182891846,330.18963623,0,0.0,0,0.0,0,0.0,5053
034_GHL_id_3_Sensor_tr_50000_1st_122001.csv,3,RT_level,200001.0,1.7256791334823418,0.49473629487648146,0.5,0.5,1.51905119419,1.75,2.15203547478,2.70000004768,2.70000004768,0,0.0,0,0.0,0,0.0,40377
034_GHL_id_3_Sensor_tr_50000_1st_122001.csv,3,out_valve_act,200001.0,0.02721486392568037,0.16270939578974106,0.0,0.0,0.0,0.0,0.0,1.0,1.0,0,0.0,0,0.0,194558,0.9727851360743196,2
034_GHL_id_3_Sensor_tr_50000_1st_122001.csv,3,dT_rand,200001.0,-0.016135068745893134,0.8729900732493052,-2.32453393936,-2.32453393936,-0.366283148527,-0.0860927179456,0.462813198566,2.04272580147,2.04272580147,0,0.0,0,0.0,9374,0.04686976565117174,28
034_GHL_id_3_Sensor_tr_50000_1st_122001.csv,3,inv_valve_act,200001.0,0.03168484157579212,0.1751601147369772,0.0,0.0,0.0,0.0,0.0,1.0,1.0,0,0.0,0,0.0,193664,0.9683151584242079,2
034_GHL_id_3_Sensor_tr_50000_1st_122001.csv,3,limiter.y,200001.0,283.7491524120093,7.1394240071160135,274.0,274.0,279.337158203,282.139068604,287.628143311,303.427246094,303.427246094,0,0.0,0,0.0,0,0.0,23
034_GHL_id_3_Sensor_tr_50000_1st_122001.csv,3,inj_valve_act,200001.0,0.11337443312783436,0.31705074301148045,0.0,0.0,0.0,0.0,0.0,1.0,1.0,0,0.0,0,0.0,177326,0.8866255668721656,2
034_GHL_id_3_Sensor_tr_50000_1st_122001.csv,3,Relaxing.active,200001.0,0.13679931600342,0.3436362227279484,0.0,0.0,0.0,0.0,0.0,1.0,1.0,0,0.0,0,0.0,172641,0.86320068399658,2
034_GHL_id_3_Sensor_tr_50000_1st_122001.csv,3,boundary.m_flow_in,200001.0,2.267488662556687,6.341014860229608,0.0,0.0,0.0,0.0,0.0,20.0,20.0,0,0.0,0,0.0,177326,0.8866255668721656,2
034_GHL_id_3_Sensor_tr_50000_1st_122001.csv,3,dir_valve_act,200001.0,0.029559852200738996,0.16937004094274216,0.0,0.0,0.0,0.0,0.0,1.0,1.0,0,0.0,0,0.0,194089,0.970440147799261,2
034_GHL_id_3_Sensor_tr_50000_1st_122001.csv,3,dt_rand,200001.0,0.12460463825484173,0.9403526651678533,-2.32380127907,-1.69563889503,-0.580217897892,0.149296551943,0.717795372009,2.15869617462,3.0849635601,0,0.0,0,0.0,2416,0.012079939600301999,271
034_GHL_id_3_Sensor_tr_50000_1st_122001.csv,3,C_level,200001.0,0.8631007993502765,0.5180461815384301,0.00999999977648,0.00999999977648,0.420982271433,0.825070083141,1.32403421402,1.72668576241,1.77616155148,0,0.0,0,0.0,0,0.0,5471
034_GHL_id_3_Sensor_tr_50000_1st_122001.csv,3,HT_temperature.T,200001.0,322.41474059795877,10.208814907785174,283.149993896,295.17388916,316.420715332,326.099975586,330.101745605,334.752990723,352.99597168,0,0.0,0,0.0,0,0.0,174248
034_GHL_id_3_Sensor_tr_50000_1st_122001.csv,3,heater_act,200001.0,0.647361763191184,0.4777924781447895,0.0,0.0,0.0,1.0,1.0,1.0,1.0,0,0.0,0,0.0,70528,0.35263823680881595,2
034_GHL_id_3_Sensor_tr_50000_1st_122001.csv,3,HT_level,200001.0,0.43900371351236644,0.22809151459574206,0.10000000149,0.10000000149,0.10000000149,0.600000023842,0.600000023842,0.600000023842,0.600000023842,0,0.0,0,0.0,0,0.0,12242
034_GHL_id_3_Sensor_tr_50000_1st_122001.csv,3,limiter1.y,200001.0,101.24604633878046,9.403526610461201,76.7619857788,83.0436096191,94.1978225708,101.492965698,107.177955627,121.586959839,130.849639893,0,0.0,0,0.0,0,0.0,271
034_GHL_id_3_Sensor_tr_50000_1st_122001.csv,3,dL_rand,200001.0,-0.016135068745893134,0.8729900732493052,-2.32453393936,-2.32453393936,-0.366283148527,-0.0860927179456,0.462813198566,2.04272580147,2.04272580147,0,0.0,0,0.0,9374,0.04686976565117174,28
035_GHL_id_4_Sensor_tr_50000_1st_90001.csv,4,RT_level_ini,200001.0,2.2037144357482474,0.437901126700593,0.0,1.31642353535,1.94878232479,2.25,2.61452841759,2.70000004768,2.70000004768,0,0.0,0,0.0,972,0.0048599757001215,23
035_GHL_id_4_Sensor_tr_50000_1st_90001.csv,4,RT_temperature.T,200001.0,312.63088857666406,12.757212923538294,283.033294678,283.064331055,302.124847412,314.196533203,324.327026367,330.531707764,330.882446289,0,0.0,0,0.0,0,0.0,29864
035_GHL_id_4_Sensor_tr_50000_1st_90001.csv,4,C_temperature.T,200001.0,326.60772053746274,11.793831559574084,273.149993896,273.149993896,328.875244141,329.725769043,329.915130615,330.013427734,330.034515381,0,0.0,0,0.0,0,0.0,5550
035_GHL_id_4_Sensor_tr_50000_1st_90001.csv,4,RT_level,200001.0,1.7375255414955595,0.5136174572998503,0.5,0.5,1.42519152164,1.80055391788,2.20000004768,2.70000004768,2.70000004768,0,0.0,0,0.0,0,0.0,40885
035_GHL_id_4_Sensor_tr_50000_1st_90001.csv,4,out_valve_act,200001.0,0.027639861800690998,0.16393911741811013,0.0,0.0,0.0,0.0,0.0,1.0,1.0,0,0.0,0,0.0,194473,0.972360138199309,2
035_GHL_id_4_Sensor_tr_50000_1st_90001.csv,4,dT_rand,200001.0,0.01750427068230176,0.901321499895082,-1.86715292931,-1.86715292931,-0.602435350418,0.0,0.729056656361,1.6587420702,1.6587420702,0,0.0,0,0.0,9351,0.04675476622616887,28
035_GHL_id_4_Sensor_tr_50000_1st_90001.csv,4,inv_valve_act,200001.0,0.031824840875795624,0.1755339694735119,0.0,0.0,0.0,0.0,0.0,1.0,1.0,0,0.0,0,0.0,193636,0.9681751591242044,2
035_GHL_id_4_Sensor_tr_50000_1st_90001.csv,4,limiter.y,200001.0,284.0776661627253,7.640542629394642,274.0,274.0,276.975646973,283.0,290.290557861,299.587432861,299.587432861,0,0.0,0,0.0,0,0.0,22
035_GHL_id_4_Sensor_tr_50000_1st_90001.csv,4,inj_valve_act,200001.0,0.11550442247788761,0.31963050805843235,0.0,0.0,0.0,0.0,0.0,1.0,1.0,0,0.0,0,0.0,176900,0.8844955775221124,2
035_GHL_id_4_Sensor_tr_50000_1st_90001.csv,4,Relaxing.active,200001.0,0.13657931710341448,0.34340354813253704,0.0,0.0,0.0,0.0,0.0,1.0,1.0,0,0.0,0,0.0,172685,0.8634206828965855,2
035_GHL_id_4_Sensor_tr_50000_1st_90001.csv,4,boundary.m_flow_in,200001.0,2.3100884495577523,6.392610161168647,0.0,0.0,0.0,0.0,0.0,20.0,20.0,0,0.0,0,0.0,176900,0.8844955775221124,2
035_GHL_id_4_Sensor_tr_50000_1st_90001.csv,4,dir_valve_act,200001.0,0.029539852300738495,0.16931447889367343,0.0,0.0,0.0,0.0,0.0,1.0,1.0,0,0.0,0,0.0,194093,0.9704601476992615,2
035_GHL_id_4_Sensor_tr_50000_1st_90001.csv,4,dt_rand,200001.0,0.08397089412688365,0.8955266746459644,-2.34165477753,-1.90249335766,-0.490707099438,0.0647907927632,0.795831143856,2.63542580605,2.63542580605,0,0.0,0,0.0,2416,0.012079939600301999,273
035_GHL_id_4_Sensor_tr_50000_1st_90001.csv,4,C_level,200001.0,0.871470877550138,0.5276132917751312,0.00999999977648,0.00999999977648,0.377247720957,0.842872977257,1.37359726429,1.72434413433,1.80224478245,0,0.0,0,0.0,0,0.0,5555
035_GHL_id_4_Sensor_tr_50000_1st_90001.csv,4,HT_temperature.T,200001.0,322.4044387416615,10.262524894187557,283.149993896,295.288696289,316.356567383,326.133178711,330.12121582,336.279998779,352.998718262,0,0.0,0,0.0,0,0.0,175032
035_GHL_id_4_Sensor_tr_50000_1st_90001.csv,4,heater_act,200001.0,0.6449067754661226,0.4785427582088594,0.0,0.0,0.0,1.0,1.0,1.0,1.0,0,0.0,0,0.0,71019,0.3550932245338773,2
035_GHL_id_4_Sensor_tr_50000_1st_90001.csv,4,HT_level,200001.0,0.4377736243294297,0.2285570913769851,0.0999999940395,0.10000000149,0.10000000149,0.600000023842,0.600000023842,0.600000023842,0.600000023842,0,0.0,0,0.0,0,0.0,12271
035_GHL_id_4_Sensor_tr_50000_1st_90001.csv,4,limiter1.y,200001.0,100.83970876193642,8.955266803189296,76.5834503174,80.9750671387,95.0929260254,100.647911072,107.958312988,126.354255676,126.354255676,0,0.0,0,0.0,0,0.0,273
035_GHL_id_4_Sensor_tr_50000_1st_90001.csv,4,dL_rand,200001.0,0.01750427068230176,0.901321499895082,-1.86715292931,-1.86715292931,-0.602435350418,0.0,0.729056656361,1.6587420702,1.6587420702,0,0.0,0,0.0,9351,0.04675476622616887,28
036_GHL_id_5_Sensor_tr_50000_1st_67147.csv,5,RT_level_ini,200001.0,2.192705747056135,0.48876938593181996,0.0,1.0,1.8593173027,2.25,2.63879060745,2.70000004768,2.70000004768,0,0.0,0,0.0,972,0.0048599757001215,24
036_GHL_id_5_Sensor_tr_50000_1st_67147.csv,5,RT_temperature.T,200001.0,313.15132786241645,12.550341673011053,283.033294678,283.064331055,302.803436279,314.382263184,324.579162598,330.652923584,332.414031982,0,0.0,0,0.0,0,0.0,30262
036_GHL_id_5_Sensor_tr_50000_1st_67147.csv,5,C_temperature.T,200001.0,326.8109031592804,11.773804428082183,273.149993896,273.149993896,329.073394775,329.923797607,330.078033447,330.158752441,330.158752441,0,0.0,0,0.0,0,0.0,5288
036_GHL_id_5_Sensor_tr_50000_1st_67147.csv,5,RT_level,200001.0,1.7282730510404924,0.5511149291212876,0.5,0.5,1.32021474838,1.75470721722,2.20000004768,2.70000004768,2.70000004768,0,0.0,0,0.0,0,0.0,41404
036_GHL_id_5_Sensor_tr_50000_1st_67147.csv,5,out_valve_act,200001.0,0.02774486127569362,0.16424134322364106,0.0,0.0,0.0,0.0,0.0,1.0,1.0,0,0.0,0,0.0,194452,0.9722551387243064,2
036_GHL_id_5_Sensor_tr_50000_1st_67147.csv,5,dT_rand,200001.0,0.08243876978001483,1.102657446150901,-2.54158139229,-2.54158139229,-0.781365394592,0.0849330127239,1.12924587727,1.89294111729,1.89294111729,0,0.0,0,0.0,9250,0.046249768751156245,29
036_GHL_id_5_Sensor_tr_50000_1st_67147.csv,5,inv_valve_act,200001.0,0.031979840100799496,0.1759468235393195,0.0,0.0,0.0,0.0,0.0,1.0,1.0,0,0.0,0,0.0,193605,0.9680201598992005,2
036_GHL_id_5_Sensor_tr_50000_1st_67147.csv,5,limiter.y,200001.0,285.13585955365494,9.084326734188457,274.0,274.0,275.186340332,283.849334717,294.292449951,301.929412842,301.929412842,0,0.0,0,0.0,0,0.0,21
036_GHL_id_5_Sensor_tr_50000_1st_67147.csv,5,inj_valve_act,200001.0,0.11745441272793636,0.321961786479452,0.0,0.0,0.0,0.0,0.0,1.0,1.0,0,0.0,0,0.0,176510,0.8825455872720637,2
036_GHL_id_5_Sensor_tr_50000_1st_67147.csv,5,Relaxing.active,200001.0,0.13687931560342198,0.3437207577092248,0.0,0.0,0.0,0.0,0.0,1.0,1.0,0,0.0,0,0.0,172625,0.863120684396578,2
036_GHL_id_5_Sensor_tr_50000_1st_67147.csv,5,boundary.m_flow_in,200001.0,2.349088254558727,6.439235729589041,0.0,0.0,0.0,0.0,0.0,20.0,20.0,0,0.0,0,0.0,176510,0.8825455872720637,2
036_GHL_id_5_Sensor_tr_50000_1st_67147.csv,5,dir_valve_act,200001.0,0.029859850700746496,0.17020101309356445,0.0,0.0,0.0,0.0,0.0,1.0,1.0,0,0.0,0,0.0,194029,0.9701401492992535,2
036_GHL_id_5_Sensor_tr_50000_1st_67147.csv,5,dt_rand,200001.0,-0.02803137732142301,0.9216400211308192,-3.15173792839,-2.66817235947,-0.736075937748,-0.0509659126401,0.608600139618,2.09176921844,2.31101417542,0,0.0,0,0.0,2416,0.012079939600301999,275
036_GHL_id_5_Sensor_tr_50000_1st_67147.csv,5,C_level,200001.0,0.9004459861420203,0.5303655379669119,0.00999999977648,0.00999999977648,0.4380633533,0.890486598015,1.37754297256,1.80959677696,1.80959677696,0,0.0,0,0.0,0,0.0,5578
036_GHL_id_5_Sensor_tr_50000_1st_67147.csv,5,HT_temperature.T,200001.0,322.43869891002083,10.061152355738185,283.149993896,295.543884277,316.648742676,326.173858643,330.091583252,332.980895996,352.992431641,0,0.0,0,0.0,0,0.0,174397
036_GHL_id_5_Sensor_tr_50000_1st_67147.csv,5,heater_act,200001.0,0.6415767921160395,0.47953848825114276,0.0,0.0,0.0,1.0,1.0,1.0,1.0,0,0.0,0,0.0,71685,0.3584232078839606,2
036_GHL_id_5_Sensor_tr_50000_1st_67147.csv,5,HT_level,200001.0,0.4362507603495059,0.22908518409042483,0.0999999940395,0.10000000149,0.10000000149,0.600000023842,0.600000023842,0.600000023842,0.600000023842,0,0.0,0,0.0,0,0.0,12358
036_GHL_id_5_Sensor_tr_50000_1st_67147.csv,5,limiter1.y,200001.0,99.71968616607444,9.216399984311707,68.4826202393,73.3182754517,92.6392440796,99.4903411865,106.085998535,120.917694092,123.110137939,0,0.0,0,0.0,0,0.0,275
036_GHL_id_5_Sensor_tr_50000_1st_67147.csv,5,dL_rand,200001.0,0.08243876978001483,1.102657446150901,-2.54158139229,-2.54158139229,-0.781365394592,0.0849330127239,1.12924587727,1.89294111729,1.89294111729,0,0.0,0,0.0,9250,0.046249768751156245,29
037_GHL_id_6_Sensor_tr_50000_1st_80001.csv,6,RT_level_ini,200001.0,2.17527153781694,0.4504089468743089,0.0,1.06942200661,1.97215950489,2.10323643684,2.64906001091,2.70000004768,2.70000004768,0,0.0,0,0.0,972,0.0048599757001215,26
037_GHL_id_6_Sensor_tr_50000_1st_80001.csv,6,RT_temperature.T,200001.0,312.79394316072,12.771050776857635,283.033294678,283.064331055,301.922454834,314.443786621,324.79776001,330.61706543,331.009368896,0,0.0,0,0.0,0,0.0,29383
037_GHL_id_6_Sensor_tr_50000_1st_80001.csv,6,C_temperature.T,200001.0,326.6135178435969,11.865002773613623,273.149993896,273.149993896,329.098419189,329.732330322,329.9715271,330.06652832,330.06652832,0,0.0,0,0.0,0,0.0,5378
037_GHL_id_6_Sensor_tr_50000_1st_80001.csv,6,RT_level,200001.0,1.7165421607055387,0.5184490015542036,0.5,0.5,1.46921443939,1.75,2.15086054802,2.70000004768,2.70000004768,0,0.0,0,0.0,0,0.0,40393
037_GHL_id_6_Sensor_tr_50000_1st_80001.csv,6,out_valve_act,200001.0,0.02678486607566962,0.1614545365177553,0.0,0.0,0.0,0.0,0.0,1.0,1.0,0,0.0,0,0.0,194644,0.9732151339243303,2
037_GHL_id_6_Sensor_tr_50000_1st_80001.csv,6,dT_rand,200001.0,0.015959189460516002,1.005702480441585,-2.36115598679,-2.36115598679,-0.478469192982,-0.293527036905,0.798120081425,1.86162912846,1.86162912846,0,0.0,0,0.0,9448,0.047239763801180994,28
037_GHL_id_6_Sensor_tr_50000_1st_80001.csv,6,inv_valve_act,200001.0,0.03245483772581137,0.17720518683607656,0.0,0.0,0.0,0.0,0.0,1.0,1.0,0,0.0,0,0.0,193510,0.9675451622741886,2
037_GHL_id_6_Sensor_tr_50000_1st_80001.csv,6,limiter.y,200001.0,284.1938357613056,8.426288816502604,274.0,274.0,278.215301514,280.064727783,290.981201172,301.61630249,301.61630249,0,0.0,0,0.0,0,0.0,23
037_GHL_id_6_Sensor_tr_50000_1st_80001.csv,6,inj_valve_act,200001.0,0.1126244368778156,0.3161339475548869,0.0,0.0,0.0,0.0,0.0,1.0,1.0,0,0.0,0,0.0,177476,0.8873755631221844,2
037_GHL_id_6_Sensor_tr_50000_1st_80001.csv,6,Relaxing.active,200001.0,0.13753431232843835,0.34441140857106955,0.0,0.0,0.0,0.0,0.0,1.0,1.0,0,0.0,0,0.0,172494,0.8624656876715616,2
037_GHL_id_6_Sensor_tr_50000_1st_80001.csv,6,boundary.m_flow_in,200001.0,2.252488737556312,6.322678951097739,0.0,0.0,0.0,0.0,0.0,20.0,20.0,0,0.0,0,0.0,177476,0.8873755631221844,2
037_GHL_id_6_Sensor_tr_50000_1st_80001.csv,6,dir_valve_act,200001.0,0.030099849500752496,0.1708625018253781,0.0,0.0,0.0,0.0,0.0,1.0,1.0,0,0.0,0,0.0,193981,0.9699001504992475,2
037_GHL_id_6_Sensor_tr_50000_1st_80001.csv,6,dt_rand,200001.0,-0.09354881357169294,1.0347679440771738,-2.62517166138,-2.42121648788,-0.716116845608,-0.096713155508,0.653981149197,2.42591643333,3.20493173599,0,0.0,0,0.0,2416,0.012079939600301999,278
037_GHL_id_6_Sensor_tr_50000_1st_80001.csv,6,C_level,200001.0,0.8670028011241067,0.5296817499071024,0.00999999977648,0.00999999977648,0.40638050437,0.862824678421,1.33459818363,1.74776828289,1.74776828289,0,0.0,0,0.0,0,0.0,5385
037_GHL_id_6_Sensor_tr_50000_1st_80001.csv,6,HT_temperature.T,200001.0,322.4591171612002,10.075398398646131,283.149993896,295.15423584,316.642578125,326.227142334,330.116607666,332.981658936,352.996185303,0,0.0,0,0.0,0,0.0,173496
037_GHL_id_6_Sensor_tr_50000_1st_80001.csv,6,heater_act,200001.0,0.6464967675161625,0.47805840626517704,0.0,0.0,0.0,1.0,1.0,1.0,1.0,0,0.0,0,0.0,70701,0.3535032324838376,2
037_GHL_id_6_Sensor_tr_50000_1st_80001.csv,6,HT_level,200001.0,0.4388726499707103,0.2280292413674897,0.10000000149,0.10000000149,0.10000000149,0.600000023842,0.600000023842,0.600000023842,0.600000023842,0,0.0,0,0.0,0,0.0,12503
037_GHL_id_6_Sensor_tr_50000_1st_80001.csv,6,limiter1.y,200001.0,99.06451192540048,10.347679278808128,73.7482833862,75.7878341675,92.8388290405,99.0328674316,106.539810181,124.259162903,132.049316406,0,0.0,0,0.0,0,0.0,278
037_GHL_id_6_Sensor_tr_50000_1st_80001.csv,6,dL_rand,200001.0,0.015959189460516002,1.005702480441585,-2.36115598679,-2.36115598679,-0.478469192982,-0.293527036905,0.798120081425,1.86162912846,1.86162912846,0,0.0,0,0.0,9448,0.047239763801180994,28
038_GHL_id_7_Sensor_tr_50000_1st_100001.csv,7,RT_level_ini,200001.0,2.19768334066862,0.3853650095241045,0.0,1.37031924725,1.95752584934,2.26680040359,2.46333956718,2.70000004768,2.70000004768,0,0.0,0,0.0,972,0.0048599757001215,27
038_GHL_id_7_Sensor_tr_50000_1st_100001.csv,7,RT_temperature.T,200001.0,312.3109734660398,12.862608440189863,283.033294678,283.064331055,302.016784668,314.183807373,324.075469971,330.557556152,334.504089355,0,0.0,0,0.0,0,0.0,29158
038_GHL_id_7_Sensor_tr_50000_1st_100001.csv,7,C_temperature.T,200001.0,326.7117932491259,11.843383148672638,273.149993896,273.149993896,329.071136475,329.652770996,330.163757324,330.199371338,330.199371338,0,0.0,0,0.0,0,0.0,4587
038_GHL_id_7_Sensor_tr_50000_1st_100001.csv,7,RT_level,200001.0,1.7357679840889204,0.4708530170012309,0.5,0.5,1.45752584934,1.81529438496,2.04174852371,2.70000004768,2.70000004768,0,0.0,0,0.0,0,0.0,40050
038_GHL_id_7_Sensor_tr_50000_1st_100001.csv,7,out_valve_act,200001.0,0.02656486717566412,0.16080828431234034,0.0,0.0,0.0,0.0,0.0,1.0,1.0,0,0.0,0,0.0,194688,0.9734351328243359,2
038_GHL_id_7_Sensor_tr_50000_1st_100001.csv,7,dT_rand,200001.0,-0.025201644236748328,0.7527558424897239,-1.75936150551,-1.75936150551,-0.439741194248,0.0336008779705,0.426679283381,1.38456368446,1.38456368446,0,0.0,0,0.0,9375,0.04687476562617187,27
038_GHL_id_7_Sensor_tr_50000_1st_100001.csv,7,inv_valve_act,200001.0,0.031824840875795624,0.1755339694735119,0.0,0.0,0.0,0.0,0.0,1.0,1.0,0,0.0,0,0.0,193636,0.9681751591242044,2
038_GHL_id_7_Sensor_tr_50000_1st_100001.csv,7,limiter.y,200001.0,283.4473728394142,6.2796637342872605,274.0,274.0,278.602600098,283.335998535,287.266784668,296.84564209,296.84564209,0,0.0,0,0.0,0,0.0,23
038_GHL_id_7_Sensor_tr_50000_1st_100001.csv,7,inj_valve_act,200001.0,0.11226943865280674,0.31569844808368847,0.0,0.0,0.0,0.0,0.0,1.0,1.0,0,0.0,0,0.0,177547,0.8877305613471933,2
038_GHL_id_7_Sensor_tr_50000_1st_100001.csv,7,Relaxing.active,200001.0,0.135239323803381,0.34197987345577924,0.0,0.0,0.0,0.0,0.0,1.0,1.0,0,0.0,0,0.0,172953,0.864760676196619,2
038_GHL_id_7_Sensor_tr_50000_1st_100001.csv,7,boundary.m_flow_in,200001.0,2.245388773056135,6.313968961673771,0.0,0.0,0.0,0.0,0.0,20.0,20.0,0,0.0,0,0.0,177547,0.8877305613471933,2
038_GHL_id_7_Sensor_tr_50000_1st_100001.csv,7,dir_valve_act,200001.0,0.029619851900740495,0.169536603678085,0.0,0.0,0.0,0.0,0.0,1.0,1.0,0,0.0,0,0.0,194077,0.9703801480992595,2
038_GHL_id_7_Sensor_tr_50000_1st_100001.csv,7,dt_rand,200001.0,-0.05369182422684715,1.0218000769170563,-3.07809686661,-3.07809686661,-0.717917442322,0.0673848688602,0.721457540989,1.95602285862,2.27677226067,0,0.0,0,0.0,2416,0.012079939600301999,273
038_GHL_id_7_Sensor_tr_50000_1st_100001.csv,7,C_level,200001.0,0.8541390321747121,0.51409617934034,0.00999999977648,0.00999999977648,0.418838173151,0.829301476479,1.31743896008,1.73411858082,1.73411858082,0,0.0,0,0.0,0,0.0,5340
038_GHL_id_7_Sensor_tr_50000_1st_100001.csv,7,HT_temperature.T,200001.0,322.3131231014375,10.094078360245952,283.149993896,295.502227783,316.367675781,326.022003174,330.051025391,332.97277832,352.999176025,0,0.0,0,0.0,0,0.0,174522
038_GHL_id_7_Sensor_tr_50000_1st_100001.csv,7,heater_act,200001.0,0.6509767451162745,0.47666252051551916,0.0,0.0,0.0,1.0,1.0,1.0,1.0,0,0.0,0,0.0,69805,0.3490232548837256,2
038_GHL_id_7_Sensor_tr_50000_1st_100001.csv,7,HT_level,200001.0,0.4408422913895854,0.22735461845087487,0.10000000149,0.10000000149,0.10000000149,0.600000023842,0.600000023842,0.600000023842,0.600000023842,0,0.0,0,0.0,0,0.0,12288
038_GHL_id_7_Sensor_tr_50000_1st_100001.csv,7,limiter1.y,200001.0,99.46308151369128,10.218000852459136,69.2190322876,69.2190322876,92.8208236694,100.673851013,107.214576721,119.56022644,122.767723083,0,0.0,0,0.0,0,0.0,273
038_GHL_id_7_Sensor_tr_50000_1st_100001.csv,7,dL_rand,200001.0,-0.025201644236748328,0.7527558424897239,-1.75936150551,-1.75936150551,-0.439741194248,0.0336008779705,0.426679283381,1.38456368446,1.38456368446,0,0.0,0,0.0,9375,0.04687476562617187,27
039_GHL_id_8_Sensor_tr_50000_1st_63030.csv,8,RT_level_ini,200001.0,2.259729458694483,0.3363492786932646,0.0,1.47814106941,2.05054616928,2.27339243889,2.51425981522,2.70000004768,2.70000004768,0,0.0,0,0.0,972,0.0048599757001215,23
039_GHL_id_8_Sensor_tr_50000_1st_63030.csv,8,RT_temperature.T,200001.0,312.671775756555,12.766751190772867,283.033294678,283.064331055,302.082061768,314.25604248,324.264190674,330.460784912,330.759002686,0,0.0,0,0.0,0,0.0,30049
039_GHL_id_8_Sensor_tr_50000_1st_63030.csv,8,C_temperature.T,200001.0,326.5452112496285,11.764212781901872,273.149993896,273.149993896,328.981903076,329.636688232,329.844940186,329.996459961,330.007019043,0,0.0,0,0.0,0,0.0,5654
039_GHL_id_8_Sensor_tr_50000_1st_63030.csv,8,RT_level,200001.0,1.7838434677466286,0.4491017539545665,0.5,0.5,1.5482878685,1.81273078918,2.14948940277,2.70000004768,2.70000004768,0,0.0,0,0.0,0,0.0,41264
039_GHL_id_8_Sensor_tr_50000_1st_63030.csv,8,out_valve_act,200001.0,0.028164859175704122,0.16544405925060077,0.0,0.0,0.0,0.0,0.0,1.0,1.0,0,0.0,0,0.0,194368,0.9718351408242959,2
039_GHL_id_8_Sensor_tr_50000_1st_63030.csv,8,dT_rand,200001.0,0.16157761269240878,0.7926213787168327,-1.54371774197,-1.54371774197,-0.398907423019,0.0467848740518,0.528519570827,2.49501013756,2.49501013756,0,0.0,0,0.0,9318,0.04658976705116474,27
039_GHL_id_8_Sensor_tr_50000_1st_63030.csv,8,inv_valve_act,200001.0,0.03197484012579937,0.17593352291981643,0.0,0.0,0.0,0.0,0.0,1.0,1.0,0,0.0,0,0.0,193606,0.9680251598742007,2
039_GHL_id_8_Sensor_tr_50000_1st_63030.csv,8,limiter.y,200001.0,284.8069333302761,7.5928805849813035,274.0,274.0,279.010925293,283.467834473,288.285186768,307.95010376,307.95010376,0,0.0,0,0.0,0,0.0,26
039_GHL_id_8_Sensor_tr_50000_1st_63030.csv,8,inj_valve_act,200001.0,0.11652941735291324,0.32085951286484404,0.0,0.0,0.0,0.0,0.0,1.0,1.0,0,0.0,0,0.0,176695,0.8834705826470868,2
039_GHL_id_8_Sensor_tr_50000_1st_63030.csv,8,Relaxing.active,200001.0,0.13629431852840737,0.3431016844263093,0.0,0.0,0.0,0.0,0.0,1.0,1.0,0,0.0,0,0.0,172742,0.8637056814715927,2
039_GHL_id_8_Sensor_tr_50000_1st_63030.csv,8,boundary.m_flow_in,200001.0,2.330588347058265,6.417190257296882,0.0,0.0,0.0,0.0,0.0,20.0,20.0,0,0.0,0,0.0,176695,0.8834705826470868,2
039_GHL_id_8_Sensor_tr_50000_1st_63030.csv,8,dir_valve_act,200001.0,0.02964485177574112,0.16960595027624517,0.0,0.0,0.0,0.0,0.0,1.0,1.0,0,0.0,0,0.0,194072,0.9703551482242588,2
039_GHL_id_8_Sensor_tr_50000_1st_63030.csv,8,dt_rand,200001.0,0.006946105416564709,1.033908091259013,-2.53257846832,-2.02066111565,-0.690908551216,-0.0348216183484,0.728263199329,2.09314250946,2.94216752052,0,0.0,0,0.0,2416,0.012079939600301999,274
039_GHL_id_8_Sensor_tr_50000_1st_63030.csv,8,C_level,200001.0,0.8808327137215646,0.5314878306194644,0.00999999977648,0.00999999977648,0.431533247232,0.909463405609,1.30140352249,1.7476285696,1.83562850952,0,0.0,0,0.0,0,0.0,5660
039_GHL_id_8_Sensor_tr_50000_1st_63030.csv,8,HT_temperature.T,200001.0,322.30373842393436,10.154457301046062,283.149993896,295.214599609,316.370056152,326.083770752,330.064025879,332.972869873,352.991851807,0,0.0,0,0.0,0,0.0,174700
039_GHL_id_8_Sensor_tr_50000_1st_63030.csv,8,heater_act,200001.0,0.6438867805660972,0.4788504368394119,0.0,0.0,0.0,1.0,1.0,1.0,1.0,0,0.0,0,0.0,71223,0.35611321943390284,2
039_GHL_id_8_Sensor_tr_50000_1st_63030.csv,8,HT_level,200001.0,0.43734567401155144,0.2286999245464534,0.10000000149,0.10000000149,0.10000000149,0.600000023842,0.600000023842,0.600000023842,0.600000023842,0,0.0,0,0.0,0,0.0,12320
039_GHL_id_8_Sensor_tr_50000_1st_63030.csv,8,limiter1.y,200001.0,100.06946085500884,10.339080852814455,74.6742172241,79.7933883667,93.0909118652,99.6517868042,107.28263092,120.931427002,129.421676636,0,0.0,0,0.0,0,0.0,274
039_GHL_id_8_Sensor_tr_50000_1st_63030.csv,8,dL_rand,200001.0,0.16157761269240878,0.7926213787168327,-1.54371774197,-1.54371774197,-0.398907423019,0.0467848740518,0.528519570827,2.49501013756,2.49501013756,0,0.0,0,0.0,9318,0.04658976705116474,27
040_GHL_id_9_Sensor_tr_50000_1st_92001.csv,9,RT_level_ini,200001.0,2.2499519120436946,0.41939570311246,0.0,1.0,2.02027201653,2.31962800026,2.55834364891,2.70000004768,2.70000004768,0,0.0,0,0.0,972,0.0048599757001215,25
040_GHL_id_9_Sensor_tr_50000_1st_92001.csv,9,RT_temperature.T,200001.0,312.8927245578468,12.629339570010794,283.033294678,283.064331055,302.228790283,314.363739014,324.394165039,330.546661377,330.943969727,0,0.0,0,0.0,0,0.0,29632
040_GHL_id_9_Sensor_tr_50000_1st_92001.csv,9,C_temperature.T,200001.0,326.58013368675773,11.792906219730906,273.149993896,273.149993896,329.05065918,329.666900635,329.89743042,330.02053833,330.022949219,0,0.0,0,0.0,0,0.0,5461
040_GHL_id_9_Sensor_tr_50000_1st_92001.csv,9,RT_level,200001.0,1.7819856979212876,0.5009905056378559,0.5,0.5,1.48497724533,1.87643814087,2.19288468361,2.70000004768,2.70000004768,0,0.0,0,0.0,0,0.0,40682
040_GHL_id_9_Sensor_tr_50000_1st_92001.csv,9,out_valve_act,200001.0,0.027169864150679245,0.16257858035739528,0.0,0.0,0.0,0.0,0.0,1.0,1.0,0,0.0,0,0.0,194567,0.9728301358493208,2
040_GHL_id_9_Sensor_tr_50000_1st_92001.csv,9,dT_rand,200001.0,0.13293030699770242,0.9082336553114888,-2.5070040226,-2.5070040226,-0.459456145763,0.139255955815,0.61668753624,2.37800216675,2.37800216675,0,0.0,0,0.0,9352,0.04675976620116899,27
040_GHL_id_9_Sensor_tr_50000_1st_92001.csv,9,inv_valve_act,200001.0,0.0321798391008045,0.17647791016933564,0.0,0.0,0.0,0.0,0.0,1.0,1.0,0,0.0,0,0.0,193565,0.9678201608991955,2
040_GHL_id_9_Sensor_tr_50000_1st_92001.csv,9,limiter.y,200001.0,284.96764799265793,7.840771775951051,274.0,274.0,278.405426025,284.392547607,289.166870117,306.780029297,306.780029297,0,0.0,0,0.0,0,0.0,24
040_GHL_id_9_Sensor_tr_50000_1st_92001.csv,9,inj_valve_act,200001.0,0.11416942915285423,0.31801772949572904,0.0,0.0,0.0,0.0,0.0,1.0,1.0,0,0.0,0,0.0,177167,0.8858305708471458,2
040_GHL_id_9_Sensor_tr_50000_1st_92001.csv,9,Relaxing.active,200001.0,0.13838930805345973,0.3453089973610327,0.0,0.0,0.0,0.0,0.0,1.0,1.0,0,0.0,0,0.0,172323,0.8616106919465403,2
040_GHL_id_9_Sensor_tr_50000_1st_92001.csv,9,boundary.m_flow_in,200001.0,2.283388583057085,6.360354589914578,0.0,0.0,0.0,0.0,0.0,20.0,20.0,0,0.0,0,0.0,177167,0.8858305708471458,2
040_GHL_id_9_Sensor_tr_50000_1st_92001.csv,9,dir_valve_act,200001.0,0.02986485067574662,0.1702148237803301,0.0,0.0,0.0,0.0,0.0,1.0,1.0,0,0.0,0,0.0,194028,0.9701351493242534,2
040_GHL_id_9_Sensor_tr_50000_1st_92001.csv,9,dt_rand,200001.0,0.17643081419984824,0.9673268117636623,-2.66801977158,-2.03601193428,-0.45854061842,0.220648825169,0.773064374924,2.34186840057,2.62199783325,0,0.0,0,0.0,2416,0.012079939600301999,275
040_GHL_id_9_Sensor_tr_50000_1st_92001.csv,9,C_level,200001.0,0.8962201224366091,0.5319628749743771,0.00999999977648,0.00999999977648,0.470344603062,0.888507604599,1.31730151176,1.76438379288,1.77597057819,0,0.0,0,0.0,0,0.0,5461
040_GHL_id_9_Sensor_tr_50000_1st_92001.csv,9,HT_temperature.T,200001.0,322.4323385595915,10.104898253849283,283.149993896,295.387939453,316.65234375,326.203674316,330.10333252,332.983398438,352.998321533,0,0.0,0,0.0,0,0.0,174720
040_GHL_id_9_Sensor_tr_50000_1st_92001.csv,9,heater_act,200001.0,0.644721776391118,0.478598738732392,0.0,0.0,0.0,1.0,1.0,1.0,1.0,0,0.0,0,0.0,71056,0.35527822360888195,2
040_GHL_id_9_Sensor_tr_50000_1st_92001.csv,9,HT_level,200001.0,0.43788818564549636,0.2284508303039063,0.10000000149,0.10000000149,0.10000000149,0.600000023842,0.600000023842,0.600000023842,0.600000023842,0,0.0,0,0.0,0,0.0,12404
040_GHL_id_9_Sensor_tr_50000_1st_92001.csv,9,limiter1.y,200001.0,101.76430824081382,9.673268383225636,73.3198013306,79.6398849487,95.4145965576,102.206489563,107.730644226,123.418685913,126.219978333,0,0.0,0,0.0,0,0.0,275
040_GHL_id_9_Sensor_tr_50000_1st_92001.csv,9,dL_rand,200001.0,0.13293030699770242,0.9082336553114888,-2.5070040226,-2.5070040226,-0.459456145763,0.139255955815,0.61668753624,2.37800216675,2.37800216675,0,0.0,0,0.0,9352,0.04675976620116899,27
041_GHL_id_10_Sensor_tr_50000_1st_57001.csv,10,RT_level_ini,200001.0,2.1768302291358155,0.4444185263835015,0.0,1.43333995342,1.77960300446,2.25,2.62231063843,2.70000004768,2.70000004768,0,0.0,0,0.0,972,0.0048599757001215,25
041_GHL_id_10_Sensor_tr_50000_1st_57001.csv,10,RT_temperature.T,200001.0,312.4894465060104,13.079997795143461,283.033294678,283.064331055,301.896697998,314.20211792,324.585083008,330.621032715,330.916778564,0,0.0,0,0.0,0,0.0,29755
041_GHL_id_10_Sensor_tr_50000_1st_57001.csv,10,C_temperature.T,200001.0,326.7199084921108,11.745254066822477,273.149993896,273.149993896,329.126586914,329.70803833,329.962799072,330.069610596,330.069610596,0,0.0,0,0.0,0,0.0,5393
041_GHL_id_10_Sensor_tr_50000_1st_57001.csv,10,RT_level,200001.0,1.7150783236382088,0.5168614680393273,0.5,0.5,1.30603194237,1.75,2.19958353043,2.70000004768,2.70000004768,0,0.0,0,0.0,0,0.0,40818
041_GHL_id_10_Sensor_tr_50000_1st_57001.csv,10,out_valve_act,200001.0,0.027394863025684873,0.16323148509834542,0.0,0.0,0.0,0.0,0.0,1.0,1.0,0,0.0,0,0.0,194522,0.9726051369743152,2
041_GHL_id_10_Sensor_tr_50000_1st_57001.csv,10,dT_rand,200001.0,-0.0023799391859364626,0.9866439066771695,-1.63332009315,-1.63332009315,-0.88793605566,0.0,0.744621098042,2.52275156975,2.52275156975,0,0.0,0,0.0,9256,0.04627976860115699,28
041_GHL_id_10_Sensor_tr_50000_1st_57001.csv,10,inv_valve_act,200001.0,0.03217483912580437,0.1764646552461066,0.0,0.0,0.0,0.0,0.0,1.0,1.0,0,0.0,0,0.0,193566,0.9678251608741957,2
041_GHL_id_10_Sensor_tr_50000_1st_57001.csv,10,limiter.y,200001.0,283.69111377934524,8.976124257515336,274.0,274.0,274.120635986,283.0,290.44619751,308.227508545,308.227508545,0,0.0,0,0.0,0,0.0,21
041_GHL_id_10_Sensor_tr_50000_1st_57001.csv,10,inj_valve_act,200001.0,0.11450942745286273,0.31842978105443076,0.0,0.0,0.0,0.0,0.0,1.0,1.0,0,0.0,0,0.0,177099,0.8854905725471373,2
041_GHL_id_10_Sensor_tr_50000_1st_57001.csv,10,Relaxing.active,200001.0,0.13671931640341797,0.3435516483169957,0.0,0.0,0.0,0.0,0.0,1.0,1.0,0,0.0,0,0.0,172657,0.863280683596582,2
041_GHL_id_10_Sensor_tr_50000_1st_57001.csv,10,boundary.m_flow_in,200001.0,2.290188549057255,6.368595621088614,0.0,0.0,0.0,0.0,0.0,20.0,20.0,0,0.0,0,0.0,177099,0.8854905725471373,2
041_GHL_id_10_Sensor_tr_50000_1st_57001.csv,10,dir_valve_act,200001.0,0.029969850150749246,0.1705045559244152,0.0,0.0,0.0,0.0,0.0,1.0,1.0,0,0.0,0,0.0,194007,0.9700301498492507,2
041_GHL_id_10_Sensor_tr_50000_1st_57001.csv,10,dt_rand,200001.0,-0.01514832382253259,0.9668228733190414,-3.07397675514,-2.39622187614,-0.710623502731,-0.040162358433,0.630451381207,1.95251321793,2.98742628098,0,0.0,0,0.0,2416,0.012079939600301999,276
041_GHL_id_10_Sensor_tr_50000_1st_57001.csv,10,C_level,200001.0,0.8767846721150314,0.5200544716883394,0.00999999977648,0.00999999977648,0.438950359821,0.870311975479,1.35680735111,1.78761410713,1.78761410713,0,0.0,0,0.0,0,0.0,5507
041_GHL_id_10_Sensor_tr_50000_1st_57001.csv,10,HT_temperature.T,200001.0,322.2717021151529,10.185296874407124,283.149993896,294.495513916,316.260375977,326.081329346,330.070343018,332.96685791,352.990447998,0,0.0,0,0.0,0,0.0,174416
041_GHL_id_10_Sensor_tr_50000_1st_57001.csv,10,heater_act,200001.0,0.6452267738661307,0.47844574269017853,0.0,0.0,0.0,1.0,1.0,1.0,1.0,0,0.0,0,0.0,70955,0.35477322613386936,2
041_GHL_id_10_Sensor_tr_50000_1st_57001.csv,10,HT_level,200001.0,0.43814665791271595,0.2283419181761625,0.10000000149,0.10000000149,0.10000000149,0.600000023842,0.600000023842,0.600000023842,0.600000023842,0,0.0,0,0.0,0,0.0,12431
041_GHL_id_10_Sensor_tr_50000_1st_57001.csv,10,limiter1.y,200001.0,99.84851677973532,9.668228739132537,69.2602310181,76.0377807617,92.8937683105,99.5983734131,106.304512024,119.525131226,129.874267578,0,0.0,0,0.0,0,0.0,276
041_GHL_id_10_Sensor_tr_50000_1st_57001.csv,10,dL_rand,200001.0,-0.0023799391859364626,0.9866439066771695,-1.63332009315,-1.63332009315,-0.88793605566,0.0,0.744621098042,2.52275156975,2.52275156975,0,0.0,0,0.0,9256,0.04627976860115699,28
042_GHL_id_11_Sensor_tr_50000_1st_150001.csv,11,RT_level_ini,200001.0,2.223786312746062,0.3834854444922817,0.0,1.64344465733,1.92841124535,2.16637921333,2.66793560982,2.70000004768,2.70000004768,0,0.0,0,0.0,972,0.0048599757001215,23
042_GHL_id_11_Sensor_tr_50000_1st_150001.csv,11,RT_temperature.T,200001.0,312.30639666884775,13.002731556648358,283.033294678,283.064331055,301.795074463,314.292114258,324.208251953,330.54901123,330.730804443,0,0.0,0,0.0,0,0.0,29630
042_GHL_id_11_Sensor_tr_50000_1st_150001.csv,11,C_temperature.T,200001.0,326.62208254891635,11.827743619947972,273.149993896,273.149993896,329.169677734,329.687194824,329.930511475,330.037017822,330.053405762,0,0.0,0,0.0,0,0.0,5115
042_GHL_id_11_Sensor_tr_50000_1st_150001.csv,11,RT_level,200001.0,1.7539335889225276,0.47679553855517964,0.5,0.5,1.42841124535,1.75,2.20000004768,2.70000004768,2.70000004768,0,0.0,0,0.0,0,0.0,40647
042_GHL_id_11_Sensor_tr_50000_1st_150001.csv,11,out_valve_act,200001.0,0.02744486277568612,0.1633761786219806,0.0,0.0,0.0,0.0,0.0,1.0,1.0,0,0.0,0,0.0,194512,0.9725551372243139,2
042_GHL_id_11_Sensor_tr_50000_1st_150001.csv,11,dT_rand,200001.0,0.048786693724060665,0.7954325149624281,-1.21311080456,-1.21311080456,-0.643177568913,-0.117740407586,0.917966246605,1.41596722603,1.41596722603,0,0.0,0,0.0,9387,0.04693476532617337,27
042_GHL_id_11_Sensor_tr_50000_1st_150001.csv,11,inv_valve_act,200001.0,0.03173484132579337,0.1752937386518011,0.0,0.0,0.0,0.0,0.0,1.0,1.0,0,0.0,0,0.0,193654,0.9682651586742066,2
042_GHL_id_11_Sensor_tr_50000_1st_150001.csv,11,limiter.y,200001.0,283.6908861547695,7.669055496564278,274.0,274.0,276.568237305,281.822601318,292.179656982,297.159667969,297.159667969,0,0.0,0,0.0,0,0.0,25
042_GHL_id_11_Sensor_tr_50000_1st_150001.csv,11,inj_valve_act,200001.0,0.11449442752786236,0.3184116212078281,0.0,0.0,0.0,0.0,0.0,1.0,1.0,0,0.0,0,0.0,177102,0.8855055724721377,2
042_GHL_id_11_Sensor_tr_50000_1st_150001.csv,11,Relaxing.active,200001.0,0.13547432262838685,0.3422303553776597,0.0,0.0,0.0,0.0,0.0,1.0,1.0,0,0.0,0,0.0,172906,0.8645256773716131,2
042_GHL_id_11_Sensor_tr_50000_1st_150001.csv,11,boundary.m_flow_in,200001.0,2.2898885505572473,6.368232424156562,0.0,0.0,0.0,0.0,0.0,20.0,20.0,0,0.0,0,0.0,177102,0.8855055724721377,2
042_GHL_id_11_Sensor_tr_50000_1st_150001.csv,11,dir_valve_act,200001.0,0.02953485232573837,0.1693005851630741,0.0,0.0,0.0,0.0,0.0,1.0,1.0,0,0.0,0,0.0,194094,0.9704651476742616,2
042_GHL_id_11_Sensor_tr_50000_1st_150001.csv,11,dt_rand,200001.0,0.06457633982317135,1.1329235091324812,-2.7828912735,-2.74950408936,-0.656758308411,0.0589312426746,0.66472363472,2.47636342049,2.93493461609,0,0.0,0,0.0,2416,0.012079939600301999,271
042_GHL_id_11_Sensor_tr_50000_1st_150001.csv,11,C_level,200001.0,0.8606906314264929,0.5136991045419389,0.00999999977648,0.00999999977648,0.458121538162,0.859756410122,1.2648293972,1.73098230362,1.7895860672,0,0.0,0,0.0,0,0.0,5516
042_GHL_id_11_Sensor_tr_50000_1st_150001.csv,11,HT_temperature.T,200001.0,322.209035511677,10.209749729710007,283.149993896,294.41204834,316.161071777,325.976501465,330.041229248,332.972564697,352.999053955,0,0.0,0,0.0,0,0.0,174954
042_GHL_id_11_Sensor_tr_50000_1st_150001.csv,11,heater_act,200001.0,0.6478117609411953,0.4776534560598087,0.0,0.0,0.0,1.0,1.0,1.0,1.0,0,0.0,0,0.0,70438,0.3521882390588047,2
042_GHL_id_11_Sensor_tr_50000_1st_150001.csv,11,HT_level,200001.0,0.43922029300968146,0.22800682172738101,0.0999999940395,0.10000000149,0.10000000149,0.600000023842,0.600000023842,0.600000023842,0.600000023842,0,0.0,0,0.0,0,0.0,12246
042_GHL_id_11_Sensor_tr_50000_1st_150001.csv,11,limiter1.y,200001.0,100.64576348002412,11.329235219331723,72.1710891724,72.5049591064,93.4324188232,100.589309692,106.647239685,124.763633728,129.349349976,0,0.0,0,0.0,0,0.0,271
042_GHL_id_11_Sensor_tr_50000_1st_150001.csv,11,dL_rand,200001.0,0.048786693724060665,0.7954325149624281,-1.21311080456,-1.21311080456,-0.643177568913,-0.117740407586,0.917966246605,1.41596722603,1.41596722603,0,0.0,0,0.0,9387,0.04693476532617337,27
043_GHL_id_12_Sensor_tr_39938_1st_40038.csv,12,RT_level_ini,200001.0,2.18375066228866,0.4883888234399108,0.0,1.0,1.88858449459,2.25,2.6980574131,2.70000004768,2.70000004768,0,0.0,0,0.0,972,0.0048599757001215,25
043_GHL_id_12_Sensor_tr_39938_1st_40038.csv,12,RT_temperature.T,200001.0,312.8491889175151,12.778120543548383,283.033294678,283.064331055,302.401031494,314.314971924,324.883483887,330.528320312,332.511657715,0,0.0,0,0.0,0,0.0,29697
043_GHL_id_12_Sensor_tr_39938_1st_40038.csv,12,C_temperature.T,200001.0,326.7988380875369,11.802318974433707,273.149993896,273.149993896,329.571685791,329.922424316,330.079498291,330.13684082,330.154785156,0,0.0,0,0.0,0,0.0,5038
043_GHL_id_12_Sensor_tr_39938_1st_40038.csv,12,RT_level,200001.0,1.7240629221888966,0.5517398236869765,0.5,0.5,1.24430835247,1.75,2.20000004768,2.70000004768,2.70000004768,0,0.0,0,0.0,0,0.0,40777
043_GHL_id_12_Sensor_tr_39938_1st_40038.csv,12,out_valve_act,200001.0,0.02760486197569012,0.16383823663956187,0.0,0.0,0.0,0.0,0.0,1.0,1.0,0,0.0,0,0.0,194480,0.9723951380243099,2
043_GHL_id_12_Sensor_tr_39938_1st_40038.csv,12,dT_rand,200001.0,0.003259347061747006,1.0423577146044996,-2.67821288109,-2.67821288109,-0.722830891609,0.0,0.896115005016,2.04187130928,2.04187130928,0,0.0,0,0.0,9283,0.046414767926160366,29
043_GHL_id_12_Sensor_tr_39938_1st_40038.csv,12,inv_valve_act,200001.0,0.03196484017579912,0.17590691823740356,0.0,0.0,0.0,0.0,0.0,1.0,1.0,0,0.0,0,0.0,193608,0.9680351598242009,2
043_GHL_id_12_Sensor_tr_39938_1st_40038.csv,12,limiter.y,200001.0,284.2827746802154,8.463308593084093,274.0,274.0,275.771697998,283.0,291.961151123,303.418701172,303.418701172,0,0.0,0,0.0,0,0.0,20
043_GHL_id_12_Sensor_tr_39938_1st_40038.csv,12,inj_valve_act,200001.0,0.11446442767786161,0.3183752962870291,0.0,0.0,0.0,0.0,0.0,1.0,1.0,0,0.0,0,0.0,177108,0.8855355723221384,2
043_GHL_id_12_Sensor_tr_39938_1st_40038.csv,12,Relaxing.active,200001.0,0.13745931270343648,0.3443324598056152,0.0,0.0,0.0,0.0,0.0,1.0,1.0,0,0.0,0,0.0,172509,0.8625406872965635,2
043_GHL_id_12_Sensor_tr_39938_1st_40038.csv,12,boundary.m_flow_in,200001.0,2.289288553557232,6.3675059257405815,0.0,0.0,0.0,0.0,0.0,20.0,20.0,0,0.0,0,0.0,177108,0.8855355723221384,2
043_GHL_id_12_Sensor_tr_39938_1st_40038.csv,12,dir_valve_act,200001.0,0.029809850950745245,0.17006283645511233,0.0,0.0,0.0,0.0,0.0,1.0,1.0,0,0.0,0,0.0,194039,0.9701901490492547,2
043_GHL_id_12_Sensor_tr_39938_1st_40038.csv,12,dt_rand,200001.0,0.10839584782853565,0.986531209285391,-3.74645233154,-2.2269051075,-0.551072716713,0.071169167757,0.868129491806,2.25061798096,2.25061798096,0,0.0,0,0.0,2416,0.012079939600301999,274
043_GHL_id_12_Sensor_tr_39938_1st_40038.csv,12,C_level,200001.0,0.8870668401655671,0.5268192429057836,0.00999999977648,0.00999999977648,0.471020489931,0.862930178642,1.36550188065,1.75626409054,1.79991745949,0,0.0,0,0.0,0,0.0,5550
043_GHL_id_12_Sensor_tr_39938_1st_40038.csv,12,HT_temperature.T,200001.0,322.3810998555172,10.070424288125647,283.149993896,295.01776123,316.503631592,326.107116699,330.063415527,332.972717285,352.995880127,0,0.0,0,0.0,0,0.0,174863
043_GHL_id_12_Sensor_tr_39938_1st_40038.csv,12,heater_act,200001.0,0.6441917790411048,0.4787586833683703,0.0,0.0,0.0,1.0,1.0,1.0,1.0,0,0.0,0,0.0,71162,0.3558082209588952,2
043_GHL_id_12_Sensor_tr_39938_1st_40038.csv,12,HT_level,200001.0,0.43754133055211053,0.2286155541082875,0.0999999940395,0.10000000149,0.10000000149,0.600000023842,0.600000023842,0.600000023842,0.600000023842,0,0.0,0,0.0,0,0.0,12352
043_GHL_id_12_Sensor_tr_39938_1st_40038.csv,12,limiter1.y,200001.0,101.08395839466708,9.865311894793996,62.5354766846,77.7309494019,94.4892730713,100.71169281,108.681297302,122.50617981,122.50617981,0,0.0,0,0.0,0,0.0,274
043_GHL_id_12_Sensor_tr_39938_1st_40038.csv,12,dL_rand,200001.0,0.003259347061747006,1.0423577146044996,-2.67821288109,-2.67821288109,-0.722830891609,0.0,0.896115005016,2.04187130928,2.04187130928,0,0.0,0,0.0,9283,0.046414767926160366,29
044_GHL_id_13_Sensor_tr_50000_1st_145001.csv,13,RT_level_ini,200001.0,2.2897151948408245,0.4048950317001093,0.0,1.32644891739,2.14532160759,2.37784194946,2.58904528618,2.70000004768,2.70000004768,0,0.0,0,0.0,972,0.0048599757001215,23
044_GHL_id_13_Sensor_tr_50000_1st_145001.csv,13,RT_temperature.T,200001.0,313.0723444921109,12.490825422756933,283.033294678,283.064331055,302.831054688,314.277160645,324.560852051,330.520263672,330.810852051,0,0.0,0,0.0,0,0.0,30641
044_GHL_id_13_Sensor_tr_50000_1st_145001.csv,13,C_temperature.T,200001.0,326.62461524183396,11.759448697614719,273.149993896,273.149993896,328.850494385,329.764678955,329.913330078,330.019104004,330.037719727,0,0.0,0,0.0,0,0.0,5425
044_GHL_id_13_Sensor_tr_50000_1st_145001.csv,13,RT_level,200001.0,1.8195367591195095,0.49798228342889606,0.5,0.5,1.5113761425,1.9616560936,2.20000004768,2.70000004768,2.70000004768,0,0.0,0,0.0,0,0.0,41960
044_GHL_id_13_Sensor_tr_50000_1st_145001.csv,13,out_valve_act,200001.0,0.028169859150704246,0.16545831821859142,0.0,0.0,0.0,0.0,0.0,1.0,1.0,0,0.0,0,0.0,194367,0.9718301408492958,2
044_GHL_id_13_Sensor_tr_50000_1st_145001.csv,13,dT_rand,200001.0,0.22646818497441892,0.8663920932552868,-1.84710228443,-1.84710228443,-0.180913731456,0.430677205324,0.795098721981,2.06250190735,2.06250190735,0,0.0,0,0.0,9295,0.04647476762616187,27
044_GHL_id_13_Sensor_tr_50000_1st_145001.csv,13,inv_valve_act,200001.0,0.032309838450807746,0.17682213978926506,0.0,0.0,0.0,0.0,0.0,1.0,1.0,0,0.0,0,0.0,193539,0.9676901615491923,2
044_GHL_id_13_Sensor_tr_50000_1st_145001.csv,13,limiter.y,200001.0,285.8570934037683,7.549611736363527,274.0,274.0,281.190856934,287.306762695,290.95098877,303.625030518,303.625030518,0,0.0,0,0.0,0,0.0,24
044_GHL_id_13_Sensor_tr_50000_1st_145001.csv,13,inj_valve_act,200001.0,0.11925440372798136,0.32408843867595705,0.0,0.0,0.0,0.0,0.0,1.0,1.0,0,0.0,0,0.0,176150,0.8807455962720186,2
044_GHL_id_13_Sensor_tr_50000_1st_145001.csv,13,Relaxing.active,200001.0,0.13806930965345174,0.3449735793015864,0.0,0.0,0.0,0.0,0.0,1.0,1.0,0,0.0,0,0.0,172387,0.8619306903465482,2
044_GHL_id_13_Sensor_tr_50000_1st_145001.csv,13,boundary.m_flow_in,200001.0,2.385088074559627,6.481768773519143,0.0,0.0,0.0,0.0,0.0,20.0,20.0,0,0.0,0,0.0,176150,0.8807455962720186,2
044_GHL_id_13_Sensor_tr_50000_1st_145001.csv,13,dir_valve_act,200001.0,0.030099849500752496,0.17086250182537815,0.0,0.0,0.0,0.0,0.0,1.0,1.0,0,0.0,0,0.0,193981,0.9699001504992475,2
044_GHL_id_13_Sensor_tr_50000_1st_145001.csv,13,dt_rand,200001.0,0.03032375604935774,0.9816529590862937,-2.6335337162,-2.6335337162,-0.552507102489,0.0903347879648,0.625049591064,2.31226539612,2.43537712097,0,0.0,0,0.0,2416,0.012079939600301999,277
044_GHL_id_13_Sensor_tr_50000_1st_145001.csv,13,C_level,200001.0,0.8805699925058479,0.5372634570461272,0.00999999977648,0.00999999977648,0.394828826189,0.884257853031,1.30449044704,1.77241253853,1.83837342262,0,0.0,0,0.0,0,0.0,5661
044_GHL_id_13_Sensor_tr_50000_1st_145001.csv,13,HT_temperature.T,200001.0,322.3147254249707,10.194551669633556,283.149993896,295.888122559,316.365844727,326.183166504,330.097320557,332.976501465,352.992858887,0,0.0,0,0.0,0,0.0,174273
044_GHL_id_13_Sensor_tr_50000_1st_145001.csv,13,heater_act,200001.0,0.6385918070409647,0.4804096845221535,0.0,0.0,0.0,1.0,1.0,1.0,1.0,0,0.0,0,0.0,72282,0.3614081929590352,2
044_GHL_id_13_Sensor_tr_50000_1st_145001.csv,13,HT_level,200001.0,0.4348946769036748,0.22954932588856028,0.0999999940395,0.10000000149,0.10000000149,0.600000023842,0.600000023842,0.600000023842,0.600000023842,0,0.0,0,0.0,0,0.0,12478
044_GHL_id_13_Sensor_tr_50000_1st_145001.csv,13,limiter1.y,200001.0,100.30323743147952,9.816529276501697,73.6646652222,73.6646652222,94.4749298096,100.90335083,106.250495911,123.122650146,124.353767395,0,0.0,0,0.0,0,0.0,277
044_GHL_id_13_Sensor_tr_50000_1st_145001.csv,13,dL_rand,200001.0,0.22646818497441892,0.8663920932552868,-1.84710228443,-1.84710228443,-0.180913731456,0.430677205324,0.795098721981,2.06250190735,2.06250190735,0,0.0,0,0.0,9295,0.04647476762616187,27
045_GHL_id_14_Sensor_tr_50000_1st_85076.csv,14,RT_level_ini,200001.0,2.1971219476363832,0.4505984860848951,0.0,1.12083041668,1.96509444714,2.25,2.5740301609,2.70000004768,2.70000004768,0,0.0,0,0.0,972,0.0048599757001215,27
045_GHL_id_14_Sensor_tr_50000_1st_85076.csv,14,RT_temperature.T,200001.0,312.40097299849725,12.804939732697328,283.033294678,283.064331055,301.67590332,314.212188721,324.164093018,330.576477051,333.956878662,0,0.0,0,0.0,0,0.0,29536
045_GHL_id_14_Sensor_tr_50000_1st_85076.csv,14,C_temperature.T,200001.0,326.61168829553725,11.784846663870816,273.149993896,273.149993896,328.951446533,329.765716553,329.966491699,330.041595459,330.041595459,0,0.0,0,0.0,0,0.0,5077
045_GHL_id_14_Sensor_tr_50000_1st_85076.csv,14,RT_level,200001.0,1.736781614372843,0.5202513318219769,0.5,0.5,1.4024412632,1.78964352608,2.16133308411,2.70000004768,2.70000004768,0,0.0,0,0.0,0,0.0,40557
045_GHL_id_14_Sensor_tr_50000_1st_85076.csv,14,out_valve_act,200001.0,0.027309863450682748,0.16298517610249666,0.0,0.0,0.0,0.0,0.0,1.0,1.0,0,0.0,0,0.0,194539,0.9726901365493172,2
045_GHL_id_14_Sensor_tr_50000_1st_85076.csv,14,dT_rand,200001.0,-0.0015417849860627588,0.8963901549289814,-2.25833916664,-2.25833916664,-0.569811105728,0.0,0.648060560226,1.42756426334,1.42756426334,0,0.0,0,0.0,9323,0.04661476692616537,28
045_GHL_id_14_Sensor_tr_50000_1st_85076.csv,14,inv_valve_act,200001.0,0.03184984075079625,0.17560063374625712,0.0,0.0,0.0,0.0,0.0,1.0,1.0,0,0.0,0,0.0,193631,0.9681501592492038,2
045_GHL_id_14_Sensor_tr_50000_1st_85076.csv,14,limiter.y,200001.0,283.91591349385277,7.35266395926298,274.0,274.0,277.301879883,283.0,289.48059082,297.275634766,297.275634766,0,0.0,0,0.0,0,0.0,23
045_GHL_id_14_Sensor_tr_50000_1st_85076.csv,14,inj_valve_act,200001.0,0.11408442957785211,0.31791457634341136,0.0,0.0,0.0,0.0,0.0,1.0,1.0,0,0.0,0,0.0,177184,0.8859155704221479,2
045_GHL_id_14_Sensor_tr_50000_1st_85076.csv,14,Relaxing.active,200001.0,0.13453432732836335,0.3412263534266933,0.0,0.0,0.0,0.0,0.0,1.0,1.0,0,0.0,0,0.0,173094,0.8654656726716367,2
045_GHL_id_14_Sensor_tr_50000_1st_85076.csv,14,boundary.m_flow_in,200001.0,2.2816885915570424,6.3582915268682285,0.0,0.0,0.0,0.0,0.0,20.0,20.0,0,0.0,0,0.0,177184,0.8859155704221479,2
045_GHL_id_14_Sensor_tr_50000_1st_85076.csv,14,dir_valve_act,200001.0,0.029509852450737745,0.16923109718423127,0.0,0.0,0.0,0.0,0.0,1.0,1.0,0,0.0,0,0.0,194099,0.9704901475492622,2
045_GHL_id_14_Sensor_tr_50000_1st_85076.csv,14,dt_rand,200001.0,-0.11326077372964441,0.9811197510338101,-2.85857725143,-2.2923977375,-0.724692523479,-0.154484689236,0.628894925117,1.83620715141,2.2921230793,0,0.0,0,0.0,2416,0.012079939600301999,273
045_GHL_id_14_Sensor_tr_50000_1st_85076.csv,14,C_level,200001.0,0.8756425489267662,0.5245277194565543,0.00999999977648,0.00999999977648,0.4443359375,0.858604431152,1.32873034477,1.78172850609,1.78172850609,0,0.0,0,0.0,0,0.0,5490
045_GHL_id_14_Sensor_tr_50000_1st_85076.csv,14,HT_temperature.T,200001.0,322.2947456618923,10.12369055087492,283.149993896,295.041809082,316.317352295,326.004302979,330.058013916,332.979919434,352.992645264,0,0.0,0,0.0,0,0.0,174823
045_GHL_id_14_Sensor_tr_50000_1st_85076.csv,14,heater_act,200001.0,0.6487067564662177,0.47737557542547143,0.0,0.0,0.0,1.0,1.0,1.0,1.0,0,0.0,0,0.0,70259,0.35129324353378233,2
045_GHL_id_14_Sensor_tr_50000_1st_85076.csv,14,HT_level,200001.0,0.439706757037962,0.22780523936908978,0.10000000149,0.10000000149,0.10000000149,0.600000023842,0.600000023842,0.600000023842,0.600000023842,0,0.0,0,0.0,0,0.0,12269
045_GHL_id_14_Sensor_tr_50000_1st_85076.csv,14,limiter1.y,200001.0,98.86739231334109,9.811197807167217,71.4142303467,77.0760192871,92.753074646,98.4551544189,106.288948059,118.362068176,122.921234131,0,0.0,0,0.0,0,0.0,273
045_GHL_id_14_Sensor_tr_50000_1st_85076.csv,14,dL_rand,200001.0,-0.0015417849860627588,0.8963901549289814,-2.25833916664,-2.25833916664,-0.569811105728,0.0,0.648060560226,1.42756426334,1.42756426334,0,0.0,0,0.0,9323,0.04661476692616537,28
046_GHL_id_15_Sensor_tr_50000_1st_156462.csv,15,RT_level_ini,200001.0,2.3965640276949247,0.3817056236503044,0.0,1.64786982536,2.20178079605,2.48096418381,2.70000004768,2.99000000954,2.99000000954,0,0.0,0,0.0,972,0.0048599757001215,20
046_GHL_id_15_Sensor_tr_50000_1st_156462.csv,15,RT_temperature.T,200001.0,313.1357085740899,12.671343311271352,283.033294678,283.064331055,302.720855713,314.435119629,324.394470215,330.515045166,330.551086426,0,0.0,0,0.0,0,0.0,31112
046_GHL_id_15_Sensor_tr_50000_1st_156462.csv,15,C_temperature.T,200001.0,326.57381261214124,11.75265857858725,273.149993896,273.149993896,328.803833008,329.666290283,329.886016846,329.97467041,329.995788574,0,0.0,0,0.0,0,0.0,5745
046_GHL_id_15_Sensor_tr_50000_1st_156462.csv,15,RT_level,200001.0,1.9107810823484919,0.49863694206224135,0.5,0.5,1.69398331642,1.99057745934,2.20000004768,2.76140356064,2.99000000954,0,0.0,0,0.0,0,0.0,42631
046_GHL_id_15_Sensor_tr_50000_1st_156462.csv,15,out_valve_act,200001.0,0.029009854950725247,0.16783451405440852,0.0,0.0,0.0,0.0,0.0,1.0,1.0,0,0.0,0,0.0,194199,0.9709901450492747,2
046_GHL_id_15_Sensor_tr_50000_1st_156462.csv,15,dT_rand,200001.0,0.30447411693998816,0.9744617578521318,-1.58964812756,-1.58964812756,-0.112033449113,0.214758753777,0.917111754417,2.35035252571,2.35035252571,0,0.0,0,0.0,9291,0.04645476772616137,26
046_GHL_id_15_Sensor_tr_50000_1st_156462.csv,15,inv_valve_act,200001.0,0.0327798361008195,0.17806031835480676,0.0,0.0,0.0,0.0,0.0,1.0,1.0,0,0.0,0,0.0,193445,0.9672201638991805,2
046_GHL_id_15_Sensor_tr_50000_1st_156462.csv,15,limiter.y,200001.0,286.6066863044439,8.82240307965862,274.0,274.0,281.879669189,285.147583008,292.171112061,306.503540039,306.503540039,0,0.0,0,0.0,0,0.0,24
046_GHL_id_15_Sensor_tr_50000_1st_156462.csv,15,inj_valve_act,200001.0,0.12114939425302873,0.3263016256261154,0.0,0.0,0.0,0.0,0.0,1.0,1.0,0,0.0,0,0.0,175771,0.8788506057469713,2
046_GHL_id_15_Sensor_tr_50000_1st_156462.csv,15,Relaxing.active,200001.0,0.1379443102784486,0.34484238735781797,0.0,0.0,0.0,0.0,0.0,1.0,1.0,0,0.0,0,0.0,172412,0.8620556897215514,2
046_GHL_id_15_Sensor_tr_50000_1st_156462.csv,15,boundary.m_flow_in,200001.0,2.4229878850605746,6.526032512522307,0.0,0.0,0.0,0.0,0.0,20.0,20.0,0,0.0,0,0.0,175771,0.8788506057469713,2
046_GHL_id_15_Sensor_tr_50000_1st_156462.csv,15,dir_valve_act,200001.0,0.030284848575757122,0.17137042732304542,0.0,0.0,0.0,0.0,0.0,1.0,1.0,0,0.0,0,0.0,193944,0.9697151514242429,2
046_GHL_id_15_Sensor_tr_50000_1st_156462.csv,15,dt_rand,200001.0,-0.031034259207301088,0.9140819430946476,-2.08166742325,-1.97790455818,-0.718039512634,0.00448622088879,0.599261462688,2.21704769135,2.51319932938,0,0.0,0,0.0,2416,0.012079939600301999,279
046_GHL_id_15_Sensor_tr_50000_1st_156462.csv,15,C_level,200001.0,0.9138090225605021,0.5507633342359441,0.00999999977648,0.00999999977648,0.393913567066,0.956991314888,1.41071903706,1.82478761673,1.89254689217,0,0.0,0,0.0,0,0.0,5828
046_GHL_id_15_Sensor_tr_50000_1st_156462.csv,15,HT_temperature.T,200001.0,322.1546925001586,10.207100005965678,283.149993896,295.071807861,316.307952881,326.144836426,330.057647705,332.933929443,333.0,0,0.0,0,0.0,0,0.0,174375
046_GHL_id_15_Sensor_tr_50000_1st_156462.csv,15,heater_act,200001.0,0.6358268208658957,0.48119874531095524,0.0,0.0,0.0,1.0,1.0,1.0,1.0,0,0.0,0,0.0,72835,0.36417317913410435,2
046_GHL_id_15_Sensor_tr_50000_1st_156462.csv,15,HT_level,200001.0,0.4336762441621091,0.22994389142917937,0.10000000149,0.10000000149,0.10000000149,0.600000023842,0.600000023842,0.600000023842,0.600000023842,0,0.0,0,0.0,0,0.0,12605
046_GHL_id_15_Sensor_tr_50000_1st_156462.csv,15,limiter1.y,200001.0,99.68965755986181,9.140819464126023,79.1833267212,80.220954895,92.8196029663,100.04486084,105.992614746,122.170478821,125.131996155,0,0.0,0,0.0,0,0.0,279
046_GHL_id_15_Sensor_tr_50000_1st_156462.csv,15,dL_rand,200001.0,0.30447411693998816,0.9744617578521318,-1.58964812756,-1.58964812756,-0.112033449113,0.214758753777,0.917111754417,2.35035252571,2.35035252571,0,0.0,0,0.0,9291,0.04645476772616137,26
047_GHL_id_16_Sensor_tr_50000_1st_77001.csv,16,RT_level_ini,200001.0,2.2268072137196238,0.43723694810268926,0.0,1.0,2.03452396393,2.26989817619,2.70000004768,2.70000004768,2.70000004768,0,0.0,0,0.0,972,0.0048599757001215,23
047_GHL_id_16_Sensor_tr_50000_1st_77001.csv,16,RT_temperature.T,200001.0,313.0096229992023,12.701221864323715,283.033294678,283.064331055,302.58480835,314.561676025,324.735748291,330.516265869,330.943817139,0,0.0,0,0.0,0,0.0,30056
047_GHL_id_16_Sensor_tr_50000_1st_77001.csv,16,C_temperature.T,200001.0,326.67319382842237,11.743359282013678,273.149993896,273.149993896,329.051330566,329.735473633,329.953125,330.02722168,330.02722168,0,0.0,0,0.0,0,0.0,5440
047_GHL_id_16_Sensor_tr_50000_1st_77001.csv,16,RT_level,200001.0,1.7607389869210335,0.5150614285205092,0.5,0.5,1.45007932186,1.76989805698,2.20000004768,2.70000004768,2.70000004768,0,0.0,0,0.0,0,0.0,41362
047_GHL_id_16_Sensor_tr_50000_1st_77001.csv,16,out_valve_act,200001.0,0.028259858700706495,0.16571474404264108,0.0,0.0,0.0,0.0,0.0,1.0,1.0,0,0.0,0,0.0,194349,0.9717401412992935,2
047_GHL_id_16_Sensor_tr_50000_1st_77001.csv,16,dT_rand,200001.0,0.15592318506278063,1.0517308649678832,-2.72307515144,-2.72307515144,-0.423413813114,0.0397961363196,0.921384334564,3.03546261787,3.03546261787,0,0.0,0,0.0,9248,0.046239768801155996,28
047_GHL_id_16_Sensor_tr_50000_1st_77001.csv,16,inv_valve_act,200001.0,0.032309838450807746,0.17682213978926506,0.0,0.0,0.0,0.0,0.0,1.0,1.0,0,0.0,0,0.0,193539,0.9676901615491923,2
047_GHL_id_16_Sensor_tr_50000_1st_77001.csv,16,limiter.y,200001.0,285.43978898596094,9.05723718623954,274.0,274.0,278.765869141,283.397949219,292.21383667,313.354614258,313.354614258,0,0.0,0,0.0,0,0.0,23
047_GHL_id_16_Sensor_tr_50000_1st_77001.csv,16,inj_valve_act,200001.0,0.11616941915290424,0.32042877301673006,0.0,0.0,0.0,0.0,0.0,1.0,1.0,0,0.0,0,0.0,176767,0.8838305808470958,2
047_GHL_id_16_Sensor_tr_50000_1st_77001.csv,16,Relaxing.active,200001.0,0.13720931395343022,0.344069048349964,0.0,0.0,0.0,0.0,0.0,1.0,1.0,0,0.0,0,0.0,172559,0.8627906860465697,2
047_GHL_id_16_Sensor_tr_50000_1st_77001.csv,16,boundary.m_flow_in,200001.0,2.323388383058085,6.408575460334601,0.0,0.0,0.0,0.0,0.0,20.0,20.0,0,0.0,0,0.0,176767,0.8838305808470958,2
047_GHL_id_16_Sensor_tr_50000_1st_77001.csv,16,dir_valve_act,200001.0,0.03005484972575137,0.17073869359782667,0.0,0.0,0.0,0.0,0.0,1.0,1.0,0,0.0,0,0.0,193990,0.9699451502742487,2
047_GHL_id_16_Sensor_tr_50000_1st_77001.csv,16,dt_rand,200001.0,-0.1113346923783606,1.0181775844511658,-2.57686090469,-2.45713686943,-0.831293702126,-0.116275519133,0.60783714056,1.99746692181,2.3310341835,0,0.0,0,0.0,2416,0.012079939600301999,277
047_GHL_id_16_Sensor_tr_50000_1st_77001.csv,16,C_level,200001.0,0.9208765967343009,0.5387957020827501,0.00999999977648,0.00999999977648,0.450960487127,0.933743417263,1.37370634079,1.84286117554,1.84286117554,0,0.0,0,0.0,0,0.0,5679
047_GHL_id_16_Sensor_tr_50000_1st_77001.csv,16,HT_temperature.T,200001.0,322.49980114830225,10.205791997207987,283.149993896,295.474700928,316.613189697,326.270599365,330.140411377,332.998474121,352.997802734,0,0.0,0,0.0,0,0.0,174329
047_GHL_id_16_Sensor_tr_50000_1st_77001.csv,16,heater_act,200001.0,0.6419917900410498,0.47941577023768867,0.0,0.0,0.0,1.0,1.0,1.0,1.0,0,0.0,0,0.0,71602,0.3580082099589502,2
047_GHL_id_16_Sensor_tr_50000_1st_77001.csv,16,HT_level,200001.0,0.4365790003063906,0.22891994649531333,0.10000000149,0.10000000149,0.10000000149,0.600000023842,0.600000023842,0.600000023842,0.600000023842,0,0.0,0,0.0,0,0.0,12467
047_GHL_id_16_Sensor_tr_50000_1st_77001.csv,16,limiter1.y,200001.0,98.88665316900023,10.18177584253157,74.2313919067,75.4286346436,91.6870651245,98.8372421265,106.078369141,119.97467041,123.310340881,0,0.0,0,0.0,0,0.0,277
047_GHL_id_16_Sensor_tr_50000_1st_77001.csv,16,dL_rand,200001.0,0.15592318506278063,1.0517308649678832,-2.72307515144,-2.72307515144,-0.423413813114,0.0397961363196,0.921384334564,3.03546261787,3.03546261787,0,0.0,0,0.0,9248,0.046239768801155996,28
048_GHL_id_17_Sensor_tr_50000_1st_154001.csv,17,RT_level_ini,200001.0,2.2394197989499105,0.3873655921155902,0.0,1.4091540575,1.95805990696,2.26182603836,2.59653759003,2.70000004768,2.70000004768,0,0.0,0,0.0,972,0.0048599757001215,24
048_GHL_id_17_Sensor_tr_50000_1st_154001.csv,17,RT_temperature.T,200001.0,312.46173485900107,12.830407329548816,283.033294678,283.064331055,302.100891113,314.186767578,324.125610352,330.568847656,330.743377686,0,0.0,0,0.0,0,0.0,29952
048_GHL_id_17_Sensor_tr_50000_1st_154001.csv,17,C_temperature.T,200001.0,326.63258562042756,11.742228087755466,273.149993896,273.149993896,329.02255249,329.64352417,329.933776855,330.057159424,330.057159424,0,0.0,0,0.0,0,0.0,5399
048_GHL_id_17_Sensor_tr_50000_1st_154001.csv,17,RT_level,200001.0,1.7699752910412265,0.481912817053858,0.5,0.5,1.45805990696,1.81387519836,2.1970808506,2.70000004768,2.70000004768,0,0.0,0,0.0,0,0.0,40963
048_GHL_id_17_Sensor_tr_50000_1st_154001.csv,17,out_valve_act,200001.0,0.027499862500687495,0.16353517597517395,0.0,0.0,0.0,0.0,0.0,1.0,1.0,0,0.0,0,0.0,194501,0.9725001374993125,2
048_GHL_id_17_Sensor_tr_50000_1st_154001.csv,17,dT_rand,200001.0,0.11271569014982738,0.8620867863553008,-1.6816920042,-1.6816920042,-0.583880126476,0.127750486135,0.732444226742,2.4853053093,2.4853053093,0,0.0,0,0.0,9255,0.04627476862615687,27
048_GHL_id_17_Sensor_tr_50000_1st_154001.csv,17,inv_valve_act,200001.0,0.03157484212578937,0.17486573237738204,0.0,0.0,0.0,0.0,0.0,1.0,1.0,0,0.0,0,0.0,193686,0.9684251578742106,2
048_GHL_id_17_Sensor_tr_50000_1st_154001.csv,17,limiter.y,200001.0,284.4679790237598,8.101378334739405,274.0,274.0,277.161193848,284.277496338,290.324432373,307.853057861,307.853057861,0,0.0,0,0.0,0,0.0,23
048_GHL_id_17_Sensor_tr_50000_1st_154001.csv,17,inj_valve_act,200001.0,0.1164444177779111,0.3207578990014917,0.0,0.0,0.0,0.0,0.0,1.0,1.0,0,0.0,0,0.0,176712,0.8835555822220889,2
048_GHL_id_17_Sensor_tr_50000_1st_154001.csv,17,Relaxing.active,200001.0,0.13543932280338597,0.34219307140780836,0.0,0.0,0.0,0.0,0.0,1.0,1.0,0,0.0,0,0.0,172913,0.864560677196614,2
048_GHL_id_17_Sensor_tr_50000_1st_154001.csv,17,boundary.m_flow_in,200001.0,2.328888355558222,6.415157980029836,0.0,0.0,0.0,0.0,0.0,20.0,20.0,0,0.0,0,0.0,176712,0.8835555822220889,2
048_GHL_id_17_Sensor_tr_50000_1st_154001.csv,17,dir_valve_act,200001.0,0.029359853200733997,0.16881349090053926,0.0,0.0,0.0,0.0,0.0,1.0,1.0,0,0.0,0,0.0,194129,0.970640146799266,2
048_GHL_id_17_Sensor_tr_50000_1st_154001.csv,17,dt_rand,200001.0,0.03152383584828516,0.9926777081547258,-3.10135197639,-1.91454815865,-0.733390271664,-0.0267342142761,0.775780498981,2.24002814293,3.2648396492,0,0.0,0,0.0,2416,0.012079939600301999,270
048_GHL_id_17_Sensor_tr_50000_1st_154001.csv,17,C_level,200001.0,0.8709608328946183,0.5332250289836449,0.00999999977648,0.00999999977648,0.402692645788,0.832665085793,1.29822540283,1.7934987545,1.7934987545,0,0.0,0,0.0,0,0.0,5526
048_GHL_id_17_Sensor_tr_50000_1st_154001.csv,17,HT_temperature.T,200001.0,322.38673835653094,10.427093557157832,283.149993896,294.994110107,316.19619751,326.123596191,330.133636475,340.960968018,352.996368408,0,0.0,0,0.0,0,0.0,175648
048_GHL_id_17_Sensor_tr_50000_1st_154001.csv,17,heater_act,200001.0,0.6461767691161544,0.478156350300321,0.0,0.0,0.0,1.0,1.0,1.0,1.0,0,0.0,0,0.0,70765,0.3538232308838456,2
048_GHL_id_17_Sensor_tr_50000_1st_154001.csv,17,HT_level,200001.0,0.4383029662738088,0.22839284102909801,0.0999999940395,0.10000000149,0.10000000149,0.600000023842,0.600000023842,0.600000023842,0.600000023842,0,0.0,0,0.0,0,0.0,12171
048_GHL_id_17_Sensor_tr_50000_1st_154001.csv,17,limiter1.y,200001.0,100.31523850717772,9.926777177953761,68.9864807129,80.8545150757,92.6660995483,99.7326583862,107.757804871,122.400283813,132.648391724,0,0.0,0,0.0,0,0.0,270
048_GHL_id_17_Sensor_tr_50000_1st_154001.csv,17,dL_rand,200001.0,0.11271569014982738,0.8620867863553008,-1.6816920042,-1.6816920042,-0.583880126476,0.127750486135,0.732444226742,2.4853053093,2.4853053093,0,0.0,0,0.0,9255,0.04627476862615687,27
049_GHL_id_18_Sensor_tr_50000_1st_109001.csv,18,RT_level_ini,200001.0,2.350084171886519,0.4160869525018655,0.0,1.0,2.24381995201,2.40416431427,2.67428350449,2.70000004768,2.70000004768,0,0.0,0,0.0,972,0.0048599757001215,24
049_GHL_id_18_Sensor_tr_50000_1st_109001.csv,18,RT_temperature.T,200001.0,313.3063999273677,12.220836688242104,283.033294678,283.064331055,302.98248291,314.351989746,324.363189697,330.511169434,330.953338623,0,0.0,0,0.0,0,0.0,30509
049_GHL_id_18_Sensor_tr_50000_1st_109001.csv,18,C_temperature.T,200001.0,326.6162136738026,11.852257615574922,273.149993896,273.149993896,329.176147461,329.697113037,329.940734863,329.991394043,330.016418457,0,0.0,0,0.0,0,0.0,5580
049_GHL_id_18_Sensor_tr_50000_1st_109001.csv,18,RT_level,200001.0,1.8684707733768289,0.5129226296238236,0.5,0.5,1.67741167545,1.94719529152,2.20000004768,2.70000004768,2.70000004768,0,0.0,0,0.0,0,0.0,41871
049_GHL_id_18_Sensor_tr_50000_1st_109001.csv,18,out_valve_act,200001.0,0.028924855375723122,0.1675957892020477,0.0,0.0,0.0,0.0,0.0,1.0,1.0,0,0.0,0,0.0,194216,0.9710751446242769,2
049_GHL_id_18_Sensor_tr_50000_1st_109001.csv,18,dT_rand,200001.0,0.33626953673008836,0.8934507807849739,-2.80599379539,-2.80599379539,-0.0123599963263,0.308328509331,0.848567128181,2.06399726868,2.06399726868,0,0.0,0,0.0,9429,0.04714476427617862,27
049_GHL_id_18_Sensor_tr_50000_1st_109001.csv,18,inv_valve_act,200001.0,0.03212483937580312,0.17633204341540515,0.0,0.0,0.0,0.0,0.0,1.0,1.0,0,0.0,0,0.0,193576,0.9678751606241969,2
049_GHL_id_18_Sensor_tr_50000_1st_109001.csv,18,limiter.y,200001.0,287.0923999056643,7.236071597311824,274.0,274.0,282.876403809,286.083282471,291.485656738,303.639984131,303.639984131,0,0.0,0,0.0,0,0.0,23
049_GHL_id_18_Sensor_tr_50000_1st_109001.csv,18,inj_valve_act,200001.0,0.11865940670296649,0.32338811790266203,0.0,0.0,0.0,0.0,0.0,1.0,1.0,0,0.0,0,0.0,176269,0.8813405932970335,2
049_GHL_id_18_Sensor_tr_50000_1st_109001.csv,18,Relaxing.active,200001.0,0.1358643206783966,0.3426452889958209,0.0,0.0,0.0,0.0,0.0,1.0,1.0,0,0.0,0,0.0,172828,0.8641356793216034,2
049_GHL_id_18_Sensor_tr_50000_1st_109001.csv,18,boundary.m_flow_in,200001.0,2.3731881340593297,6.46776235805324,0.0,0.0,0.0,0.0,0.0,20.0,20.0,0,0.0,0,0.0,176269,0.8813405932970335,2
049_GHL_id_18_Sensor_tr_50000_1st_109001.csv,18,dir_valve_act,200001.0,0.029729851350743245,0.1698414893933234,0.0,0.0,0.0,0.0,0.0,1.0,1.0,0,0.0,0,0.0,194055,0.9702701486492568,2
049_GHL_id_18_Sensor_tr_50000_1st_109001.csv,18,dt_rand,200001.0,-0.020427414195265784,0.9806955961763248,-2.28473758698,-2.11447501183,-0.683248400688,-0.0324411764741,0.597277760506,2.91686749458,3.62742996216,0,0.0,0,0.0,2416,0.012079939600301999,273
049_GHL_id_18_Sensor_tr_50000_1st_109001.csv,18,C_level,200001.0,0.9198800915968367,0.5430617887017966,0.00999999977648,0.00999999977648,0.504149138927,0.891456067562,1.42270970345,1.81141936779,1.88723564148,0,0.0,0,0.0,0,0.0,5811
049_GHL_id_18_Sensor_tr_50000_1st_109001.csv,18,HT_temperature.T,200001.0,322.7102679072477,10.429302111710696,283.149993896,296.44052124,316.769592285,326.400146484,330.243743896,344.933929443,352.999420166,0,0.0,0,0.0,0,0.0,174638
049_GHL_id_18_Sensor_tr_50000_1st_109001.csv,18,heater_act,200001.0,0.6411917940410298,0.4796519859438319,0.0,0.0,0.0,1.0,1.0,1.0,1.0,0,0.0,0,0.0,71762,0.3588082059589702,2
049_GHL_id_18_Sensor_tr_50000_1st_109001.csv,18,HT_level,200001.0,0.43607113531378977,0.22917196156949188,0.10000000149,0.10000000149,0.10000000149,0.600000023842,0.600000023842,0.600000023842,0.600000023842,0,0.0,0,0.0,0,0.0,12367
049_GHL_id_18_Sensor_tr_50000_1st_109001.csv,18,limiter1.y,200001.0,99.79572599668087,9.806956008145642,77.1526260376,78.8552474976,93.1675186157,99.6755905151,105.97277832,129.168670654,136.274307251,0,0.0,0,0.0,0,0.0,273
049_GHL_id_18_Sensor_tr_50000_1st_109001.csv,18,dL_rand,200001.0,0.33626953673008836,0.8934507807849739,-2.80599379539,-2.80599379539,-0.0123599963263,0.308328509331,0.848567128181,2.06399726868,2.06399726868,0,0.0,0,0.0,9429,0.04714476427617862,27
050_GHL_id_19_Sensor_tr_43750_1st_55001.csv,19,RT_level_ini,175001.0,2.1137316322490736,0.44453366996997323,1.0,1.0,1.80900752544,2.11246824265,2.35592985153,2.99000000954,2.99000000954,0,0.0,0,0.0,0,0.0,25
050_GHL_id_19_Sensor_tr_43750_1st_55001.csv,19,RT_temperature.T,175001.0,311.9523105290144,12.987491845379312,289.542572021,289.567810059,301.546447754,313.17276001,324.171905518,330.531097412,330.952911377,0,0.0,0,0.0,0,0.0,24623
050_GHL_id_19_Sensor_tr_43750_1st_55001.csv,19,C_temperature.T,175001.0,329.5447062934343,0.5798467149608039,327.696350098,327.696350098,329.402099609,329.785797119,329.946380615,330.026733398,330.026733398,0,0.0,0,0.0,0,0.0,4409
050_GHL_id_19_Sensor_tr_43750_1st_55001.csv,19,RT_level,175001.0,1.6567452651929442,0.5210486060159577,0.5,0.5,1.30900752544,1.65884125233,2.0373210907,2.87335371971,2.99000000954,0,0.0,0,0.0,0,0.0,33951
050_GHL_id_19_Sensor_tr_43750_1st_55001.csv,19,out_valve_act,175001.0,0.02593128039268347,0.15893078187110263,0.0,0.0,0.0,0.0,0.0,1.0,1.0,0,0.0,0,0.0,170463,0.9740687196073166,2
050_GHL_id_19_Sensor_tr_43750_1st_55001.csv,19,dT_rand,175001.0,-0.3259274753941165,0.7920621524935813,-2.79393911362,-2.79393911362,-0.881984949112,-0.275063335896,0.11243019253,0.986053049564,0.986053049564,0,0.0,0,0.0,0,0.0,25
050_GHL_id_19_Sensor_tr_43750_1st_55001.csv,19,inv_valve_act,175001.0,0.031691247478585836,0.17517730351167501,0.0,0.0,0.0,0.0,0.0,1.0,1.0,0,0.0,0,0.0,169455,0.9683087525214141,2
050_GHL_id_19_Sensor_tr_43750_1st_55001.csv,19,limiter.y,175001.0,280.8609979542493,5.905825254144395,274.0,274.0,274.180145264,280.249359131,284.124298096,292.860534668,292.860534668,0,0.0,0,0.0,0,0.0,19
050_GHL_id_19_Sensor_tr_43750_1st_55001.csv,19,inj_valve_act,175001.0,0.10668510465654482,0.308713358460214,0.0,0.0,0.0,0.0,0.0,1.0,1.0,0,0.0,0,0.0,156331,0.8933148953434552,2
050_GHL_id_19_Sensor_tr_43750_1st_55001.csv,19,Relaxing.active,175001.0,0.13652493414323347,0.34334610837171176,0.0,0.0,0.0,0.0,0.0,1.0,1.0,0,0.0,0,0.0,151109,0.8634750658567666,2
050_GHL_id_19_Sensor_tr_43750_1st_55001.csv,19,boundary.m_flow_in,175001.0,2.1337020931308963,6.174267169204282,0.0,0.0,0.0,0.0,0.0,20.0,20.0,0,0.0,0,0.0,156331,0.8933148953434552,2
050_GHL_id_19_Sensor_tr_43750_1st_55001.csv,19,dir_valve_act,175001.0,0.029565545339740915,0.1693859138756767,0.0,0.0,0.0,0.0,0.0,1.0,1.0,0,0.0,0,0.0,169827,0.9704344546602591,2
050_GHL_id_19_Sensor_tr_43750_1st_55001.csv,19,dt_rand,175001.0,0.09907251015940577,1.1461775924772453,-3.26773881912,-2.11795401573,-0.584429442883,0.11429181695,0.783837378025,2.29047513008,3.20685434341,0,0.0,0,0.0,0,0.0,238
050_GHL_id_19_Sensor_tr_43750_1st_55001.csv,19,C_level,175001.0,0.936946269683008,0.44163291981269065,0.212269052863,0.212269052863,0.575001657009,0.922537386417,1.32985651493,1.68062901497,1.68062901497,0,0.0,0,0.0,0,0.0,4563
050_GHL_id_19_Sensor_tr_43750_1st_55001.csv,19,HT_temperature.T,175001.0,322.30229861943246,9.682839123614412,291.684906006,296.448547363,316.315002441,325.896392822,329.966461182,332.93170166,333.0,0,0.0,0,0.0,0,0.0,155400
050_GHL_id_19_Sensor_tr_43750_1st_55001.csv,19,heater_act,175001.0,0.6558876806418249,0.47507927836610714,0.0,0.0,0.0,1.0,1.0,1.0,1.0,0,0.0,0,0.0,60220,0.3441123193581751,2
050_GHL_id_19_Sensor_tr_43750_1st_55001.csv,19,HT_level,175001.0,0.44327852934149053,0.22637941703178438,0.10000000149,0.10000000149,0.10000000149,0.600000023842,0.600000023842,0.600000023842,0.600000023842,0,0.0,0,0.0,0,0.0,10717
050_GHL_id_19_Sensor_tr_43750_1st_55001.csv,19,limiter1.y,175001.0,100.99072498741512,11.461776024224969,67.3226089478,78.8204574585,94.155708313,101.142921448,107.838371277,122.904754639,132.06854248,0,0.0,0,0.0,0,0.0,238
050_GHL_id_19_Sensor_tr_43750_1st_55001.csv,19,dL_rand,175001.0,-0.3259274753941165,0.7920621524935813,-2.79393911362,-2.79393911362,-0.881984949112,-0.275063335896,0.11243019253,0.986053049564,0.986053049564,0,0.0,0,0.0,0,0.0,25
051_GHL_id_20_Sensor_tr_50000_1st_75110.csv,20,RT_level_ini,200001.0,2.1808837855898027,0.39385927336951154,0.0,1.44272434711,1.90828430653,2.20554971695,2.51885271072,2.70000004768,2.70000004768,0,0.0,0,0.0,972,0.0048599757001215,24
051_GHL_id_20_Sensor_tr_50000_1st_75110.csv,20,RT_temperature.T,200001.0,312.5597975782067,12.977325002927346,283.033294678,283.064331055,302.005859375,314.395385742,324.28414917,330.637298584,330.856689453,0,0.0,0,0.0,0,0.0,29381
051_GHL_id_20_Sensor_tr_50000_1st_75110.csv,20,C_temperature.T,200001.0,326.6981312313907,11.8343938094539,273.149993896,273.149993896,329.164611816,329.770385742,329.983795166,330.066894531,330.067840576,0,0.0,0,0.0,0,0.0,5248
051_GHL_id_20_Sensor_tr_50000_1st_75110.csv,20,RT_level,200001.0,1.716618210251476,0.48048014149863116,0.5,0.5,1.40828430653,1.72137367725,2.14996027946,2.70000004768,2.70000004768,0,0.0,0,0.0,0,0.0,40490
051_GHL_id_20_Sensor_tr_50000_1st_75110.csv,20,out_valve_act,200001.0,0.027749861250693748,0.16425571938381098,0.0,0.0,0.0,0.0,0.0,1.0,1.0,0,0.0,0,0.0,194451,0.9722501387493062,2
051_GHL_id_20_Sensor_tr_50000_1st_75110.csv,20,dT_rand,200001.0,0.02436254615190459,0.9181458436922972,-1.61455118656,-1.61455118656,-0.683431506157,-0.0889004170895,0.537705600262,1.8866237402,1.8866237402,0,0.0,0,0.0,9386,0.04692976535117324,28
051_GHL_id_20_Sensor_tr_50000_1st_75110.csv,20,inv_valve_act,200001.0,0.032094839525802374,0.17625242161575927,0.0,0.0,0.0,0.0,0.0,1.0,1.0,0,0.0,0,0.0,193582,0.9679051604741976,2
051_GHL_id_20_Sensor_tr_50000_1st_75110.csv,20,limiter.y,200001.0,283.71933049292124,8.541807494959182,274.0,274.0,276.165679932,282.110992432,288.377044678,301.866241455,301.866241455,0,0.0,0,0.0,0,0.0,23
051_GHL_id_20_Sensor_tr_50000_1st_75110.csv,20,inj_valve_act,200001.0,0.11277443612781936,0.31631766148238577,0.0,0.0,0.0,0.0,0.0,1.0,1.0,0,0.0,0,0.0,177446,0.8872255638721807,2
051_GHL_id_20_Sensor_tr_50000_1st_75110.csv,20,Relaxing.active,200001.0,0.1367643161784191,0.3435992262765714,0.0,0.0,0.0,0.0,0.0,1.0,1.0,0,0.0,0,0.0,172648,0.8632356838215809,2
051_GHL_id_20_Sensor_tr_50000_1st_75110.csv,20,boundary.m_flow_in,200001.0,2.2554887225563873,6.326353229647715,0.0,0.0,0.0,0.0,0.0,20.0,20.0,0,0.0,0,0.0,177446,0.8872255638721807,2
051_GHL_id_20_Sensor_tr_50000_1st_75110.csv,20,dir_valve_act,200001.0,0.02975485122574387,0.16991069537194525,0.0,0.0,0.0,0.0,0.0,1.0,1.0,0,0.0,0,0.0,194050,0.9702451487742562,2
051_GHL_id_20_Sensor_tr_50000_1st_75110.csv,20,dt_rand,200001.0,0.1444051865700463,0.9147353898356921,-2.31800293922,-1.94094669819,-0.379863888025,0.118808560073,0.733512401581,2.56877350807,2.66454052925,0,0.0,0,0.0,2416,0.012079939600301999,273
051_GHL_id_20_Sensor_tr_50000_1st_75110.csv,20,C_level,200001.0,0.8868445967469718,0.5138151655033094,0.00999999977648,0.00999999977648,0.457678198814,0.941673159599,1.34218680859,1.72174751759,1.80774593353,0,0.0,0,0.0,0,0.0,5578
051_GHL_id_20_Sensor_tr_50000_1st_75110.csv,20,HT_temperature.T,200001.0,322.34980199869904,10.119312481204286,283.149993896,294.66519165,316.458557129,326.090759277,330.075592041,332.973022461,352.996459961,0,0.0,0,0.0,0,0.0,174599
051_GHL_id_20_Sensor_tr_50000_1st_75110.csv,20,heater_act,200001.0,0.6468567657161715,0.47794793914069483,0.0,0.0,0.0,1.0,1.0,1.0,1.0,0,0.0,0,0.0,70629,0.3531432342838286,2
051_GHL_id_20_Sensor_tr_50000_1st_75110.csv,20,HT_level,200001.0,0.43889798515082046,0.2280809022843997,0.10000000149,0.10000000149,0.10000000149,0.600000023842,0.600000023842,0.600000023842,0.600000023842,0,0.0,0,0.0,0,0.0,12366
051_GHL_id_20_Sensor_tr_50000_1st_75110.csv,20,limiter1.y,200001.0,101.44405191063443,9.147354185288133,76.8199691772,80.5905303955,96.2013626099,101.188087463,107.335121155,125.687736511,126.64540863,0,0.0,0,0.0,0,0.0,273
051_GHL_id_20_Sensor_tr_50000_1st_75110.csv,20,dL_rand,200001.0,0.02436254615190459,0.9181458436922972,-1.61455118656,-1.61455118656,-0.683431506157,-0.0889004170895,0.537705600262,1.8866237402,1.8866237402,0,0.0,0,0.0,9386,0.04692976535117324,28
052_GHL_id_21_Sensor_tr_50000_1st_98001.csv,21,RT_level_ini,200001.0,2.180154875989918,0.37249252167214736,0.0,1.63518941402,1.84550762177,2.21832180023,2.47359395027,2.70000004768,2.70000004768,0,0.0,0,0.0,972,0.0048599757001215,24
052_GHL_id_21_Sensor_tr_50000_1st_98001.csv,21,RT_temperature.T,200001.0,312.39208179737307,13.103784979061675,283.033294678,283.064331055,302.001403809,314.205627441,324.283782959,330.516082764,330.729522705,0,0.0,0,0.0,0,0.0,29262
052_GHL_id_21_Sensor_tr_50000_1st_98001.csv,21,C_temperature.T,200001.0,326.6376440537767,11.764264219308364,273.149993896,273.149993896,329.006652832,329.697052002,329.96987915,330.064483643,330.064483643,0,0.0,0,0.0,0,0.0,5147
052_GHL_id_21_Sensor_tr_50000_1st_98001.csv,21,RT_level,200001.0,1.7133518783642978,0.46179215073692065,0.5,0.5,1.34550762177,1.72372353077,2.06170725822,2.70000004768,2.70000004768,0,0.0,0,0.0,0,0.0,40219
052_GHL_id_21_Sensor_tr_50000_1st_98001.csv,21,out_valve_act,200001.0,0.026809865950670246,0.16152779170737938,0.0,0.0,0.0,0.0,0.0,1.0,1.0,0,0.0,0,0.0,194639,0.9731901340493297,2
052_GHL_id_21_Sensor_tr_50000_1st_98001.csv,21,dT_rand,200001.0,0.021220210594441957,0.9075263505409755,-1.22962129116,-1.22962129116,-0.80898463726,-0.0633564293385,0.447187721729,2.09027385712,2.09027385712,0,0.0,0,0.0,9285,0.04642476787616062,27
052_GHL_id_21_Sensor_tr_50000_1st_98001.csv,21,inv_valve_act,200001.0,0.03215483922580387,0.17641162417679365,0.0,0.0,0.0,0.0,0.0,1.0,1.0,0,0.0,0,0.0,193570,0.9678451607741961,2
052_GHL_id_21_Sensor_tr_50000_1st_98001.csv,21,limiter.y,200001.0,283.4827582654234,8.754728534118405,274.0,274.0,274.91015625,282.366424561,287.471862793,303.902740479,303.902740479,0,0.0,0,0.0,0,0.0,24
052_GHL_id_21_Sensor_tr_50000_1st_98001.csv,21,inj_valve_act,200001.0,0.1121844390778046,0.31559402513681484,0.0,0.0,0.0,0.0,0.0,1.0,1.0,0,0.0,0,0.0,177564,0.8878155609221954,2
052_GHL_id_21_Sensor_tr_50000_1st_98001.csv,21,Relaxing.active,200001.0,0.13704931475342624,0.3439002637583213,0.0,0.0,0.0,0.0,0.0,1.0,1.0,0,0.0,0,0.0,172591,0.8629506852465738,2
052_GHL_id_21_Sensor_tr_50000_1st_98001.csv,21,boundary.m_flow_in,200001.0,2.2436887815560924,6.311880502736296,0.0,0.0,0.0,0.0,0.0,20.0,20.0,0,0.0,0,0.0,177564,0.8878155609221954,2
052_GHL_id_21_Sensor_tr_50000_1st_98001.csv,21,dir_valve_act,200001.0,0.029954850225748873,0.17046319972794044,0.0,0.0,0.0,0.0,0.0,1.0,1.0,0,0.0,0,0.0,194010,0.9700451497742512,2
052_GHL_id_21_Sensor_tr_50000_1st_98001.csv,21,dt_rand,200001.0,0.035506026635202574,1.0380480639696483,-2.82045960426,-2.38987398148,-0.692190289497,-0.0405896194279,0.832483887672,2.38105416298,2.78997159004,0,0.0,0,0.0,2416,0.012079939600301999,275
052_GHL_id_21_Sensor_tr_50000_1st_98001.csv,21,C_level,200001.0,0.8456772848233173,0.5122279566936797,0.00999999977648,0.00999999977648,0.417112827301,0.811587452888,1.29242539406,1.7501077652,1.7501077652,0,0.0,0,0.0,0,0.0,5389
052_GHL_id_21_Sensor_tr_50000_1st_98001.csv,21,HT_temperature.T,200001.0,322.28841427799046,10.186366788062069,283.149993896,294.533203125,316.3465271,326.101257324,330.070678711,332.967071533,352.996612549,0,0.0,0,0.0,0,0.0,174865
052_GHL_id_21_Sensor_tr_50000_1st_98001.csv,21,heater_act,200001.0,0.6483417582912085,0.47748912314385383,0.0,0.0,0.0,1.0,1.0,1.0,1.0,0,0.0,0,0.0,70332,0.35165824170879145,2
052_GHL_id_21_Sensor_tr_50000_1st_98001.csv,21,HT_level,200001.0,0.43968073683742526,0.2277440328388786,0.10000000149,0.10000000149,0.10000000149,0.600000023842,0.600000023842,0.600000023842,0.600000023842,0,0.0,0,0.0,0,0.0,12415
052_GHL_id_21_Sensor_tr_50000_1st_98001.csv,21,limiter1.y,200001.0,100.35505983253547,10.38048073073978,71.7954025269,76.1012573242,93.0780944824,99.5941009521,108.324836731,123.810539246,127.899719238,0,0.0,0,0.0,0,0.0,275
052_GHL_id_21_Sensor_tr_50000_1st_98001.csv,21,dL_rand,200001.0,0.021220210594441957,0.9075263505409755,-1.22962129116,-1.22962129116,-0.80898463726,-0.0633564293385,0.447187721729,2.09027385712,2.09027385712,0,0.0,0,0.0,9285,0.04642476787616062,27
053_GHL_id_22_Sensor_tr_50000_1st_126448.csv,22,RT_level_ini,200001.0,2.243406830275235,0.3968769758116563,0.0,1.45871603489,2.04523611069,2.28531002998,2.57459497452,2.70000004768,2.70000004768,0,0.0,0,0.0,972,0.0048599757001215,23
053_GHL_id_22_Sensor_tr_50000_1st_126448.csv,22,RT_temperature.T,200001.0,312.44220347669255,12.73559410071123,283.033294678,283.064331055,302.042785645,314.185211182,324.016296387,330.487518311,330.790435791,0,0.0,0,0.0,0,0.0,29793
053_GHL_id_22_Sensor_tr_50000_1st_126448.csv,22,C_temperature.T,200001.0,326.6050756149132,11.788780031814614,273.149993896,273.149993896,328.995361328,329.709991455,329.938293457,330.006530762,330.006530762,0,0.0,0,0.0,0,0.0,5537
053_GHL_id_22_Sensor_tr_50000_1st_126448.csv,22,RT_level,200001.0,1.7700378738384706,0.4842729920010402,0.5,0.5,1.51146733761,1.794511199,2.20000004768,2.70000004768,2.70000004768,0,0.0,0,0.0,0,0.0,40536
053_GHL_id_22_Sensor_tr_50000_1st_126448.csv,22,out_valve_act,200001.0,0.02759486202568987,0.16380940077541672,0.0,0.0,0.0,0.0,0.0,1.0,1.0,0,0.0,0,0.0,194482,0.9724051379743102,2
053_GHL_id_22_Sensor_tr_50000_1st_126448.csv,22,dT_rand,200001.0,0.11971001967793263,0.8744438971300579,-1.58256781101,-1.58256781101,-0.409527868032,0.0890224948525,0.649189710617,2.41016888618,2.41016888618,0,0.0,0,0.0,9334,0.04666976665116675,27
053_GHL_id_22_Sensor_tr_50000_1st_126448.csv,22,inv_valve_act,200001.0,0.03122484387578062,0.17392528352709027,0.0,0.0,0.0,0.0,0.0,1.0,1.0,0,0.0,0,0.0,193756,0.9687751561242194,2
053_GHL_id_22_Sensor_tr_50000_1st_126448.csv,22,limiter.y,200001.0,284.6455027304363,8.068809651097387,274.0,274.0,278.904724121,283.890228271,289.491882324,307.10168457,307.10168457,0,0.0,0,0.0,0,0.0,23
053_GHL_id_22_Sensor_tr_50000_1st_126448.csv,22,inj_valve_act,200001.0,0.11608441957790211,0.3203269269875688,0.0,0.0,0.0,0.0,0.0,1.0,1.0,0,0.0,0,0.0,176784,0.8839155804220978,2
053_GHL_id_22_Sensor_tr_50000_1st_126448.csv,22,Relaxing.active,200001.0,0.13281433592832037,0.3393748134050023,0.0,0.0,0.0,0.0,0.0,1.0,1.0,0,0.0,0,0.0,173438,0.8671856640716796,2
053_GHL_id_22_Sensor_tr_50000_1st_126448.csv,22,boundary.m_flow_in,200001.0,2.3216883915580424,6.406538539751376,0.0,0.0,0.0,0.0,0.0,20.0,20.0,0,0.0,0,0.0,176784,0.8839155804220978,2
053_GHL_id_22_Sensor_tr_50000_1st_126448.csv,22,dir_valve_act,200001.0,0.02907485462572687,0.16801681047370523,0.0,0.0,0.0,0.0,0.0,1.0,1.0,0,0.0,0,0.0,194186,0.9709251453742731,2
053_GHL_id_22_Sensor_tr_50000_1st_126448.csv,22,dt_rand,200001.0,-0.05910677850059308,1.0024122275767238,-2.83285021782,-2.29462575912,-0.740226447582,-0.0486465059221,0.656147956848,2.54219174385,2.62956643105,0,0.0,0,0.0,2416,0.012079939600301999,268
053_GHL_id_22_Sensor_tr_50000_1st_126448.csv,22,C_level,200001.0,0.8867539634522627,0.532314534790591,0.00999999977648,0.00999999977648,0.447559326887,0.836931407452,1.39694654942,1.80016136169,1.80016136169,0,0.0,0,0.0,0,0.0,5545
053_GHL_id_22_Sensor_tr_50000_1st_126448.csv,22,HT_temperature.T,200001.0,322.52432722241804,10.49198436696315,283.149993896,295.117431641,316.363067627,326.138244629,330.177856445,344.929077148,352.998535156,0,0.0,0,0.0,0,0.0,176021
053_GHL_id_22_Sensor_tr_50000_1st_126448.csv,22,heater_act,200001.0,0.6497017514912425,0.4770644857326757,0.0,0.0,0.0,1.0,1.0,1.0,1.0,0,0.0,0,0.0,70060,0.35029824850875746,2
053_GHL_id_22_Sensor_tr_50000_1st_126448.csv,22,HT_level,200001.0,0.4399327603895963,0.22780934214929532,0.0999999940395,0.10000000149,0.10000000149,0.600000023842,0.600000023842,0.600000023842,0.600000023842,0,0.0,0,0.0,0,0.0,12057
053_GHL_id_22_Sensor_tr_50000_1st_126448.csv,22,limiter1.y,200001.0,99.40893213052907,10.024122318036211,71.6715011597,77.0537414551,92.5977325439,99.5135345459,106.561477661,125.421920776,126.295661926,0,0.0,0,0.0,0,0.0,268
053_GHL_id_22_Sensor_tr_50000_1st_126448.csv,22,dL_rand,200001.0,0.11971001967793263,0.8744438971300579,-1.58256781101,-1.58256781101,-0.409527868032,0.0890224948525,0.649189710617,2.41016888618,2.41016888618,0,0.0,0,0.0,9334,0.04666976665116675,27
054_GHL_id_23_Sensor_tr_50000_1st_135001.csv,23,RT_level_ini,200001.0,2.133582592018055,0.5060105166631621,0.0,1.0,1.86273539066,2.126537323,2.70000004768,2.70000004768,2.70000004768,0,0.0,0,0.0,972,0.0048599757001215,24
054_GHL_id_23_Sensor_tr_50000_1st_135001.csv,23,RT_temperature.T,200001.0,313.05027752615706,12.790194179932161,283.033294678,283.064331055,302.367492676,314.586425781,324.723724365,330.74597168,332.902496338,0,0.0,0,0.0,0,0.0,29538
054_GHL_id_23_Sensor_tr_50000_1st_135001.csv,23,C_temperature.T,200001.0,326.75543013446634,11.767211481901779,273.149993896,273.149993896,329.270904541,329.797393799,330.014556885,330.142059326,330.159088135,0,0.0,0,0.0,0,0.0,5413
054_GHL_id_23_Sensor_tr_50000_1st_135001.csv,23,RT_level,200001.0,1.6788290554546375,0.5582063043545231,0.5,0.5,1.30926692486,1.74795436859,2.20000004768,2.70000004768,2.70000004768,0,0.0,0,0.0,0,0.0,40651
054_GHL_id_23_Sensor_tr_50000_1st_135001.csv,23,out_valve_act,200001.0,0.027804860975695123,0.16441376414573938,0.0,0.0,0.0,0.0,0.0,1.0,1.0,0,0.0,0,0.0,194440,0.9721951390243049,2
054_GHL_id_23_Sensor_tr_50000_1st_135001.csv,23,dT_rand,200001.0,-0.03055289976670235,1.1556980653898528,-2.63402199745,-2.63402199745,-0.774529278278,-0.246925264597,0.908200323582,2.28095340729,2.28095340729,0,0.0,0,0.0,9270,0.046349768251158746,30
054_GHL_id_23_Sensor_tr_50000_1st_135001.csv,23,inv_valve_act,200001.0,0.032144839275803624,0.17638510181270783,0.0,0.0,0.0,0.0,0.0,1.0,1.0,0,0.0,0,0.0,193572,0.9678551607241964,2
054_GHL_id_23_Sensor_tr_50000_1st_135001.csv,23,limiter.y,200001.0,284.1669423099173,9.51456488877627,274.0,274.0,275.254699707,280.530761719,292.082000732,305.809539795,305.809539795,0,0.0,0,0.0,0,0.0,22
054_GHL_id_23_Sensor_tr_50000_1st_135001.csv,23,inj_valve_act,200001.0,0.11342943285283573,0.3171178005591973,0.0,0.0,0.0,0.0,0.0,1.0,1.0,0,0.0,0,0.0,177315,0.8865705671471643,2
054_GHL_id_23_Sensor_tr_50000_1st_135001.csv,23,Relaxing.active,200001.0,0.1384593077034615,0.34538228711875013,0.0,0.0,0.0,0.0,0.0,1.0,1.0,0,0.0,0,0.0,172309,0.8615406922965385,2
054_GHL_id_23_Sensor_tr_50000_1st_135001.csv,23,boundary.m_flow_in,200001.0,2.2685886570567146,6.342356011183947,0.0,0.0,0.0,0.0,0.0,20.0,20.0,0,0.0,0,0.0,177315,0.8865705671471643,2
054_GHL_id_23_Sensor_tr_50000_1st_135001.csv,23,dir_valve_act,200001.0,0.02986485067574662,0.1702148237803301,0.0,0.0,0.0,0.0,0.0,1.0,1.0,0,0.0,0,0.0,194028,0.9701351493242534,2
054_GHL_id_23_Sensor_tr_50000_1st_135001.csv,23,dt_rand,200001.0,0.022040698901983964,0.9502203014888563,-2.44914078712,-2.01745653152,-0.679860830307,0.0354930274189,0.602679550648,2.40614032745,2.91900396347,0,0.0,0,0.0,2416,0.012079939600301999,276
054_GHL_id_23_Sensor_tr_50000_1st_135001.csv,23,C_level,200001.0,0.9069558803645056,0.531453455991927,0.00999999977648,0.00999999977648,0.50330555439,0.941742122173,1.35280942917,1.75325977802,1.81170487404,0,0.0,0,0.0,0,0.0,5591
054_GHL_id_23_Sensor_tr_50000_1st_135001.csv,23,HT_temperature.T,200001.0,322.6894187361337,10.142591904545315,283.149993896,295.269561768,316.885559082,326.361419678,330.187957764,339.358734131,352.994049072,0,0.0,0,0.0,0,0.0,175358
054_GHL_id_23_Sensor_tr_50000_1st_135001.csv,23,heater_act,200001.0,0.6432917835410823,0.47902882179148637,0.0,0.0,0.0,1.0,1.0,1.0,1.0,0,0.0,0,0.0,71342,0.3567082164589177,2
054_GHL_id_23_Sensor_tr_50000_1st_135001.csv,23,HT_level,200001.0,0.4371642196635608,0.22872883456364085,0.10000000149,0.10000000149,0.10000000149,0.600000023842,0.600000023842,0.600000023842,0.600000023842,0,0.0,0,0.0,0,0.0,12398
054_GHL_id_23_Sensor_tr_50000_1st_135001.csv,23,limiter1.y,200001.0,100.22040693361264,9.502202969290558,75.5085906982,79.8254318237,93.2013931274,100.354927063,106.026794434,124.061401367,129.190032959,0,0.0,0,0.0,0,0.0,276
054_GHL_id_23_Sensor_tr_50000_1st_135001.csv,23,dL_rand,200001.0,-0.03055289976670235,1.1556980653898528,-2.63402199745,-2.63402199745,-0.774529278278,-0.246925264597,0.908200323582,2.28095340729,2.28095340729,0,0.0,0,0.0,9270,0.046349768251158746,30
055_GHL_id_24_Sensor_tr_50000_1st_118124.csv,24,RT_level_ini,200001.0,2.1247166745006076,0.47928886691685973,0.0,1.1630833149,1.77041685581,2.08722949028,2.57187867165,2.70000004768,2.70000004768,0,0.0,0,0.0,972,0.0048599757001215,24
055_GHL_id_24_Sensor_tr_50000_1st_118124.csv,24,RT_temperature.T,200001.0,312.60515336554107,12.909196075685312,283.033294678,283.064331055,302.024841309,314.262420654,324.476226807,330.601928711,334.986938477,0,0.0,0,0.0,0,0.0,29597
055_GHL_id_24_Sensor_tr_50000_1st_118124.csv,24,C_temperature.T,200001.0,326.6750441448021,11.793140826831161,273.149993896,273.149993896,328.95715332,329.681671143,330.182281494,330.203796387,330.203796387,0,0.0,0,0.0,0,0.0,4490
055_GHL_id_24_Sensor_tr_50000_1st_118124.csv,24,RT_level,200001.0,1.6705141545955127,0.5379553442445818,0.5,0.5,1.27041685581,1.68108916283,2.20000004768,2.70000004768,2.70000004768,0,0.0,0,0.0,0,0.0,40475
055_GHL_id_24_Sensor_tr_50000_1st_118124.csv,24,out_valve_act,200001.0,0.026884865575672122,0.1617473350290448,0.0,0.0,0.0,0.0,0.0,1.0,1.0,0,0.0,0,0.0,194624,0.9731151344243278,2
055_GHL_id_24_Sensor_tr_50000_1st_118124.csv,24,dT_rand,200001.0,-0.08696235949884869,1.0619124305078955,-2.17383337021,-2.17383337021,-0.919248044491,-0.13782158494,0.955534517765,2.25879693031,2.25879693031,0,0.0,0,0.0,9309,0.04654476727616362,29
055_GHL_id_24_Sensor_tr_50000_1st_118124.csv,24,inv_valve_act,200001.0,0.03183984080079599,0.1755739715017652,0.0,0.0,0.0,0.0,0.0,1.0,1.0,0,0.0,0,0.0,193633,0.968160159199204,2
055_GHL_id_24_Sensor_tr_50000_1st_118124.csv,24,limiter.y,200001.0,283.38153323789146,9.020025998458898,274.0,274.0,274.0,281.621795654,292.555358887,305.587982178,305.587982178,0,0.0,0,0.0,0,0.0,20
055_GHL_id_24_Sensor_tr_50000_1st_118124.csv,24,inj_valve_act,200001.0,0.11400442997785011,0.3178174396731167,0.0,0.0,0.0,0.0,0.0,1.0,1.0,0,0.0,0,0.0,177200,0.8859955700221499,2
055_GHL_id_24_Sensor_tr_50000_1st_118124.csv,24,Relaxing.active,200001.0,0.13546932265338674,0.34222502956409495,0.0,0.0,0.0,0.0,0.0,1.0,1.0,0,0.0,0,0.0,172907,0.8645306773466133,2
055_GHL_id_24_Sensor_tr_50000_1st_118124.csv,24,boundary.m_flow_in,200001.0,2.2800885995570024,6.356348793462335,0.0,0.0,0.0,0.0,0.0,20.0,20.0,0,0.0,0,0.0,177200,0.8859955700221499,2
055_GHL_id_24_Sensor_tr_50000_1st_118124.csv,24,dir_valve_act,200001.0,0.029634851825740872,0.16957821548224924,0.0,0.0,0.0,0.0,0.0,1.0,1.0,0,0.0,0,0.0,194074,0.9703651481742591,2
055_GHL_id_24_Sensor_tr_50000_1st_118124.csv,24,dt_rand,200001.0,-0.05784730979165744,0.9876463418251594,-2.71541500092,-2.4893643856,-0.749900817871,0.0204168837517,0.551072716713,2.23969244957,2.53767514229,0,0.0,0,0.0,2416,0.012079939600301999,272
055_GHL_id_24_Sensor_tr_50000_1st_118124.csv,24,C_level,200001.0,0.8580598569260396,0.5141110815667043,0.00999999977648,0.00999999977648,0.458698153496,0.832557201385,1.31332933903,1.75390017033,1.75390017033,0,0.0,0,0.0,0,0.0,5406
055_GHL_id_24_Sensor_tr_50000_1st_118124.csv,24,HT_temperature.T,200001.0,322.356831346337,10.07210541625305,283.149993896,294.981140137,316.446807861,326.059997559,330.056152344,332.972564697,352.997741699,0,0.0,0,0.0,0,0.0,174680
055_GHL_id_24_Sensor_tr_50000_1st_118124.csv,24,heater_act,200001.0,0.6476617616911915,0.47769984835069235,0.0,0.0,0.0,1.0,1.0,1.0,1.0,0,0.0,0,0.0,70468,0.35233823830880845,2
055_GHL_id_24_Sensor_tr_50000_1st_118124.csv,24,HT_level,200001.0,0.4391879802308115,0.2279997377550681,0.10000000149,0.10000000149,0.10000000149,0.600000023842,0.600000023842,0.600000023842,0.600000023842,0,0.0,0,0.0,0,0.0,12284
055_GHL_id_24_Sensor_tr_50000_1st_118124.csv,24,limiter1.y,200001.0,99.4215267590404,9.87646386646716,72.8458480835,75.1063537598,92.5009918213,100.204170227,105.510726929,122.39692688,125.376754761,0,0.0,0,0.0,0,0.0,272
055_GHL_id_24_Sensor_tr_50000_1st_118124.csv,24,dL_rand,200001.0,-0.08696235949884869,1.0619124305078955,-2.17383337021,-2.17383337021,-0.919248044491,-0.13782158494,0.955534517765,2.25879693031,2.25879693031,0,0.0,0,0.0,9309,0.04654476727616362,29
056_GHL_id_25_Sensor_tr_50000_1st_105568.csv,25,RT_level_ini,200001.0,2.254326286261722,0.3785201014204229,0.0,1.45880758762,2.01200151443,2.23454236984,2.61407065392,2.70000004768,2.70000004768,0,0.0,0,0.0,972,0.0048599757001215,23
056_GHL_id_25_Sensor_tr_50000_1st_105568.csv,25,RT_temperature.T,200001.0,312.9983646975002,12.744162645760692,283.033294678,283.064331055,302.223022461,314.473876953,324.507751465,330.562438965,330.76776123,0,0.0,0,0.0,0,0.0,30115
056_GHL_id_25_Sensor_tr_50000_1st_105568.csv,25,C_temperature.T,200001.0,326.6363461857481,11.807757597009163,273.149993896,273.149993896,329.107177734,329.739807129,329.975463867,330.077362061,330.077362061,0,0.0,0,0.0,0,0.0,5472
056_GHL_id_25_Sensor_tr_50000_1st_105568.csv,25,RT_level,200001.0,1.778330047601704,0.478619957519758,0.5,0.5,1.51200139523,1.75,2.19611954689,2.70000004768,2.70000004768,0,0.0,0,0.0,0,0.0,41390
056_GHL_id_25_Sensor_tr_50000_1st_105568.csv,25,out_valve_act,200001.0,0.02817485912570437,0.16547257580678823,0.0,0.0,0.0,0.0,0.0,1.0,1.0,0,0.0,0,0.0,194366,0.9718251408742956,2
056_GHL_id_25_Sensor_tr_50000_1st_105568.csv,25,dT_rand,200001.0,0.22696215936724493,0.9746358636666618,-1.58238470554,-1.58238470554,-0.362834572792,-0.0309152510017,0.728141129017,2.1717581749,2.1717581749,0,0.0,0,0.0,9351,0.04675476622616887,27
056_GHL_id_25_Sensor_tr_50000_1st_105568.csv,25,inv_valve_act,200001.0,0.03227983860080699,0.17674277017735676,0.0,0.0,0.0,0.0,0.0,1.0,1.0,0,0.0,0,0.0,193545,0.967720161399193,2
056_GHL_id_25_Sensor_tr_50000_1st_105568.csv,25,limiter.y,200001.0,285.6213680281081,9.225862900509888,274.0,274.0,279.371643066,282.690856934,290.281402588,304.717590332,304.717590332,0,0.0,0,0.0,0,0.0,24
056_GHL_id_25_Sensor_tr_50000_1st_105568.csv,25,inj_valve_act,200001.0,0.11645441772791136,0.32076985641343564,0.0,0.0,0.0,0.0,0.0,1.0,1.0,0,0.0,0,0.0,176710,0.8835455822720887,2
056_GHL_id_25_Sensor_tr_50000_1st_105568.csv,25,Relaxing.active,200001.0,0.13765431172844136,0.3445376550088849,0.0,0.0,0.0,0.0,0.0,1.0,1.0,0,0.0,0,0.0,172470,0.8623456882715587,2
056_GHL_id_25_Sensor_tr_50000_1st_105568.csv,25,boundary.m_flow_in,200001.0,2.3290883545582273,6.415397128268712,0.0,0.0,0.0,0.0,0.0,20.0,20.0,0,0.0,0,0.0,176710,0.8835455822720887,2
056_GHL_id_25_Sensor_tr_50000_1st_105568.csv,25,dir_valve_act,200001.0,0.030049849750751246,0.17072493085366858,0.0,0.0,0.0,0.0,0.0,1.0,1.0,0,0.0,0,0.0,193991,0.9699501502492488,2
056_GHL_id_25_Sensor_tr_50000_1st_105568.csv,25,dt_rand,200001.0,-0.02512968645029723,0.9941491329732843,-2.74861907959,-2.17960143089,-0.755790889263,0.0,0.648457288742,2.49378943443,2.80776381493,0,0.0,0,0.0,2416,0.012079939600301999,277
056_GHL_id_25_Sensor_tr_50000_1st_105568.csv,25,C_level,200001.0,0.8978806911530125,0.5421519698280861,0.00999999977648,0.00999999977648,0.460371166468,0.885346293449,1.3624792099,1.83839058876,1.83839058876,0,0.0,0,0.0,0,0.0,5661
056_GHL_id_25_Sensor_tr_50000_1st_105568.csv,25,HT_temperature.T,200001.0,322.4342921759215,10.29214728802987,283.149993896,295.035339355,316.495727539,326.281219482,330.147155762,332.999359131,352.998840332,0,0.0,0,0.0,0,0.0,173952
056_GHL_id_25_Sensor_tr_50000_1st_105568.csv,25,heater_act,200001.0,0.641881790591047,0.4794483359512949,0.0,0.0,0.0,1.0,1.0,1.0,1.0,0,0.0,0,0.0,71624,0.35811820940895295,2
056_GHL_id_25_Sensor_tr_50000_1st_105568.csv,25,HT_level,200001.0,0.43652023405173723,0.22894204423963907,0.10000000149,0.10000000149,0.10000000149,0.600000023842,0.600000023842,0.600000023842,0.600000023842,0,0.0,0,0.0,0,0.0,12465
056_GHL_id_25_Sensor_tr_50000_1st_105568.csv,25,limiter1.y,200001.0,99.74870275159658,9.941491543514065,72.5138092041,78.2039871216,92.4420928955,100.0,106.484573364,124.937896729,128.077636719,0,0.0,0,0.0,0,0.0,277
056_GHL_id_25_Sensor_tr_50000_1st_105568.csv,25,dL_rand,200001.0,0.22696215936724493,0.9746358636666618,-1.58238470554,-1.58238470554,-0.362834572792,-0.0309152510017,0.728141129017,2.1717581749,2.1717581749,0,0.0,0,0.0,9351,0.04675476622616887,27
