source_file,series_id,feature,file_train_mean,file_train_std,global_train_mean,global_train_std,file_train_mean_vs_global_train_sd
032_GHL_id_1_Sensor_tr_50000_1st_65001.csv,1,RT_level_ini,2.2669944907755455,0.41534392903268097,2.21311171302913,0.47634846683472576,0.11311630350037569
032_GHL_id_1_Sensor_tr_50000_1st_65001.csv,1,RT_temperature.T,311.7524841143568,13.675506896686183,311.6877958602708,13.63812326727883,0.004743193239877957
032_GHL_id_1_Sensor_tr_50000_1st_65001.csv,1,C_temperature.T,317.1690550615169,20.932610585537653,317.53591162472776,20.717635891627737,-0.01770745297049744
032_GHL_id_1_Sensor_tr_50000_1st_65001.csv,1,RT_level,1.818385255502025,0.44538772754521133,1.7706173428573646,0.4901865615842382,0.09744843369487502
032_GHL_id_1_Sensor_tr_50000_1st_65001.csv,1,out_valve_act,0.02638,0.16026418593118627,0.025670185654719832,0.15814944671648998,0.0044882505757521405
032_GHL_id_1_Sensor_tr_50000_1st_65001.csv,1,dT_rand,0.1804639437114302,0.6703912442210628,0.15948058018306635,0.9328480964046898,0.022493869697795703
032_GHL_id_1_Sensor_tr_50000_1st_65001.csv,1,inv_valve_act,0.03176,0.1753622463312693,0.031417181653708236,0.17444244614388257,0.001965223223303114
032_GHL_id_1_Sensor_tr_50000_1st_65001.csv,1,limiter.y,284.97660732478477,6.296437082876156,285.1693483115862,8.303377625378504,-0.023212359535754484
032_GHL_id_1_Sensor_tr_50000_1st_65001.csv,1,inj_valve_act,0.11688,0.32128045384461296,0.12133699930614547,0.32651863396259256,-0.013650061106944625
032_GHL_id_1_Sensor_tr_50000_1st_65001.csv,1,Relaxing.active,0.1371,0.34395632879643656,0.13421059457496545,0.34087857818653733,0.008476347913694334
032_GHL_id_1_Sensor_tr_50000_1st_65001.csv,1,boundary.m_flow_in,2.3376,6.4256090768922585,2.4267399861229095,6.530372679251851,-0.013650061106944618
032_GHL_id_1_Sensor_tr_50000_1st_65001.csv,1,dir_valve_act,0.03,0.17058892699011924,0.029445046073237315,0.1690504614004931,0.0032827708493971945
032_GHL_id_1_Sensor_tr_50000_1st_65001.csv,1,dt_rand,-0.02211644587469387,1.002125496746795,0.001416129260518523,0.9750823424770573,-0.02413393629447873
032_GHL_id_1_Sensor_tr_50000_1st_65001.csv,1,C_level,0.18259014427201445,0.12404524023380284,0.19858016319622682,0.13583416287808137,-0.11771721182221508
032_GHL_id_1_Sensor_tr_50000_1st_65001.csv,1,HT_temperature.T,321.57593514587296,10.993704428814029,321.5050933798013,10.974896846555696,0.006454891290747127
032_GHL_id_1_Sensor_tr_50000_1st_65001.csv,1,heater_act,0.64386,0.4788620746913787,0.6435533133174678,0.47894950900500205,0.0006403319697922374
032_GHL_id_1_Sensor_tr_50000_1st_65001.csv,1,HT_level,0.4373734760629212,0.22867125264405713,0.4369878288527189,0.22889864178067842,0.0016847946637088428
032_GHL_id_1_Sensor_tr_50000_1st_65001.csv,1,limiter1.y,99.77883563415259,10.021254933335692,100.01416122397639,9.750823515041322,-0.024133919505444412
032_GHL_id_1_Sensor_tr_50000_1st_65001.csv,1,dL_rand,0.1804639437114302,0.6703912442210628,0.15948058018306635,0.9328480964046898,0.022493869697795703
033_GHL_id_2_Sensor_tr_50000_1st_51001.csv,2,RT_level_ini,1.9126705278001361,0.44320193978309275,2.21311171302913,0.47634846683472576,-0.6307172293959229
033_GHL_id_2_Sensor_tr_50000_1st_51001.csv,2,RT_temperature.T,310.1854765716434,14.515826080858155,311.6877958602708,13.63812326727883,-0.11015586669698414
033_GHL_id_2_Sensor_tr_50000_1st_51001.csv,2,C_temperature.T,317.17011887067434,20.97769113224353,317.53591162472776,20.717635891627737,-0.017656104970994187
033_GHL_id_2_Sensor_tr_50000_1st_51001.csv,2,RT_level,1.495313034155026,0.4359684787254468,1.7706173428573646,0.4901865615842382,-0.5616316934772349
033_GHL_id_2_Sensor_tr_50000_1st_51001.csv,2,out_valve_act,0.02322,0.15060307176716053,0.025670185654719832,0.15814944671648998,-0.01549284999467756
033_GHL_id_2_Sensor_tr_50000_1st_51001.csv,2,dT_rand,-0.585090570036759,0.6935574469738661,0.15948058018306635,0.9328480964046898,-0.798169769643625
033_GHL_id_2_Sensor_tr_50000_1st_51001.csv,2,inv_valve_act,0.03086,0.17294004326694062,0.031417181653708236,0.17444244614388257,-0.0031940715463750487
033_GHL_id_2_Sensor_tr_50000_1st_51001.csv,2,limiter.y,279.0183467016347,3.749273124098282,285.1693483115862,8.303377625378504,-0.7407830749683751
033_GHL_id_2_Sensor_tr_50000_1st_51001.csv,2,inj_valve_act,0.10802,0.3104087735102432,0.12133699930614547,0.32651863396259256,-0.0407848065040941
033_GHL_id_2_Sensor_tr_50000_1st_51001.csv,2,Relaxing.active,0.13404,0.3406986937339183,0.13421059457496545,0.34087857818653733,-0.0005004555459982781
033_GHL_id_2_Sensor_tr_50000_1st_51001.csv,2,boundary.m_flow_in,2.1604,6.208175470204864,2.4267399861229095,6.530372679251851,-0.04078480650409412
033_GHL_id_2_Sensor_tr_50000_1st_51001.csv,2,dir_valve_act,0.02916,0.16825653213237254,0.029445046073237315,0.1690504614004931,-0.001686159687917212
033_GHL_id_2_Sensor_tr_50000_1st_51001.csv,2,dt_rand,0.1546664280548941,1.0532090865878738,0.001416129260518523,0.9750823424770573,0.1571665203218275
033_GHL_id_2_Sensor_tr_50000_1st_51001.csv,2,C_level,0.1797790446097489,0.1179248096443119,0.19858016319622682,0.13583416287808137,-0.1384122976732515
033_GHL_id_2_Sensor_tr_50000_1st_51001.csv,2,HT_temperature.T,321.44076181945775,10.910734661267735,321.5050933798013,10.974896846555696,-0.00586170068320251
033_GHL_id_2_Sensor_tr_50000_1st_51001.csv,2,heater_act,0.65868,0.4741573094481219,0.6435533133174678,0.47894950900500205,0.031583050818774876
033_GHL_id_2_Sensor_tr_50000_1st_51001.csv,2,HT_level,0.4443250870788705,0.22606285532885484,0.4369878288527189,0.22889864178067842,0.03205461670315119
033_GHL_id_2_Sensor_tr_50000_1st_51001.csv,2,limiter1.y,101.54666406431558,10.532090605355112,100.01416122397639,9.750823515041322,0.157166503729167
033_GHL_id_2_Sensor_tr_50000_1st_51001.csv,2,dL_rand,-0.585090570036759,0.6935574469738661,0.15948058018306635,0.9328480964046898,-0.798169769643625
034_GHL_id_3_Sensor_tr_50000_1st_122001.csv,3,RT_level_ini,2.044377516994534,0.5155081830154835,2.21311171302913,0.47634846683472576,-0.3542242870136916
034_GHL_id_3_Sensor_tr_50000_1st_122001.csv,3,RT_temperature.T,311.08061349978095,13.904380526684921,311.6877958602708,13.63812326727883,-0.04452096146884242
034_GHL_id_3_Sensor_tr_50000_1st_122001.csv,3,C_temperature.T,317.0993051995234,20.926345292927763,317.53591162472776,20.717635891627737,-0.021074143183526545
034_GHL_id_3_Sensor_tr_50000_1st_122001.csv,3,RT_level,1.6226617651029915,0.5139979207283218,1.7706173428573646,0.4901865615842382,-0.30183523855936434
034_GHL_id_3_Sensor_tr_50000_1st_122001.csv,3,out_valve_act,0.02494,0.1559438449239193,0.025670185654719832,0.15814944671648998,-0.004617061076595575
034_GHL_id_3_Sensor_tr_50000_1st_122001.csv,3,dT_rand,-0.12745251382264855,1.1262730714095794,0.15948058018306635,0.9328480964046898,-0.307588229114247
034_GHL_id_3_Sensor_tr_50000_1st_122001.csv,3,inv_valve_act,0.03082,0.17283149312119103,0.031417181653708236,0.17444244614388257,-0.0034233735361385137
034_GHL_id_3_Sensor_tr_50000_1st_122001.csv,3,limiter.y,283.4532689105453,8.742811088806054,285.1693483115862,8.303377625378504,-0.20667245047314656
034_GHL_id_3_Sensor_tr_50000_1st_122001.csv,3,inj_valve_act,0.11872,0.323461982546764,0.12133699930614547,0.32651863396259256,-0.008014854387897752
034_GHL_id_3_Sensor_tr_50000_1st_122001.csv,3,Relaxing.active,0.13094,0.3373380979667828,0.13421059457496545,0.34087857818653733,-0.009594602841765259
034_GHL_id_3_Sensor_tr_50000_1st_122001.csv,3,boundary.m_flow_in,2.3744,6.46923965093528,2.4267399861229095,6.530372679251851,-0.008014854387897778
034_GHL_id_3_Sensor_tr_50000_1st_122001.csv,3,dir_valve_act,0.02868,0.16690720403953568,0.029445046073237315,0.1690504614004931,-0.004525548566382573
034_GHL_id_3_Sensor_tr_50000_1st_122001.csv,3,dt_rand,0.1331354479331817,0.9331204290103454,0.001416129260518523,0.9750823424770573,0.13508532862778447
034_GHL_id_3_Sensor_tr_50000_1st_122001.csv,3,C_level,0.19265556315553317,0.13460976223284016,0.19858016319622682,0.13583416287808137,-0.0436164210472685
034_GHL_id_3_Sensor_tr_50000_1st_122001.csv,3,HT_temperature.T,321.4325888391097,10.904259717270806,321.5050933798013,10.974896846555696,-0.0066063983748806485
034_GHL_id_3_Sensor_tr_50000_1st_122001.csv,3,heater_act,0.64988,0.4770120925204394,0.6435533133174678,0.47894950900500205,0.013209506562968725
034_GHL_id_3_Sensor_tr_50000_1st_122001.csv,3,HT_level,0.4398557032053753,0.22791430642216523,0.4369878288527189,0.22889864178067842,0.01252901428486535
034_GHL_id_3_Sensor_tr_50000_1st_122001.csv,3,limiter1.y,101.33135469253679,9.331204234567887,100.01416122397639,9.750823515041322,0.13508535628078408
034_GHL_id_3_Sensor_tr_50000_1st_122001.csv,3,dL_rand,-0.12745251382264855,1.1262730714095794,0.15948058018306635,0.9328480964046898,-0.307588229114247
035_GHL_id_4_Sensor_tr_50000_1st_90001.csv,4,RT_level_ini,2.103619770022654,0.5179406088444906,2.21311171302913,0.47634846683472576,-0.22985681833728921
035_GHL_id_4_Sensor_tr_50000_1st_90001.csv,4,RT_temperature.T,311.6223372467015,13.596220305245698,311.6877958602708,13.63812326727883,-0.004799678979758929
035_GHL_id_4_Sensor_tr_50000_1st_90001.csv,4,C_temperature.T,317.1738528118745,20.91774878127969,317.53591162472776,20.717635891627737,-0.017475874889739507
035_GHL_id_4_Sensor_tr_50000_1st_90001.csv,4,RT_level,1.6913817509530662,0.5211005372677553,1.7706173428573646,0.4901865615842382,-0.1616437456959575
035_GHL_id_4_Sensor_tr_50000_1st_90001.csv,4,out_valve_act,0.0223,0.14765888413136968,0.025670185654719832,0.15814944671648998,-0.021310132439233048
035_GHL_id_4_Sensor_tr_50000_1st_90001.csv,4,dT_rand,-0.019945407576864353,1.0433897968515071,0.15948058018306635,0.9328480964046898,-0.19234212778206905
035_GHL_id_4_Sensor_tr_50000_1st_90001.csv,4,inv_valve_act,0.03136,0.17429044134191313,0.031417181653708236,0.17444244614388257,-0.00032779667433161604
035_GHL_id_4_Sensor_tr_50000_1st_90001.csv,4,limiter.y,283.92105374270596,9.1846651853467,285.1693483115862,8.303377625378504,-0.15033575795287563
035_GHL_id_4_Sensor_tr_50000_1st_90001.csv,4,inj_valve_act,0.1133,0.31696233104642896,0.12133699930614547,0.32651863396259256,-0.024614213310307515
035_GHL_id_4_Sensor_tr_50000_1st_90001.csv,4,Relaxing.active,0.13674,0.3435760953423067,0.13421059457496545,0.34087857818653733,0.007420253389024621
035_GHL_id_4_Sensor_tr_50000_1st_90001.csv,4,boundary.m_flow_in,2.266,6.33924662092858,2.4267399861229095,6.530372679251851,-0.024614213310307522
035_GHL_id_4_Sensor_tr_50000_1st_90001.csv,4,dir_valve_act,0.02952,0.16926057598522953,0.029445046073237315,0.1690504614004931,0.000443381970931834
035_GHL_id_4_Sensor_tr_50000_1st_90001.csv,4,dt_rand,0.1838623054159719,0.6649201560997053,0.001416129260518523,0.9750823424770573,0.1871084812098791
035_GHL_id_4_Sensor_tr_50000_1st_90001.csv,4,C_level,0.18315325545570058,0.1239982445251938,0.19858016319622682,0.13583416287808137,-0.11357163333330761
035_GHL_id_4_Sensor_tr_50000_1st_90001.csv,4,HT_temperature.T,321.74023746765073,10.829717003281397,321.5050933798013,10.974896846555696,0.02142563079517645
035_GHL_id_4_Sensor_tr_50000_1st_90001.csv,4,heater_act,0.65276,0.4760975906033505,0.6435533133174678,0.47894950900500205,0.01922266650123252
035_GHL_id_4_Sensor_tr_50000_1st_90001.csv,4,HT_level,0.44161221216520674,0.227090978148511,0.4369878288527189,0.22889864178067842,0.02020275557999476
035_GHL_id_4_Sensor_tr_50000_1st_90001.csv,4,limiter1.y,101.83862274152074,6.649202437558794,100.01416122397639,9.750823515041322,0.18710845445310248
035_GHL_id_4_Sensor_tr_50000_1st_90001.csv,4,dL_rand,-0.019945407576864353,1.0433897968515071,0.15948058018306635,0.9328480964046898,-0.19234212778206905
036_GHL_id_5_Sensor_tr_50000_1st_67147.csv,5,RT_level_ini,2.2183833942486775,0.4517350992285024,2.21311171302913,0.47634846683472576,0.011066858794732997
036_GHL_id_5_Sensor_tr_50000_1st_67147.csv,5,RT_temperature.T,311.4393045629625,13.909472196908172,311.6877958602708,13.63812326727883,-0.018220343990033916
036_GHL_id_5_Sensor_tr_50000_1st_67147.csv,5,C_temperature.T,317.46637711533106,20.925410053690957,317.53591162472776,20.717635891627737,-0.0033562955619276646
036_GHL_id_5_Sensor_tr_50000_1st_67147.csv,5,RT_level,1.7642128667707704,0.4711953961858337,1.7706173428573646,0.4901865615842382,-0.013065384872844213
036_GHL_id_5_Sensor_tr_50000_1st_67147.csv,5,out_valve_act,0.02592,0.15889826485261402,0.025670185654719832,0.15814944671648998,0.0015796093534743857
036_GHL_id_5_Sensor_tr_50000_1st_67147.csv,5,dT_rand,0.22876283083758353,0.9791247709968124,0.15948058018306635,0.9328480964046898,0.07426959536235257
036_GHL_id_5_Sensor_tr_50000_1st_67147.csv,5,inv_valve_act,0.03114,0.17369773693999693,0.031417181653708236,0.17444244614388257,-0.0015889576180307138
036_GHL_id_5_Sensor_tr_50000_1st_67147.csv,5,limiter.y,285.3599572961982,9.703137533673964,285.1693483115862,8.303377625378504,0.022955596290050447
036_GHL_id_5_Sensor_tr_50000_1st_67147.csv,5,inj_valve_act,0.11892,0.32369758912074714,0.12133699930614547,0.32651863396259256,-0.007402331918436163
036_GHL_id_5_Sensor_tr_50000_1st_67147.csv,5,Relaxing.active,0.13462,0.341320649237212,0.13421059457496545,0.34087857818653733,0.0012010300770807017
036_GHL_id_5_Sensor_tr_50000_1st_67147.csv,5,boundary.m_flow_in,2.3784,6.473951782414944,2.4267399861229095,6.530372679251851,-0.007402331918436163
036_GHL_id_5_Sensor_tr_50000_1st_67147.csv,5,dir_valve_act,0.02948,0.16914934770798437,0.029445046073237315,0.1690504614004931,0.00020676623105970866
036_GHL_id_5_Sensor_tr_50000_1st_67147.csv,5,dt_rand,-0.013030641719190009,0.9183401099517954,0.001416129260518523,0.9750823424770573,-0.014815949741237826
036_GHL_id_5_Sensor_tr_50000_1st_67147.csv,5,C_level,0.21120663187982064,0.1412192633971099,0.19858016319622682,0.13583416287808137,0.09295502998702007
036_GHL_id_5_Sensor_tr_50000_1st_67147.csv,5,HT_temperature.T,321.43137881286646,11.050592395193224,321.5050933798013,10.974896846555696,-0.0067166523718133475
036_GHL_id_5_Sensor_tr_50000_1st_67147.csv,5,heater_act,0.6459,0.47824446087256167,0.6435533133174678,0.47894950900500205,0.00489965359272919
036_GHL_id_5_Sensor_tr_50000_1st_67147.csv,5,HT_level,0.4381204867473827,0.22846712666305927,0.4369878288527189,0.22889864178067842,0.004948294519584946
036_GHL_id_5_Sensor_tr_50000_1st_67147.csv,5,limiter1.y,99.86969372099928,9.18340108393485,100.01416122397639,9.750823515041322,-0.014815928393561476
036_GHL_id_5_Sensor_tr_50000_1st_67147.csv,5,dL_rand,0.22876283083758353,0.9791247709968124,0.15948058018306635,0.9328480964046898,0.07426959536235257
037_GHL_id_6_Sensor_tr_50000_1st_80001.csv,6,RT_level_ini,2.152296559575122,0.47502159685813444,2.21311171302913,0.47634846683472576,-0.12766946403358212
037_GHL_id_6_Sensor_tr_50000_1st_80001.csv,6,RT_temperature.T,310.6471645019811,13.960738651380188,311.6877958602708,13.63812326727883,-0.07630312015044202
037_GHL_id_6_Sensor_tr_50000_1st_80001.csv,6,C_temperature.T,317.0732934087578,21.014074543359325,317.53591162472776,20.717635891627737,-0.022329681745053242
037_GHL_id_6_Sensor_tr_50000_1st_80001.csv,6,RT_level,1.7181638929453937,0.48024871899572563,1.7706173428573646,0.4901865615842382,-0.10700711529595204
037_GHL_id_6_Sensor_tr_50000_1st_80001.csv,6,out_valve_act,0.02402,0.15311273124782734,0.025670185654719832,0.15814944671648998,-0.010434343521151062
037_GHL_id_6_Sensor_tr_50000_1st_80001.csv,6,dT_rand,-0.09426143175214625,0.7312007051116028,0.15948058018306635,0.9328480964046898,-0.2720078573490853
037_GHL_id_6_Sensor_tr_50000_1st_80001.csv,6,inv_valve_act,0.031,0.17331936069584336,0.031417181653708236,0.17444244614388257,-0.0023915145822028814
037_GHL_id_6_Sensor_tr_50000_1st_80001.csv,6,limiter.y,282.79097286493453,5.978390495592973,285.1693483115862,8.303377625378504,-0.286434696090706
037_GHL_id_6_Sensor_tr_50000_1st_80001.csv,6,inj_valve_act,0.11372,0.3174740578307902,0.12133699930614547,0.32651863396259256,-0.023327916124438113
037_GHL_id_6_Sensor_tr_50000_1st_80001.csv,6,Relaxing.active,0.1325,0.3390369432981875,0.13421059457496545,0.34087857818653733,-0.005018193234863136
037_GHL_id_6_Sensor_tr_50000_1st_80001.csv,6,boundary.m_flow_in,2.2744,6.349481156615803,2.4267399861229095,6.530372679251851,-0.02332791612443814
037_GHL_id_6_Sensor_tr_50000_1st_80001.csv,6,dir_valve_act,0.0291,0.1680885334432468,0.029445046073237315,0.1690504614004931,-0.002041083297725369
037_GHL_id_6_Sensor_tr_50000_1st_80001.csv,6,dt_rand,-0.17737393329780346,0.8986175655218837,0.001416129260518523,0.9750823424770573,-0.18335893777353343
037_GHL_id_6_Sensor_tr_50000_1st_80001.csv,6,C_level,0.18470627847087923,0.12793043794269154,0.19858016319622682,0.13583416287808137,-0.10213840488567051
037_GHL_id_6_Sensor_tr_50000_1st_80001.csv,6,HT_temperature.T,321.3951500695795,10.954834667750623,321.5050933798013,10.974896846555696,-0.010017707843542294
037_GHL_id_6_Sensor_tr_50000_1st_80001.csv,6,heater_act,0.65564,0.47516387279981653,0.6435533133174678,0.47894950900500205,0.025235826439496317
037_GHL_id_6_Sensor_tr_50000_1st_80001.csv,6,HT_level,0.44280909517264433,0.22668733944482633,0.4369878288527189,0.22889864178067842,0.025431633296903164
037_GHL_id_6_Sensor_tr_50000_1st_80001.csv,6,limiter1.y,98.22626064026296,8.986175511000575,100.01416122397639,9.750823515041322,-0.1833589317820656
037_GHL_id_6_Sensor_tr_50000_1st_80001.csv,6,dL_rand,-0.09426143175214625,0.7312007051116028,0.15948058018306635,0.9328480964046898,-0.2720078573490853
038_GHL_id_7_Sensor_tr_50000_1st_100001.csv,7,RT_level_ini,2.169404913912457,0.33482213077939155,2.21311171302913,0.47634846683472576,-0.09175383602491498
038_GHL_id_7_Sensor_tr_50000_1st_100001.csv,7,RT_temperature.T,310.78511478270883,13.90465343760651,311.6877958602708,13.63812326727883,-0.06618807147224694
038_GHL_id_7_Sensor_tr_50000_1st_100001.csv,7,C_temperature.T,317.1491904003729,20.946817795264746,317.53591162472776,20.717635891627737,-0.018666281537998115
038_GHL_id_7_Sensor_tr_50000_1st_100001.csv,7,RT_level,1.7291764888018006,0.36078236771204125,1.7706173428573646,0.4901865615842382,-0.08454098358312989
038_GHL_id_7_Sensor_tr_50000_1st_100001.csv,7,out_valve_act,0.02482,0.15557779947355527,0.025670185654719832,0.15814944671648998,-0.005375837047624564
038_GHL_id_7_Sensor_tr_50000_1st_100001.csv,7,dT_rand,-0.03866211638995904,0.34627616799199507,0.15948058018306635,0.9328480964046898,-0.2124061755999626
038_GHL_id_7_Sensor_tr_50000_1st_100001.csv,7,inv_valve_act,0.0309,0.17304851607505428,0.031417181653708236,0.17444244614388257,-0.002964769556611564
038_GHL_id_7_Sensor_tr_50000_1st_100001.csv,7,limiter.y,282.613376757679,3.462763723911476,285.1693483115862,8.303377625378504,-0.30782311358393244
038_GHL_id_7_Sensor_tr_50000_1st_100001.csv,7,inj_valve_act,0.12364,0.32917368896427635,0.12133699930614547,0.32651863396259256,0.007053198360857932
038_GHL_id_7_Sensor_tr_50000_1st_100001.csv,7,Relaxing.active,0.13026,0.33659262958651637,0.13421059457496545,0.34087857818653733,-0.01158944805503032
038_GHL_id_7_Sensor_tr_50000_1st_100001.csv,7,boundary.m_flow_in,2.4728,6.583473779285526,2.4267399861229095,6.530372679251851,0.007053198360857898
038_GHL_id_7_Sensor_tr_50000_1st_100001.csv,7,dir_valve_act,0.02908,0.1680324917935992,0.029445046073237315,0.1690504614004931,-0.0021593911676614217
038_GHL_id_7_Sensor_tr_50000_1st_100001.csv,7,dt_rand,-0.11074187013774622,1.0160606072616973,0.001416129260518523,0.9750823424770573,-0.11502413130909887
038_GHL_id_7_Sensor_tr_50000_1st_100001.csv,7,C_level,0.18296906762953666,0.12442243026288963,0.19858016319622682,0.13583416287808137,-0.11492760904855706
038_GHL_id_7_Sensor_tr_50000_1st_100001.csv,7,HT_temperature.T,321.17310693176285,11.123236153286188,321.5050933798013,10.974896846555696,-0.03024961898777429
038_GHL_id_7_Sensor_tr_50000_1st_100001.csv,7,heater_act,0.64728,0.47782127188244483,0.6435533133174678,0.47894950900500205,0.007780959396480466
038_GHL_id_7_Sensor_tr_50000_1st_100001.csv,7,HT_level,0.4386510888165814,0.2283454103461533,0.4369878288527189,0.22889864178067842,0.007266360127449476
038_GHL_id_7_Sensor_tr_50000_1st_100001.csv,7,limiter1.y,98.89258089416779,10.160605672726673,100.01416122397639,9.750823515041322,-0.11502416468501137
038_GHL_id_7_Sensor_tr_50000_1st_100001.csv,7,dL_rand,-0.03866211638995904,0.34627616799199507,0.15948058018306635,0.9328480964046898,-0.2124061755999626
039_GHL_id_8_Sensor_tr_50000_1st_63030.csv,8,RT_level_ini,2.219253117428196,0.3570033408801722,2.21311171302913,0.47634846683472576,0.012892671702871278
039_GHL_id_8_Sensor_tr_50000_1st_63030.csv,8,RT_temperature.T,311.1269851000342,13.728594498551912,311.6877958602708,13.63812326727883,-0.04112081620365916
039_GHL_id_8_Sensor_tr_50000_1st_63030.csv,8,C_temperature.T,317.114586807889,20.851918530956254,317.53591162472776,20.717635891627737,-0.020336529662104207
039_GHL_id_8_Sensor_tr_50000_1st_63030.csv,8,RT_level,1.7731790167631192,0.38607381262256407,1.7706173428573646,0.4901865615842382,0.005225916225600867
039_GHL_id_8_Sensor_tr_50000_1st_63030.csv,8,out_valve_act,0.0256,0.1579403017053534,0.025670185654719832,0.15814944671648998,-0.0004437932359362006
039_GHL_id_8_Sensor_tr_50000_1st_63030.csv,8,dT_rand,0.0572428407617946,0.39450559984984407,0.15948058018306635,0.9328480964046898,-0.10959741442932504
039_GHL_id_8_Sensor_tr_50000_1st_63030.csv,8,inv_valve_act,0.03094,0.17315691169087455,0.031417181653708236,0.17444244614388257,-0.002735467566848099
039_GHL_id_8_Sensor_tr_50000_1st_63030.csv,8,limiter.y,283.5724292333883,3.945053949039715,285.1693483115862,8.303377625378504,-0.19232162503570577
039_GHL_id_8_Sensor_tr_50000_1st_63030.csv,8,inj_valve_act,0.12536,0.33112997952657014,0.12133699930614547,0.32651863396259256,0.01232089159822781
039_GHL_id_8_Sensor_tr_50000_1st_63030.csv,8,Relaxing.active,0.13472,0.34142766885104836,0.13421059457496545,0.34087857818653733,0.001494389667266783
039_GHL_id_8_Sensor_tr_50000_1st_63030.csv,8,boundary.m_flow_in,2.5072,6.622599590531404,2.4267399861229095,6.530372679251851,0.01232089159822781
039_GHL_id_8_Sensor_tr_50000_1st_63030.csv,8,dir_valve_act,0.0286,0.1666811196624052,0.029445046073237315,0.1690504614004931,-0.0049987800461268024
039_GHL_id_8_Sensor_tr_50000_1st_63030.csv,8,dt_rand,0.07547253350882242,1.0648103538374498,0.001416129260518523,0.9750823424770573,0.0759488722359326
039_GHL_id_8_Sensor_tr_50000_1st_63030.csv,8,C_level,0.18480400350490986,0.12327609002303556,0.19858016319622682,0.13583416287808137,-0.1014189611760763
039_GHL_id_8_Sensor_tr_50000_1st_63030.csv,8,HT_temperature.T,321.34773094726654,11.054621892227479,321.5050933798013,10.974896846555696,-0.014338397411372971
039_GHL_id_8_Sensor_tr_50000_1st_63030.csv,8,heater_act,0.64076,0.4797824780299136,0.6435533133174678,0.47894950900500205,-0.005832166574866707
039_GHL_id_8_Sensor_tr_50000_1st_63030.csv,8,HT_level,0.43528073903298026,0.22966431142703542,0.4369878288527189,0.22889864178067842,-0.007457841630071035
039_GHL_id_8_Sensor_tr_50000_1st_63030.csv,8,limiter1.y,100.75472534533945,10.648103708609815,100.01416122397639,9.750823515041322,0.07594887962239219
039_GHL_id_8_Sensor_tr_50000_1st_63030.csv,8,dL_rand,0.0572428407617946,0.39450559984984407,0.15948058018306635,0.9328480964046898,-0.10959741442932504
040_GHL_id_9_Sensor_tr_50000_1st_92001.csv,9,RT_level_ini,2.374608492132759,0.42821930115867113,2.21311171302913,0.47634846683472576,0.3390307523749454
040_GHL_id_9_Sensor_tr_50000_1st_92001.csv,9,RT_temperature.T,312.6321070318948,13.115732160308763,311.6877958602708,13.63812326727883,0.06924055114603929
040_GHL_id_9_Sensor_tr_50000_1st_92001.csv,9,C_temperature.T,317.14278471120303,20.91256736585177,317.53591162472776,20.717635891627737,-0.018975471698660006
040_GHL_id_9_Sensor_tr_50000_1st_92001.csv,9,RT_level,1.9132674445038371,0.46606361439907645,1.7706173428573646,0.4901865615842382,0.2910118571701362
040_GHL_id_9_Sensor_tr_50000_1st_92001.csv,9,out_valve_act,0.02784,0.1645158828487821,0.025670185654719832,0.15814944671648998,0.013720024889938013
040_GHL_id_9_Sensor_tr_50000_1st_92001.csv,9,dT_rand,0.5212372386512901,0.7216404023648886,0.15948058018306635,0.9328480964046898,0.387798034709486
040_GHL_id_9_Sensor_tr_50000_1st_92001.csv,9,inv_valve_act,0.0319,0.17573561864389697,0.031417181653708236,0.17444244614388257,0.002767780187475282
040_GHL_id_9_Sensor_tr_50000_1st_92001.csv,9,limiter.y,288.21237047898614,7.216403165391238,285.1693483115862,8.303377625378504,0.3664800403752852
040_GHL_id_9_Sensor_tr_50000_1st_92001.csv,9,inj_valve_act,0.13216,0.3386680208117772,0.12133699930614547,0.32651863396259256,0.03314665555992268
040_GHL_id_9_Sensor_tr_50000_1st_92001.csv,9,Relaxing.active,0.13928,0.3462419374795395,0.13421059457496545,0.34087857818653733,0.014871586979749805
040_GHL_id_9_Sensor_tr_50000_1st_92001.csv,9,boundary.m_flow_in,2.6432,6.773360416235545,2.4267399861229095,6.530372679251851,0.0331466555599227
040_GHL_id_9_Sensor_tr_50000_1st_92001.csv,9,dir_valve_act,0.02948,0.16914934770798437,0.029445046073237315,0.1690504614004931,0.00020676623105970866
040_GHL_id_9_Sensor_tr_50000_1st_92001.csv,9,dt_rand,0.24899511522779735,0.8459839691088815,0.001416129260518523,0.9750823424770573,0.25390572178585435
040_GHL_id_9_Sensor_tr_50000_1st_92001.csv,9,C_level,0.19654528972249183,0.13780948904033238,0.19858016319622682,0.13583416287808137,-0.014980572122797997
040_GHL_id_9_Sensor_tr_50000_1st_92001.csv,9,HT_temperature.T,321.58192461425824,11.03986479211439,321.5050933798013,10.974896846555696,0.007000633858446983
040_GHL_id_9_Sensor_tr_50000_1st_92001.csv,9,heater_act,0.62532,0.48404502227754787,0.6435533133174678,0.47894950900500205,-0.03806938513278104
040_GHL_id_9_Sensor_tr_50000_1st_92001.csv,9,HT_level,0.42801413621535184,0.23206933974243443,0.4369878288527189,0.22889864178067842,-0.03920378280778667
040_GHL_id_9_Sensor_tr_50000_1st_92001.csv,9,limiter1.y,102.4899519520473,8.459840188179866,100.01416122397639,9.750823515041322,0.25390580849420974
040_GHL_id_9_Sensor_tr_50000_1st_92001.csv,9,dL_rand,0.5212372386512901,0.7216404023648886,0.15948058018306635,0.9328480964046898,0.387798034709486
041_GHL_id_10_Sensor_tr_50000_1st_57001.csv,10,RT_level_ini,2.0224927366994687,0.4904078180295922,2.21311171302913,0.47634846683472576,-0.4001670827163565
041_GHL_id_10_Sensor_tr_50000_1st_57001.csv,10,RT_temperature.T,311.4051571594114,14.347785151681531,311.6877958602708,13.63812326727883,-0.020724163825204697
041_GHL_id_10_Sensor_tr_50000_1st_57001.csv,10,C_temperature.T,317.5612867693053,20.970524373074444,317.53591162472776,20.717635891627737,0.001224808887957737
041_GHL_id_10_Sensor_tr_50000_1st_57001.csv,10,RT_level,1.5926995335661005,0.4938748633696417,1.7706173428573646,0.4901865615842382,-0.36295937758116015
041_GHL_id_10_Sensor_tr_50000_1st_57001.csv,10,out_valve_act,0.026,0.15913675405175828,0.025670185654719832,0.15814944671648998,0.002085460000827038
041_GHL_id_10_Sensor_tr_50000_1st_57001.csv,10,dT_rand,-0.14996906032023083,1.2018107560508076,0.15948058018306635,0.9328480964046898,-0.3317256493269952
041_GHL_id_10_Sensor_tr_50000_1st_57001.csv,10,inv_valve_act,0.0313,0.17412902233208674,0.031417181653708236,0.17444244614388257,-0.0006717496589768137
041_GHL_id_10_Sensor_tr_50000_1st_57001.csv,10,limiter.y,282.6142093964349,10.994274546743304,285.1693483115862,8.303377625378504,-0.3077228364685906
041_GHL_id_10_Sensor_tr_50000_1st_57001.csv,10,inj_valve_act,0.12106,0.3262002521950139,0.12133699930614547,0.32651863396259256,-0.0008483414951968848
041_GHL_id_10_Sensor_tr_50000_1st_57001.csv,10,Relaxing.active,0.1337,0.34033311113162446,0.13421059457496545,0.34087857818653733,-0.0014978781526307273
041_GHL_id_10_Sensor_tr_50000_1st_57001.csv,10,boundary.m_flow_in,2.4212,6.524005043900276,2.4267399861229095,6.530372679251851,-0.0008483414951969357
041_GHL_id_10_Sensor_tr_50000_1st_57001.csv,10,dir_valve_act,0.02956,0.16937172177079238,0.029445046073237315,0.1690504614004931,0.0006799977108039388
041_GHL_id_10_Sensor_tr_50000_1st_57001.csv,10,dt_rand,0.018540516127744756,0.827427242718415,0.001416129260518523,0.9750823424770573,0.017561990532742267
041_GHL_id_10_Sensor_tr_50000_1st_57001.csv,10,C_level,0.2066571724145081,0.13366947322261322,0.19858016319622682,0.13583416287808137,0.05946228141097935
041_GHL_id_10_Sensor_tr_50000_1st_57001.csv,10,HT_temperature.T,321.3797318035883,11.08677247141571,321.5050933798013,10.974896846555696,-0.01142257444108224
041_GHL_id_10_Sensor_tr_50000_1st_57001.csv,10,heater_act,0.64236,0.4793101554990289,0.6435533133174678,0.47894950900500205,-0.0024915221647200505
041_GHL_id_10_Sensor_tr_50000_1st_57001.csv,10,HT_level,0.43638525435155345,0.2291309160739896,0.4369878288527189,0.22889864178067842,-0.00263249487405359
041_GHL_id_10_Sensor_tr_50000_1st_57001.csv,10,limiter1.y,100.18540498753806,8.274272067706043,100.01416122397639,9.750823515041322,0.017561979590495224
041_GHL_id_10_Sensor_tr_50000_1st_57001.csv,10,dL_rand,-0.14996906032023083,1.2018107560508076,0.15948058018306635,0.9328480964046898,-0.3317256493269952
042_GHL_id_11_Sensor_tr_50000_1st_150001.csv,11,RT_level_ini,2.32294147356385,0.4730803755733074,2.21311171302913,0.47634846683472576,0.2305659998541082
042_GHL_id_11_Sensor_tr_50000_1st_150001.csv,11,RT_temperature.T,312.1591042992857,13.64828161323121,311.6877958602708,13.63812326727883,0.03455815948999815
042_GHL_id_11_Sensor_tr_50000_1st_150001.csv,11,C_temperature.T,317.1822809550903,20.99032141031203,317.53591162472776,20.717635891627737,-0.0170690648048501
042_GHL_id_11_Sensor_tr_50000_1st_150001.csv,11,RT_level,1.8683352906992234,0.5003319183888768,1.7706173428573646,0.4901865615842382,0.1993484838222479
042_GHL_id_11_Sensor_tr_50000_1st_150001.csv,11,out_valve_act,0.0271,0.1623764678835774,0.025670185654719832,0.15814944671648998,0.009040906401925987
042_GHL_id_11_Sensor_tr_50000_1st_150001.csv,11,dT_rand,0.401871194040795,0.8612568891793552,0.15948058018306635,0.9328480964046898,0.25983931874003025
042_GHL_id_11_Sensor_tr_50000_1st_150001.csv,11,inv_valve_act,0.03188,0.17568233515540974,0.031417181653708236,0.17444244614388257,0.0026531291925935493
042_GHL_id_11_Sensor_tr_50000_1st_150001.csv,11,limiter.y,287.01870692451115,8.61256495038887,285.1693483115862,8.303377625378504,0.22272365492237353
042_GHL_id_11_Sensor_tr_50000_1st_150001.csv,11,inj_valve_act,0.12556,0.3313561261507726,0.12133699930614547,0.32651863396259256,0.012933414067689442
042_GHL_id_11_Sensor_tr_50000_1st_150001.csv,11,Relaxing.active,0.13598,0.3427707534720381,0.13421059457496545,0.34087857818653733,0.005190720503610743
042_GHL_id_11_Sensor_tr_50000_1st_150001.csv,11,boundary.m_flow_in,2.5112,6.627122523015453,2.4267399861229095,6.530372679251851,0.012933414067689424
042_GHL_id_11_Sensor_tr_50000_1st_150001.csv,11,dir_valve_act,0.02992,0.17036834831470943,0.029445046073237315,0.1690504614004931,0.0028095393696529643
042_GHL_id_11_Sensor_tr_50000_1st_150001.csv,11,dt_rand,0.08590866569712534,1.0443616105872644,0.001416129260518523,0.9750823424770573,0.08665169366308655
042_GHL_id_11_Sensor_tr_50000_1st_150001.csv,11,C_level,0.19254812568104535,0.13218842192740676,0.19858016319622682,0.13583416287808137,-0.04440736694932597
042_GHL_id_11_Sensor_tr_50000_1st_150001.csv,11,HT_temperature.T,321.4300994110108,11.139381569029284,321.5050933798013,10.974896846555696,-0.006833227668467921
042_GHL_id_11_Sensor_tr_50000_1st_150001.csv,11,heater_act,0.63554,0.48128322334236984,0.6435533133174678,0.47894950900500205,-0.016731018962969867
042_GHL_id_11_Sensor_tr_50000_1st_150001.csv,11,HT_level,0.4331893952303186,0.230226147809592,0.4369878288527189,0.22889864178067842,-0.01659439126790386
042_GHL_id_11_Sensor_tr_50000_1st_150001.csv,11,limiter1.y,100.8590870082462,10.443616509689907,100.01416122397639,9.750823515041322,0.08665173592430035
042_GHL_id_11_Sensor_tr_50000_1st_150001.csv,11,dL_rand,0.401871194040795,0.8612568891793552,0.15948058018306635,0.9328480964046898,0.25983931874003025
043_GHL_id_12_Sensor_tr_39938_1st_40038.csv,12,RT_level_ini,2.3018604567015712,0.4665093158280063,2.21311171302913,0.47634846683472576,0.18631054753291265
043_GHL_id_12_Sensor_tr_39938_1st_40038.csv,12,RT_temperature.T,311.3504073976781,13.526590300240318,311.6877958602708,13.63812326727883,-0.024738628327415232
043_GHL_id_12_Sensor_tr_39938_1st_40038.csv,12,C_temperature.T,314.265470261886,22.384203837005053,317.53591162472776,20.717635891627737,-0.15785784536175806
043_GHL_id_12_Sensor_tr_39938_1st_40038.csv,12,RT_level,1.8744553639040482,0.4551461864964858,1.7706173428573646,0.4901865615842382,0.21183367555219917
043_GHL_id_12_Sensor_tr_39938_1st_40038.csv,12,out_valve_act,0.021608493164404826,0.14540321716002616,0.025670185654719832,0.15814944671648998,-0.025682622194665574
043_GHL_id_12_Sensor_tr_39938_1st_40038.csv,12,dT_rand,0.30467766254139117,0.6660707783572163,0.15948058018306635,0.9328480964046898,0.15564922404615722
043_GHL_id_12_Sensor_tr_39938_1st_40038.csv,12,inv_valve_act,0.03169913365716861,0.17520007748432273,0.031417181653708236,0.17444244614388257,0.001616303885281538
043_GHL_id_12_Sensor_tr_39938_1st_40038.csv,12,limiter.y,286.0467764714391,6.660702494614707,285.1693483115862,8.303377625378504,0.10567123397725928
043_GHL_id_12_Sensor_tr_39938_1st_40038.csv,12,inj_valve_act,0.11620511793279584,0.3204747417293344,0.12133699930614547,0.32651863396259256,-0.015716963258940883
043_GHL_id_12_Sensor_tr_39938_1st_40038.csv,12,Relaxing.active,0.1337823626621263,0.34042259588469437,0.13421059457496545,0.34087857818653733,-0.0012562593845507864
043_GHL_id_12_Sensor_tr_39938_1st_40038.csv,12,boundary.m_flow_in,2.324102358655917,6.4094948345866865,2.4267399861229095,6.530372679251851,-0.015716963258940883
043_GHL_id_12_Sensor_tr_39938_1st_40038.csv,12,dir_valve_act,0.02937052431268466,0.1688449301458802,0.029445046073237315,0.1690504614004931,-0.00044082553774346423
043_GHL_id_12_Sensor_tr_39938_1st_40038.csv,12,dt_rand,0.020475974750293537,0.891274781431878,0.001416129260518523,0.9750823424770573,0.01954690866553506
043_GHL_id_12_Sensor_tr_39938_1st_40038.csv,12,C_level,0.14082533102142936,0.09854041783035515,0.19858016319622682,0.13583416287808137,-0.42518635187994347
043_GHL_id_12_Sensor_tr_39938_1st_40038.csv,12,HT_temperature.T,321.49188640540547,11.211142180152509,321.5050933798013,10.974896846555696,-0.0012033802759575725
043_GHL_id_12_Sensor_tr_39938_1st_40038.csv,12,heater_act,0.6547899243827934,0.47544267711883015,0.6435533133174678,0.47894950900500205,0.02346095121523182
043_GHL_id_12_Sensor_tr_39938_1st_40038.csv,12,HT_level,0.44265679176608963,0.22665521270257763,0.4369878288527189,0.22889864178067842,0.02476625841582095
043_GHL_id_12_Sensor_tr_39938_1st_40038.csv,12,limiter1.y,100.20475931128941,8.91274788243427,100.01416122397639,9.750823515041322,0.019546870786760692
043_GHL_id_12_Sensor_tr_39938_1st_40038.csv,12,dL_rand,0.30467766254139117,0.6660707783572163,0.15948058018306635,0.9328480964046898,0.15564922404615722
044_GHL_id_13_Sensor_tr_50000_1st_145001.csv,13,RT_level_ini,2.1587116195366485,0.5051407353794569,2.21311171302913,0.47634846683472576,-0.11420230625273795
044_GHL_id_13_Sensor_tr_50000_1st_145001.csv,13,RT_temperature.T,310.9879225921877,13.407127059530652,311.6877958602708,13.63812326727883,-0.05131741768035249
044_GHL_id_13_Sensor_tr_50000_1st_145001.csv,13,C_temperature.T,317.2248343725846,20.85932922508475,317.53591162472776,20.717635891627737,-0.015015094085559264
044_GHL_id_13_Sensor_tr_50000_1st_145001.csv,13,RT_level,1.7326247506522996,0.5016492706680058,1.7706173428573646,0.4901865615842382,-0.07750639283597743
044_GHL_id_13_Sensor_tr_50000_1st_145001.csv,13,out_valve_act,0.02334,0.1509824503510467,0.025670185654719832,0.15814944671648998,-0.014734074023648593
044_GHL_id_13_Sensor_tr_50000_1st_145001.csv,13,dT_rand,-0.010445334285860622,0.8532890042342749,0.15948058018306635,0.9328480964046898,-0.1821581832281613
044_GHL_id_13_Sensor_tr_50000_1st_145001.csv,13,inv_valve_act,0.03036,0.1715775602378806,0.031417181653708236,0.17444244614388257,-0.006060346418418462
044_GHL_id_13_Sensor_tr_50000_1st_145001.csv,13,limiter.y,283.9599006615371,6.713301354641532,285.1693483115862,8.303377625378504,-0.14565731014719924
044_GHL_id_13_Sensor_tr_50000_1st_145001.csv,13,inj_valve_act,0.11536,0.3194590920325005,0.12133699930614547,0.32651863396259256,-0.018305231874852872
044_GHL_id_13_Sensor_tr_50000_1st_145001.csv,13,Relaxing.active,0.12898,0.3351811547926443,0.13421059457496545,0.34087857818653733,-0.015344450809411464
044_GHL_id_13_Sensor_tr_50000_1st_145001.csv,13,boundary.m_flow_in,2.3072,6.389181840650009,2.4267399861229095,6.530372679251851,-0.018305231874852914
044_GHL_id_13_Sensor_tr_50000_1st_145001.csv,13,dir_valve_act,0.02862,0.16673767309469265,0.029445046073237315,0.1690504614004931,-0.00488047217619075
044_GHL_id_13_Sensor_tr_50000_1st_145001.csv,13,dt_rand,-0.08331397623592302,0.8287990068434145,0.001416129260518523,0.9750823424770573,-0.08689533366094686
044_GHL_id_13_Sensor_tr_50000_1st_145001.csv,13,C_level,0.18896708907621063,0.1293360805757264,0.19858016319622682,0.13583416287808137,-0.0707706656141022
044_GHL_id_13_Sensor_tr_50000_1st_145001.csv,13,HT_temperature.T,321.49278127990885,10.862301518807064,321.5050933798013,10.974896846555696,-0.0011218419694113478
044_GHL_id_13_Sensor_tr_50000_1st_145001.csv,13,heater_act,0.65932,0.4739426442435842,0.6435533133174678,0.47894950900500205,0.03291930858283344
044_GHL_id_13_Sensor_tr_50000_1st_145001.csv,13,HT_level,0.444380966814668,0.2261201369522609,0.4369878288527189,0.22889864178067842,0.03229874106912736
044_GHL_id_13_Sensor_tr_50000_1st_145001.csv,13,limiter1.y,99.1668601434346,8.287989972854493,100.01416122397639,9.750823515041322,-0.0868953354795892
044_GHL_id_13_Sensor_tr_50000_1st_145001.csv,13,dL_rand,-0.010445334285860622,0.8532890042342749,0.15948058018306635,0.9328480964046898,-0.1821581832281613
045_GHL_id_14_Sensor_tr_50000_1st_85076.csv,14,RT_level_ini,2.2712552284419454,0.4224515763330019,2.21311171302913,0.47634846683472576,0.1220608849634209
045_GHL_id_14_Sensor_tr_50000_1st_85076.csv,14,RT_temperature.T,311.16254024537193,13.765137727122873,311.6877958602708,13.63812326727883,-0.038513775290408406
045_GHL_id_14_Sensor_tr_50000_1st_85076.csv,14,C_temperature.T,317.1476628372744,20.876835040853617,317.53591162472776,20.717635891627737,-0.018740014038485523
045_GHL_id_14_Sensor_tr_50000_1st_85076.csv,14,RT_level,1.815835938729168,0.4478892524966975,1.7706173428573646,0.4901865615842382,0.09224772650980285
045_GHL_id_14_Sensor_tr_50000_1st_85076.csv,14,out_valve_act,0.02632,0.16008675821379825,0.025670185654719832,0.15814944671648998,0.004108862590237646
045_GHL_id_14_Sensor_tr_50000_1st_85076.csv,14,dT_rand,0.17567755552488826,0.6330948796994197,0.15948058018306635,0.9328480964046898,0.01736292908164472
045_GHL_id_14_Sensor_tr_50000_1st_85076.csv,14,inv_valve_act,0.03098,0.17326523025927715,0.031417181653708236,0.17444244614388257,-0.002506165577084614
045_GHL_id_14_Sensor_tr_50000_1st_85076.csv,14,limiter.y,284.75677980101835,6.330949577971995,285.1693483115862,8.303377625378504,-0.04968682976754661
045_GHL_id_14_Sensor_tr_50000_1st_85076.csv,14,inj_valve_act,0.1227,0.3280958136539671,0.12133699930614547,0.32651863396259256,0.0041743427543883575
045_GHL_id_14_Sensor_tr_50000_1st_85076.csv,14,Relaxing.active,0.13082,0.3372067641196353,0.13421059457496545,0.34087857818653733,-0.009946634349988524
045_GHL_id_14_Sensor_tr_50000_1st_85076.csv,14,boundary.m_flow_in,2.454,6.561916273079343,2.4267399861229095,6.530372679251851,0.0041743427543883575
045_GHL_id_14_Sensor_tr_50000_1st_85076.csv,14,dir_valve_act,0.029,0.1678081141997127,0.029445046073237315,0.1690504614004931,-0.002632622647405652
045_GHL_id_14_Sensor_tr_50000_1st_85076.csv,14,dt_rand,-0.14743109830381979,1.0094114174503843,0.001416129260518523,0.9750823424770573,-0.1526509311882453
045_GHL_id_14_Sensor_tr_50000_1st_85076.csv,14,C_level,0.1961576145346382,0.13629358760655083,0.19858016319622682,0.13583416287808137,-0.017834605155722015
045_GHL_id_14_Sensor_tr_50000_1st_85076.csv,14,HT_temperature.T,321.25004598999146,11.12880975131368,321.5050933798013,10.974896846555696,-0.023239160547541757
045_GHL_id_14_Sensor_tr_50000_1st_85076.csv,14,heater_act,0.64616,0.47816506275191706,0.6435533133174678,0.47894950900500205,0.005442508309377854
045_GHL_id_14_Sensor_tr_50000_1st_85076.csv,14,HT_level,0.43808269094592106,0.2285642347890232,0.4369878288527189,0.22889864178067842,0.0047831742673737476
045_GHL_id_14_Sensor_tr_50000_1st_85076.csv,14,limiter1.y,98.52568882075174,10.094114117010896,100.01416122397639,9.750823515041322,-0.15265094285919298
045_GHL_id_14_Sensor_tr_50000_1st_85076.csv,14,dL_rand,0.17567755552488826,0.6330948796994197,0.15948058018306635,0.9328480964046898,0.01736292908164472
046_GHL_id_15_Sensor_tr_50000_1st_156462.csv,15,RT_level_ini,2.4070140133664353,0.3823119593226625,2.21311171302913,0.47634846683472576,0.4070597762721083
046_GHL_id_15_Sensor_tr_50000_1st_156462.csv,15,RT_temperature.T,312.04028752137714,12.980348297126605,311.6877958602708,13.63812326727883,0.02584605331673859
046_GHL_id_15_Sensor_tr_50000_1st_156462.csv,15,C_temperature.T,317.16287142628795,20.838184999309668,317.53591162472776,20.717635891627737,-0.018005925019203582
046_GHL_id_15_Sensor_tr_50000_1st_156462.csv,15,RT_level,1.9588363506636282,0.41513771414116296,1.7706173428573646,0.4901865615842382,0.3839742305418511
046_GHL_id_15_Sensor_tr_50000_1st_156462.csv,15,out_valve_act,0.0232,0.15053973975088733,0.025670185654719832,0.15814944671648998,-0.01561931265651574
046_GHL_id_15_Sensor_tr_50000_1st_156462.csv,15,dT_rand,0.4472576536346947,0.39527451487734755,0.15948058018306635,0.9328480964046898,0.3084929631745579
046_GHL_id_15_Sensor_tr_50000_1st_156462.csv,15,inv_valve_act,0.03214,0.17637358802510952,0.031417181653708236,0.17444244614388257,0.004143592126056152
046_GHL_id_15_Sensor_tr_50000_1st_156462.csv,15,limiter.y,287.4725745270608,3.9527425876895395,285.1693483115862,8.303377625378504,0.27738425486454854
046_GHL_id_15_Sensor_tr_50000_1st_156462.csv,15,inj_valve_act,0.11746,0.3219708398355883,0.12133699930614547,0.32651863396259256,-0.011873745945505955
046_GHL_id_15_Sensor_tr_50000_1st_156462.csv,15,Relaxing.active,0.13628,0.34308907852380854,0.13421059457496545,0.34087857818653733,0.006070799274168906
046_GHL_id_15_Sensor_tr_50000_1st_156462.csv,15,boundary.m_flow_in,2.3492,6.439416796711767,2.4267399861229095,6.530372679251851,-0.011873745945505929
046_GHL_id_15_Sensor_tr_50000_1st_156462.csv,15,dir_valve_act,0.02986,0.17020270203259283,0.029445046073237315,0.1690504614004931,0.002454615759844807
046_GHL_id_15_Sensor_tr_50000_1st_156462.csv,15,dt_rand,0.14878950879007524,1.0237595235544203,0.001416129260518523,0.9750823424770573,0.15113941983112497
046_GHL_id_15_Sensor_tr_50000_1st_156462.csv,15,C_level,0.19269266287614684,0.1323070207352009,0.19858016319622682,0.13583416287808137,-0.0433432959377409
046_GHL_id_15_Sensor_tr_50000_1st_156462.csv,15,HT_temperature.T,321.7127150482176,10.951406438905227,321.5050933798013,10.974896846555696,0.018917869691092513
046_GHL_id_15_Sensor_tr_50000_1st_156462.csv,15,heater_act,0.64904,0.47727521854029326,0.6435533133174678,0.47894950900500205,0.011455668247641649
046_GHL_id_15_Sensor_tr_50000_1st_156462.csv,15,HT_level,0.4400151958068301,0.22764349798416916,0.4369878288527189,0.22889864178067842,0.013225796931603716
046_GHL_id_15_Sensor_tr_50000_1st_156462.csv,15,limiter1.y,101.4878953311274,10.237595145924264,100.01416122397639,9.750823515041322,0.15113945041438603
046_GHL_id_15_Sensor_tr_50000_1st_156462.csv,15,dL_rand,0.4472576536346947,0.39527451487734755,0.15948058018306635,0.9328480964046898,0.3084929631745579
047_GHL_id_16_Sensor_tr_50000_1st_77001.csv,16,RT_level_ini,2.1771311385763967,0.6250376326399334,2.21311171302913,0.47634846683472576,-0.07553414560525316
047_GHL_id_16_Sensor_tr_50000_1st_77001.csv,16,RT_temperature.T,312.96148774355026,13.08303608825533,311.6877958602708,13.63812326727883,0.09339202017152644
047_GHL_id_16_Sensor_tr_50000_1st_77001.csv,16,C_temperature.T,317.37018784945946,20.88193282489615,317.53591162472776,20.717635891627737,-0.007999164389952216
047_GHL_id_16_Sensor_tr_50000_1st_77001.csv,16,RT_level,1.76658753303421,0.6090477171684967,1.7706173428573646,0.4901865615842382,-0.00822097164420546
047_GHL_id_16_Sensor_tr_50000_1st_77001.csv,16,out_valve_act,0.0267,0.16120679189350257,0.025670185654719832,0.15814944671648998,0.006511653165162749
047_GHL_id_16_Sensor_tr_50000_1st_77001.csv,16,dT_rand,0.3729546921087168,1.4799619191660573,0.15948058018306635,0.9328480964046898,0.22884123658332547
047_GHL_id_16_Sensor_tr_50000_1st_77001.csv,16,inv_valve_act,0.03128,0.17407517813678336,0.031417181653708236,0.17444244614388257,-0.0007864006538585462
047_GHL_id_16_Sensor_tr_50000_1st_77001.csv,16,limiter.y,288.58517953926076,11.918056263284626,285.1693483115862,8.303377625378504,0.4113785235100475
047_GHL_id_16_Sensor_tr_50000_1st_77001.csv,16,inj_valve_act,0.1317,0.3381677056549648,0.12133699930614547,0.32651863396259256,0.03173785388016101
047_GHL_id_16_Sensor_tr_50000_1st_77001.csv,16,Relaxing.active,0.13338,0.3399883636858015,0.13421059457496545,0.34087857818653733,-0.002436628841226074
047_GHL_id_16_Sensor_tr_50000_1st_77001.csv,16,boundary.m_flow_in,2.634,6.763354113099298,2.4267399861229095,6.530372679251851,0.03173785388016094
047_GHL_id_16_Sensor_tr_50000_1st_77001.csv,16,dir_valve_act,0.02936,0.1688151662949968,0.029445046073237315,0.1690504614004931,-0.0005030809885566262
047_GHL_id_16_Sensor_tr_50000_1st_77001.csv,16,dt_rand,-0.24770591713434453,1.0736410119608715,0.001416129260518523,0.9750823424770573,-0.2554882142178927
047_GHL_id_16_Sensor_tr_50000_1st_77001.csv,16,C_level,0.20892375045817468,0.14571667431123086,0.19858016319622682,0.13583416287808137,0.0761486436312182
047_GHL_id_16_Sensor_tr_50000_1st_77001.csv,16,HT_temperature.T,321.6722418914782,10.841343182724879,321.5050933798013,10.974896846555696,0.015230075873505708
047_GHL_id_16_Sensor_tr_50000_1st_77001.csv,16,heater_act,0.63156,0.48238638074929796,0.6435533133174678,0.47894950900500205,-0.0250408719332094
047_GHL_id_16_Sensor_tr_50000_1st_77001.csv,16,HT_level,0.4309169374692976,0.23111760276854326,0.4369878288527189,0.22889864178067842,-0.026522181766540164
047_GHL_id_16_Sensor_tr_50000_1st_77001.csv,16,limiter1.y,97.52294071760105,10.73641042321332,100.01416122397639,9.750823515041322,-0.25548821620373513
047_GHL_id_16_Sensor_tr_50000_1st_77001.csv,16,dL_rand,0.3729546921087168,1.4799619191660573,0.15948058018306635,0.9328480964046898,0.22884123658332547
048_GHL_id_17_Sensor_tr_50000_1st_154001.csv,17,RT_level_ini,2.1246013601355367,0.35967981817363726,2.21311171302913,0.47634846683472576,-0.18581009293833403
048_GHL_id_17_Sensor_tr_50000_1st_154001.csv,17,RT_temperature.T,310.28833766296714,13.974455332116184,311.6877958602708,13.63812326727883,-0.10261369323895898
048_GHL_id_17_Sensor_tr_50000_1st_154001.csv,17,C_temperature.T,317.29884665226626,20.85986154706228,317.53591162472776,20.717635891627737,-0.01144266525879516
048_GHL_id_17_Sensor_tr_50000_1st_154001.csv,17,RT_level,1.6908544932845324,0.3770226121324821,1.7706173428573646,0.4901865615842382,-0.1627193722223758
048_GHL_id_17_Sensor_tr_50000_1st_154001.csv,17,out_valve_act,0.02384,0.15255202339660018,0.025670185654719832,0.15814944671648998,-0.011572507477694524
048_GHL_id_17_Sensor_tr_50000_1st_154001.csv,17,dT_rand,-0.12038887759206411,0.4682218281743462,0.15948058018306635,0.9328480964046898,-0.3000161107191851
048_GHL_id_17_Sensor_tr_50000_1st_154001.csv,17,inv_valve_act,0.03026,0.17130358810715546,0.031417181653708236,0.17444244614388257,-0.006633601392827164
048_GHL_id_17_Sensor_tr_50000_1st_154001.csv,17,limiter.y,281.79611021064204,4.682220096700147,285.1693483115862,8.303377625378504,-0.40624890895412974
048_GHL_id_17_Sensor_tr_50000_1st_154001.csv,17,inj_valve_act,0.11964,0.32454333603933294,0.12133699930614547,0.32651863396259256,-0.0051972510283743575
048_GHL_id_17_Sensor_tr_50000_1st_154001.csv,17,Relaxing.active,0.12834,0.3344713467871896,0.13421059457496545,0.34087857818653733,-0.017221952186602076
048_GHL_id_17_Sensor_tr_50000_1st_154001.csv,17,boundary.m_flow_in,2.3928,6.4908667207866575,2.4267399861229095,6.530372679251851,-0.005197251028374392
048_GHL_id_17_Sensor_tr_50000_1st_154001.csv,17,dir_valve_act,0.02858,0.16662454463486912,0.029445046073237315,0.1690504614004931,-0.005117087916062855
048_GHL_id_17_Sensor_tr_50000_1st_154001.csv,17,dt_rand,-0.06851500910500248,1.0117131060154094,0.001416129260518523,0.9750823424770573,-0.07171818760236284
048_GHL_id_17_Sensor_tr_50000_1st_154001.csv,17,C_level,0.18661689047975097,0.1251839566984327,0.19858016319622682,0.13583416287808137,-0.08807263550638246
048_GHL_id_17_Sensor_tr_50000_1st_154001.csv,17,HT_temperature.T,321.14272731201225,11.071837517018377,321.5050933798013,10.974896846555696,-0.0330177196975431
048_GHL_id_17_Sensor_tr_50000_1st_154001.csv,17,heater_act,0.65532,0.4752685716563889,0.6435533133174678,0.47894950900500205,0.024567697557467034
048_GHL_id_17_Sensor_tr_50000_1st_154001.csv,17,HT_level,0.44236707136532694,0.2269505900680977,0.4369878288527189,0.22889864178067842,0.02350054360638013
048_GHL_id_17_Sensor_tr_50000_1st_154001.csv,17,limiter1.y,99.31485019452076,10.117131049046712,100.01416122397639,9.750823515041322,-0.07171815061331928
048_GHL_id_17_Sensor_tr_50000_1st_154001.csv,17,dL_rand,-0.12038887759206411,0.4682218281743462,0.15948058018306635,0.9328480964046898,-0.3000161107191851
049_GHL_id_18_Sensor_tr_50000_1st_109001.csv,18,RT_level_ini,2.4831582873727953,0.41768491438052463,2.21311171302913,0.47634846683472576,0.5669097166158422
049_GHL_id_18_Sensor_tr_50000_1st_109001.csv,18,RT_temperature.T,313.8557398169121,12.712217408360791,311.6877958602708,13.63812326727883,0.15896204442166315
049_GHL_id_18_Sensor_tr_50000_1st_109001.csv,18,C_temperature.T,317.1600058127896,21.036666009057843,317.53591162472776,20.717635891627737,-0.018144242610714463
049_GHL_id_18_Sensor_tr_50000_1st_109001.csv,18,RT_level,2.0064248148222124,0.4781841307492208,1.7706173428573646,0.4901865615842382,0.48105658221787956
049_GHL_id_18_Sensor_tr_50000_1st_109001.csv,18,out_valve_act,0.02986,0.17020270203259286,0.025670185654719832,0.15814944671648998,0.026492753735592452
049_GHL_id_18_Sensor_tr_50000_1st_109001.csv,18,dT_rand,0.9108924334576618,0.8239858119253884,0.15948058018306635,0.9328480964046898,0.8055029068190505
049_GHL_id_18_Sensor_tr_50000_1st_109001.csv,18,inv_valve_act,0.0329,0.17837664186918445,0.031417181653708236,0.17444244614388257,0.008500329931562148
049_GHL_id_18_Sensor_tr_50000_1st_109001.csv,18,limiter.y,292.21622904170255,7.971638917621982,285.1693483115862,8.303377625378504,0.8486764119432818
049_GHL_id_18_Sensor_tr_50000_1st_109001.csv,18,inj_valve_act,0.13386,0.34050524118783476,0.12133699930614547,0.32651863396259256,0.038353096550346424
049_GHL_id_18_Sensor_tr_50000_1st_109001.csv,18,Relaxing.active,0.1409,0.34792184609797044,0.13421059457496545,0.34087857818653733,0.01962401234076356
049_GHL_id_18_Sensor_tr_50000_1st_109001.csv,18,boundary.m_flow_in,2.6772,6.810104823756696,2.4267399861229095,6.530372679251851,0.03835309655034639
049_GHL_id_18_Sensor_tr_50000_1st_109001.csv,18,dir_valve_act,0.0307,0.17250537719764925,0.029445046073237315,0.1690504614004931,0.0074235462971592135
049_GHL_id_18_Sensor_tr_50000_1st_109001.csv,18,dt_rand,0.06682212547530743,1.072401354025662,0.001416129260518523,0.9750823424770573,0.06707740809728369
049_GHL_id_18_Sensor_tr_50000_1st_109001.csv,18,C_level,0.20944458650838343,0.149306370846776,0.19858016319622682,0.13583416287808137,0.079982996044287
049_GHL_id_18_Sensor_tr_50000_1st_109001.csv,18,HT_temperature.T,321.69463945800754,11.108916497251656,321.5050933798013,10.974896846555696,0.017270875604243053
049_GHL_id_18_Sensor_tr_50000_1st_109001.csv,18,heater_act,0.61776,0.48593961059590823,0.6435533133174678,0.47894950900500205,-0.05385392997072356
049_GHL_id_18_Sensor_tr_50000_1st_109001.csv,18,HT_level,0.4247821498418361,0.2329297725464483,0.4369878288527189,0.22889864178067842,-0.05332350998647609
049_GHL_id_18_Sensor_tr_50000_1st_109001.csv,18,limiter1.y,100.66822112019253,10.724013585327834,100.01416122397639,9.750823515041322,0.06707740071463779
049_GHL_id_18_Sensor_tr_50000_1st_109001.csv,18,dL_rand,0.9108924334576618,0.8239858119253884,0.15948058018306635,0.9328480964046898,0.8055029068190505
050_GHL_id_19_Sensor_tr_43750_1st_55001.csv,19,RT_level_ini,1.9183549233751391,0.4556028371175492,2.21311171302913,0.47634846683472576,-0.6187839579134405
050_GHL_id_19_Sensor_tr_43750_1st_55001.csv,19,RT_temperature.T,312.18623069613966,12.942049260999513,311.6877958602708,13.63812326727883,0.03654717193125316
050_GHL_id_19_Sensor_tr_43750_1st_55001.csv,19,C_temperature.T,328.6871275264714,0.5264917173655075,317.53591162472776,20.717635891627737,0.5382475085513968
050_GHL_id_19_Sensor_tr_43750_1st_55001.csv,19,RT_level,1.476362486012193,0.514152164365543,1.7706173428573646,0.4901865615842382,-0.6002915622455391
050_GHL_id_19_Sensor_tr_43750_1st_55001.csv,19,out_valve_act,0.02534857142857143,0.15718328816089042,0.025670185654719832,0.15814944671648998,-0.002033609556187396
050_GHL_id_19_Sensor_tr_43750_1st_55001.csv,19,dT_rand,-0.60723272342915,0.9445852177275522,0.15948058018306635,0.9328480964046898,-0.8219058457290344
050_GHL_id_19_Sensor_tr_43750_1st_55001.csv,19,inv_valve_act,0.03154285714285714,0.17478158816053282,0.031417181653708236,0.17444244614388257,0.0007204409931585612
050_GHL_id_19_Sensor_tr_43750_1st_55001.csv,19,limiter.y,279.60354683098126,6.03899886362306,285.1693483115862,8.303377625378504,-0.6703057155432238
050_GHL_id_19_Sensor_tr_43750_1st_55001.csv,19,inj_valve_act,0.11204571428571429,0.31542629303641107,0.12133699930614547,0.32651863396259256,-0.028455604225931044
050_GHL_id_19_Sensor_tr_43750_1st_55001.csv,19,Relaxing.active,0.13538285714285714,0.34213595941321606,0.13421059457496545,0.34087857818653733,0.003438944665071308
050_GHL_id_19_Sensor_tr_43750_1st_55001.csv,19,boundary.m_flow_in,2.2409142857142856,6.308525860728221,2.4267399861229095,6.530372679251851,-0.02845560422593109
050_GHL_id_19_Sensor_tr_43750_1st_55001.csv,19,dir_valve_act,0.02934857142857143,0.16878354166003945,0.029445046073237315,0.1690504614004931,-0.0005706854856629478
050_GHL_id_19_Sensor_tr_43750_1st_55001.csv,19,dt_rand,0.13494428919369678,1.0133706563812186,0.001416129260518523,0.9750823424770573,0.13694039376609884
050_GHL_id_19_Sensor_tr_43750_1st_55001.csv,19,C_level,0.36376302003105543,0.1014988537336035,0.19858016319622682,0.13583416287808137,1.2160626850779013
050_GHL_id_19_Sensor_tr_43750_1st_55001.csv,19,HT_temperature.T,322.36835830426844,9.495322671126841,321.5050933798013,10.974896846555696,0.07865813561045745
050_GHL_id_19_Sensor_tr_43750_1st_55001.csv,19,heater_act,0.6503314285714286,0.4768706946618942,0.6435533133174678,0.47894950900500205,0.01415204552154574
050_GHL_id_19_Sensor_tr_43750_1st_55001.csv,19,HT_level,0.4403895362721762,0.2275869802936697,0.4369878288527189,0.22889864178067842,0.014861195300217898
050_GHL_id_19_Sensor_tr_43750_1st_55001.csv,19,limiter1.y,101.34944323032445,10.133706683579279,100.01416122397639,9.750823515041322,0.13694043424007227
050_GHL_id_19_Sensor_tr_43750_1st_55001.csv,19,dL_rand,-0.60723272342915,0.9445852177275522,0.15948058018306635,0.9328480964046898,-0.8219058457290344
051_GHL_id_20_Sensor_tr_50000_1st_75110.csv,20,RT_level_ini,2.3188208309146443,0.4426471044768327,2.21311171302913,0.47634846683472576,0.221915520349919
051_GHL_id_20_Sensor_tr_50000_1st_75110.csv,20,RT_temperature.T,312.260254756493,13.5154236266719,311.6877958602708,13.63812326727883,0.04197490263163036
051_GHL_id_20_Sensor_tr_50000_1st_75110.csv,20,C_temperature.T,317.36966137061944,21.07174668213745,317.53591162472776,20.717635891627737,-0.008024576499845903
051_GHL_id_20_Sensor_tr_50000_1st_75110.csv,20,RT_level,1.861902955883923,0.4691409170555451,1.7706173428573646,0.4901865615842382,0.18622626603946812
051_GHL_id_20_Sensor_tr_50000_1st_75110.csv,20,out_valve_act,0.02714,0.1624929182425178,0.025670185654719832,0.15814944671648998,0.009293831725602324
051_GHL_id_20_Sensor_tr_50000_1st_75110.csv,20,dT_rand,0.5039651238693726,0.929450335045034,0.15948058018306635,0.9328480964046898,0.3692825713146564
051_GHL_id_20_Sensor_tr_50000_1st_75110.csv,20,inv_valve_act,0.0319,0.17573561864389697,0.031417181653708236,0.17444244614388257,0.002767780187475282
051_GHL_id_20_Sensor_tr_50000_1st_75110.csv,20,limiter.y,288.08503872514103,9.224737737588171,285.1693483115862,8.303377625378504,0.3511451056547524
051_GHL_id_20_Sensor_tr_50000_1st_75110.csv,20,inj_valve_act,0.12964,0.33591029623180996,0.12133699930614547,0.32651863396259256,0.025428872444706367
051_GHL_id_20_Sensor_tr_50000_1st_75110.csv,20,Relaxing.active,0.13376,0.3403976789162879,0.13421059457496545,0.34087857818653733,-0.001321862398519176
051_GHL_id_20_Sensor_tr_50000_1st_75110.csv,20,boundary.m_flow_in,2.5928,6.718205924636199,2.4267399861229095,6.530372679251851,0.025428872444706332
051_GHL_id_20_Sensor_tr_50000_1st_75110.csv,20,dir_valve_act,0.02996,0.1704786780204293,0.029445046073237315,0.1690504614004931,0.0030461551095250896
051_GHL_id_20_Sensor_tr_50000_1st_75110.csv,20,dt_rand,0.04980714240809934,1.0590517277088989,0.001416129260518523,0.9750823424770573,0.049627617114520156
051_GHL_id_20_Sensor_tr_50000_1st_75110.csv,20,C_level,0.21272559073051833,0.14286166668135777,0.19858016319622682,0.13583416287808137,0.10413748084116228
051_GHL_id_20_Sensor_tr_50000_1st_75110.csv,20,HT_temperature.T,321.384008343504,11.135419773005907,321.5050933798013,10.974896846555696,-0.011032908827321018
051_GHL_id_20_Sensor_tr_50000_1st_75110.csv,20,heater_act,0.63358,0.481830911026406,0.6435533133174678,0.47894950900500205,-0.020823308365399324
051_GHL_id_20_Sensor_tr_50000_1st_75110.csv,20,HT_level,0.4322722775984358,0.23055560646760842,0.4369878288527189,0.22889864178067842,-0.020601045150811285
051_GHL_id_20_Sensor_tr_50000_1st_75110.csv,20,limiter1.y,100.49807108966564,10.590517723248862,100.01416122397639,9.750823515041322,0.04962758939722285
051_GHL_id_20_Sensor_tr_50000_1st_75110.csv,20,dL_rand,0.5039651238693726,0.929450335045034,0.15948058018306635,0.9328480964046898,0.3692825713146564
052_GHL_id_21_Sensor_tr_50000_1st_98001.csv,21,RT_level_ini,2.1455664499439546,0.45040438174376,2.21311171302913,0.47634846683472576,-0.14179800668616604
052_GHL_id_21_Sensor_tr_50000_1st_98001.csv,21,RT_temperature.T,310.64944164306513,13.984537323685036,311.6877958602708,13.63812326727883,-0.07613615134986564
052_GHL_id_21_Sensor_tr_50000_1st_98001.csv,21,C_temperature.T,317.2307728509352,20.865953972153516,317.53591162472776,20.717635891627737,-0.014728455282674817
052_GHL_id_21_Sensor_tr_50000_1st_98001.csv,21,RT_level,1.7048893353309966,0.46148505093614894,1.7706173428573646,0.4901865615842382,-0.13408773858251247
052_GHL_id_21_Sensor_tr_50000_1st_98001.csv,21,out_valve_act,0.02466,0.1550882505134059,0.025670185654719832,0.15814944671648998,-0.006387538342329846
052_GHL_id_21_Sensor_tr_50000_1st_98001.csv,21,dT_rand,-0.05886850037970878,0.7827454969962344,0.15948058018306635,0.9328480964046898,-0.23406713419292927
052_GHL_id_21_Sensor_tr_50000_1st_98001.csv,21,inv_valve_act,0.03086,0.17294004326694062,0.031417181653708236,0.17444244614388257,-0.0031940715463750487
052_GHL_id_21_Sensor_tr_50000_1st_98001.csv,21,limiter.y,282.79268110352285,7.333478012725238,285.1693483115862,8.303377625378504,-0.28622896793219127
052_GHL_id_21_Sensor_tr_50000_1st_98001.csv,21,inj_valve_act,0.11264,0.3161553881947763,0.12133699930614547,0.32651863396259256,-0.02663553745953082
052_GHL_id_21_Sensor_tr_50000_1st_98001.csv,21,Relaxing.active,0.13122,0.33764417908773936,0.13421059457496545,0.34087857818653733,-0.008773195989244361
052_GHL_id_21_Sensor_tr_50000_1st_98001.csv,21,boundary.m_flow_in,2.2528,6.323107763895524,2.4267399861229095,6.530372679251851,-0.02663553745953083
052_GHL_id_21_Sensor_tr_50000_1st_98001.csv,21,dir_valve_act,0.02912,0.16814455403557094,0.029445046073237315,0.1690504614004931,-0.0019227754277893168
052_GHL_id_21_Sensor_tr_50000_1st_98001.csv,21,dt_rand,0.0638418625627002,1.0125807430581124,0.001416129260518523,0.9750823424770573,0.0640209863134205
052_GHL_id_21_Sensor_tr_50000_1st_98001.csv,21,C_level,0.18827950413860053,0.12789681633978756,0.19858016319622682,0.13583416287808137,-0.07583260970122582
052_GHL_id_21_Sensor_tr_50000_1st_98001.csv,21,HT_temperature.T,321.36450962402216,10.991372061685908,321.5050933798013,10.974896846555696,-0.012809574226042845
052_GHL_id_21_Sensor_tr_50000_1st_98001.csv,21,heater_act,0.65748,0.47455721856386696,0.6435533133174678,0.47894950900500205,0.029077567511164765
052_GHL_id_21_Sensor_tr_50000_1st_98001.csv,21,HT_level,0.4436882500790667,0.22632504467431372,0.4369878288527189,0.22889864178067842,0.029272437679066104
052_GHL_id_21_Sensor_tr_50000_1st_98001.csv,21,limiter1.y,100.6384181554063,10.125807086120519,100.01416122397639,9.750823515041322,0.06402094453529511
052_GHL_id_21_Sensor_tr_50000_1st_98001.csv,21,dL_rand,-0.05886850037970878,0.7827454969962344,0.15948058018306635,0.9328480964046898,-0.23406713419292927
053_GHL_id_22_Sensor_tr_50000_1st_126448.csv,22,RT_level_ini,2.2367916545548887,0.406978817190739,2.21311171302913,0.47634846683472576,0.04971138394358412
053_GHL_id_22_Sensor_tr_50000_1st_126448.csv,22,RT_temperature.T,311.3890119207684,13.794514564518016,311.6877958602708,13.63812326727883,-0.021907995231225774
053_GHL_id_22_Sensor_tr_50000_1st_126448.csv,22,C_temperature.T,317.1738434898962,20.907359324773687,317.53591162472776,20.717635891627737,-0.017476324843504365
053_GHL_id_22_Sensor_tr_50000_1st_126448.csv,22,RT_level,1.7801776893567596,0.4348221014280171,1.7706173428573646,0.4901865615842382,0.019503485506613648
053_GHL_id_22_Sensor_tr_50000_1st_126448.csv,22,out_valve_act,0.02648,0.16055941326033718,0.025670185654719832,0.15814944671648998,0.00512056388494295
053_GHL_id_22_Sensor_tr_50000_1st_126448.csv,22,dT_rand,0.24070327404208286,0.9336077046899157,0.15948058018306635,0.9328480964046898,0.08706958203812461
053_GHL_id_22_Sensor_tr_50000_1st_126448.csv,22,inv_valve_act,0.03126,0.17402131498285311,0.031417181653708236,0.17444244614388257,-0.0009010516487402788
053_GHL_id_22_Sensor_tr_50000_1st_126448.csv,22,limiter.y,285.6366409667682,8.99793666591166,285.1693483115862,8.303377625378504,0.05627741821036421
053_GHL_id_22_Sensor_tr_50000_1st_126448.csv,22,inj_valve_act,0.11988,0.3248244076696152,0.12133699930614547,0.32651863396259256,-0.004462224065020408
053_GHL_id_22_Sensor_tr_50000_1st_126448.csv,22,Relaxing.active,0.1325,0.3390369432981875,0.13421059457496545,0.34087857818653733,-0.005018193234863136
053_GHL_id_22_Sensor_tr_50000_1st_126448.csv,22,boundary.m_flow_in,2.3976,6.496488153392303,2.4267399861229095,6.530372679251851,-0.0044622240650204
053_GHL_id_22_Sensor_tr_50000_1st_126448.csv,22,dir_valve_act,0.02898,0.1677519669465854,0.029445046073237315,0.1690504614004931,-0.0027509305173417245
053_GHL_id_22_Sensor_tr_50000_1st_126448.csv,22,dt_rand,-0.20675318325728614,0.9578450121415929,0.001416129260518523,0.9750823424770573,-0.21348895723922176
053_GHL_id_22_Sensor_tr_50000_1st_126448.csv,22,C_level,0.2006282782739036,0.14125470300975257,0.19858016319622682,0.13583416287808137,0.015078055728256424
053_GHL_id_22_Sensor_tr_50000_1st_126448.csv,22,HT_temperature.T,321.45073500366124,11.024688498259685,321.5050933798013,10.974896846555696,-0.0049529737636763
053_GHL_id_22_Sensor_tr_50000_1st_126448.csv,22,heater_act,0.64688,0.47794438402044687,0.6435533133174678,0.47894950900500205,0.006945798293943918
053_GHL_id_22_Sensor_tr_50000_1st_126448.csv,22,HT_level,0.43847340274846414,0.22837095571335245,0.4369878288527189,0.22889864178067842,0.0064900948480447335
053_GHL_id_22_Sensor_tr_50000_1st_126448.csv,22,limiter1.y,97.93246811369389,9.578450448032969,100.01416122397639,9.750823515041322,-0.21348895373517374
053_GHL_id_22_Sensor_tr_50000_1st_126448.csv,22,dL_rand,0.24070327404208286,0.9336077046899157,0.15948058018306635,0.9328480964046898,0.08706958203812461
054_GHL_id_23_Sensor_tr_50000_1st_135001.csv,23,RT_level_ini,2.3170424703672725,0.5934401714860806,2.21311171302913,0.47634846683472576,0.2181822018421703
054_GHL_id_23_Sensor_tr_50000_1st_135001.csv,23,RT_temperature.T,314.28207645259505,12.867877603146448,311.6877958602708,13.63812326727883,0.19022269717627222
054_GHL_id_23_Sensor_tr_50000_1st_135001.csv,23,C_temperature.T,317.4422308160709,20.930013615655955,317.53591162472776,20.717635891627737,-0.004521790475849031
054_GHL_id_23_Sensor_tr_50000_1st_135001.csv,23,RT_level,1.8653729311474598,0.601918640820117,1.7706173428573646,0.4901865615842382,0.19330515300920087
054_GHL_id_23_Sensor_tr_50000_1st_135001.csv,23,out_valve_act,0.02986,0.17020270203259286,0.025670185654719832,0.15814944671648998,0.026492753735592452
054_GHL_id_23_Sensor_tr_50000_1st_135001.csv,23,dT_rand,0.7063805946095053,1.376575675978973,0.15948058018306635,0.9328480964046898,0.5862691005473005
054_GHL_id_23_Sensor_tr_50000_1st_135001.csv,23,inv_valve_act,0.03326,0.1793165231882153,0.031417181653708236,0.17444244614388257,0.010564047839433413
054_GHL_id_23_Sensor_tr_50000_1st_135001.csv,23,limiter.y,291.247058393449,11.482656642902374,285.1693483115862,8.303377625378504,0.7319563623466712
054_GHL_id_23_Sensor_tr_50000_1st_135001.csv,23,inj_valve_act,0.13224,0.3387548929499763,0.12133699930614547,0.32651863396259256,0.03339166454770732
054_GHL_id_23_Sensor_tr_50000_1st_135001.csv,23,Relaxing.active,0.14162,0.34866345797077514,0.13421059457496545,0.34087857818653733,0.021736201390102988
054_GHL_id_23_Sensor_tr_50000_1st_135001.csv,23,boundary.m_flow_in,2.6448,6.775097858999525,2.4267399861229095,6.530372679251851,0.03339166454770732
054_GHL_id_23_Sensor_tr_50000_1st_135001.csv,23,dir_valve_act,0.03128,0.17407517813678336,0.029445046073237315,0.1690504614004931,0.010854474525304877
054_GHL_id_23_Sensor_tr_50000_1st_135001.csv,23,dt_rand,0.015349331673759434,0.892725658421963,0.001416129260518523,0.9750823424770573,0.014289257231184809
054_GHL_id_23_Sensor_tr_50000_1st_135001.csv,23,C_level,0.2020043500971327,0.14325583992661065,0.19858016319622682,0.13583416287808137,0.02520858396999339
054_GHL_id_23_Sensor_tr_50000_1st_135001.csv,23,HT_temperature.T,321.90315514587337,10.975411959978011,321.5050933798013,10.974896846555696,0.036270205691911826
054_GHL_id_23_Sensor_tr_50000_1st_135001.csv,23,heater_act,0.61572,0.48642945415782274,0.6435533133174678,0.47894950900500205,-0.058113251593660285
054_GHL_id_23_Sensor_tr_50000_1st_135001.csv,23,HT_level,0.42400701135253005,0.23309764956929013,0.4369878288527189,0.22889864178067842,-0.05670989307409946
054_GHL_id_23_Sensor_tr_50000_1st_135001.csv,23,limiter1.y,100.15349332017148,8.927256636461827,100.01416122397639,9.750823515041322,0.014289264489318379
054_GHL_id_23_Sensor_tr_50000_1st_135001.csv,23,dL_rand,0.7063805946095053,1.376575675978973,0.15948058018306635,0.9328480964046898,0.5862691005473005
055_GHL_id_24_Sensor_tr_50000_1st_118124.csv,24,RT_level_ini,2.3195109717718245,0.45105119852843634,2.21311171302913,0.47634846683472576,0.22336433546160836
055_GHL_id_24_Sensor_tr_50000_1st_118124.csv,24,RT_temperature.T,311.7482895263858,13.469420214146918,311.6877958602708,13.63812326727883,0.004435629809868834
055_GHL_id_24_Sensor_tr_50000_1st_118124.csv,24,C_temperature.T,317.1272309037416,20.84066379512149,317.53591162472776,20.717635891627737,-0.019726223741162296
055_GHL_id_24_Sensor_tr_50000_1st_118124.csv,24,RT_level,1.8659059294192817,0.4806156296771007,1.7706173428573646,0.4901865615842382,0.19439249059368963
055_GHL_id_24_Sensor_tr_50000_1st_118124.csv,24,out_valve_act,0.02714,0.16249291824251777,0.025670185654719832,0.15814944671648998,0.009293831725602324
055_GHL_id_24_Sensor_tr_50000_1st_118124.csv,24,dT_rand,0.2858746038586905,0.7112491325488394,0.15948058018306635,0.9328480964046898,0.13549261038615196
055_GHL_id_24_Sensor_tr_50000_1st_118124.csv,24,inv_valve_act,0.03132,0.17418284758634492,0.031417181653708236,0.17444244614388257,-0.0005570986640950811
055_GHL_id_24_Sensor_tr_50000_1st_118124.csv,24,limiter.y,286.0172417034488,6.760268149987485,285.1693483115862,8.303377625378504,0.10211427567392636
055_GHL_id_24_Sensor_tr_50000_1st_118124.csv,24,inj_valve_act,0.12118,0.32633960463105155,0.12133699930614547,0.32651863396259256,-0.00048082801351993136
055_GHL_id_24_Sensor_tr_50000_1st_118124.csv,24,Relaxing.active,0.13278,0.33934020486157057,0.13421059457496545,0.34087857818653733,-0.004196786382342238
055_GHL_id_24_Sensor_tr_50000_1st_118124.csv,24,boundary.m_flow_in,2.4236,6.526792092621031,2.4267399861229095,6.530372679251851,-0.00048082801351993987
055_GHL_id_24_Sensor_tr_50000_1st_118124.csv,24,dir_valve_act,0.02944,0.16903803677621654,0.029445046073237315,0.1690504614004931,-2.9849508812396145e-05
055_GHL_id_24_Sensor_tr_50000_1st_118124.csv,24,dt_rand,-0.17029145244478797,0.9917686073943452,0.001416129260518523,0.9750823424770573,-0.17609546827512834
055_GHL_id_24_Sensor_tr_50000_1st_118124.csv,24,C_level,0.19125413643775976,0.13089155845588432,0.19858016319622682,0.13583416287808137,-0.05393360994938044
055_GHL_id_24_Sensor_tr_50000_1st_118124.csv,24,HT_temperature.T,321.43828424255264,11.047518043154108,321.5050933798013,10.974896846555696,-0.0060874501312153245
055_GHL_id_24_Sensor_tr_50000_1st_118124.csv,24,heater_act,0.64412,0.47878388682181616,0.6435533133174678,0.47894950900500205,0.0011831866864411328
055_GHL_id_24_Sensor_tr_50000_1st_118124.csv,24,HT_level,0.43722603450453,0.22880956852840417,0.4369878288527189,0.22889864178067842,0.0010406599617980067
055_GHL_id_24_Sensor_tr_50000_1st_118124.csv,24,limiter1.y,98.2970846865659,9.917686373935386,100.01416122397639,9.750823515041322,-0.17609554052145257
055_GHL_id_24_Sensor_tr_50000_1st_118124.csv,24,dL_rand,0.2858746038586905,0.7112491325488394,0.15948058018306635,0.9328480964046898,0.13549261038615196
056_GHL_id_25_Sensor_tr_50000_1st_105568.csv,25,RT_level_ini,2.3219456259856845,0.3958720921756881,2.21311171302913,0.47634846683472576,0.22847541355542061
056_GHL_id_25_Sensor_tr_50000_1st_105568.csv,25,RT_temperature.T,312.19142796078864,13.454820303913856,311.6877958602708,13.63812326727883,0.036928255497307584
056_GHL_id_25_Sensor_tr_50000_1st_105568.csv,25,C_temperature.T,317.17067070423184,20.92884941971545,317.53591162472776,20.717635891627737,-0.017629469038188853
056_GHL_id_25_Sensor_tr_50000_1st_105568.csv,25,RT_level,1.8625411656798387,0.43114135505733253,1.7706173428573646,0.4901865615842382,0.1875282393001243
056_GHL_id_25_Sensor_tr_50000_1st_105568.csv,25,out_valve_act,0.02726,0.1628417107145923,0.025670185654719832,0.15814944671648998,0.01005260769663129
056_GHL_id_25_Sensor_tr_50000_1st_105568.csv,25,dT_rand,0.3947496964144149,0.7084002767895065,0.15948058018306635,0.9328480964046898,0.2522051737449048
056_GHL_id_25_Sensor_tr_50000_1st_105568.csv,25,inv_valve_act,0.03188,0.17568233515540976,0.031417181653708236,0.17444244614388257,0.0026531291925935493
056_GHL_id_25_Sensor_tr_50000_1st_105568.csv,25,limiter.y,286.94749863969344,7.083995431387324,285.1693483115862,8.303377625378504,0.21414783336753143
056_GHL_id_25_Sensor_tr_50000_1st_105568.csv,25,inj_valve_act,0.12934,0.33557922562091563,0.12133699930614547,0.32651863396259256,0.024510088740513962
056_GHL_id_25_Sensor_tr_50000_1st_105568.csv,25,Relaxing.active,0.1357,0.3424731460379268,0.13421059457496545,0.34087857818653733,0.004369313651089845
056_GHL_id_25_Sensor_tr_50000_1st_105568.csv,25,boundary.m_flow_in,2.5868,6.7115845124183116,2.4267399861229095,6.530372679251851,0.024510088740513945
056_GHL_id_25_Sensor_tr_50000_1st_105568.csv,25,dir_valve_act,0.0299,0.1703131531368104,0.029445046073237315,0.1690504614004931,0.002691231499716912
056_GHL_id_25_Sensor_tr_50000_1st_105568.csv,25,dt_rand,-0.09740786449789937,0.920015838806225,0.001416129260518523,0.9750823424770573,-0.10134938297351347
056_GHL_id_25_Sensor_tr_50000_1st_105568.csv,25,C_level,0.19363197312327346,0.13707107909299915,0.19858016319622682,0.13583416287808137,-0.0364281707054405
056_GHL_id_25_Sensor_tr_50000_1st_105568.csv,25,HT_temperature.T,321.4378509277347,11.139431142095393,321.5050933798013,10.974896846555696,-0.006126932490275113
056_GHL_id_25_Sensor_tr_50000_1st_105568.csv,25,heater_act,0.6319,0.4822935228062293,0.6435533133174678,0.47894950900500205,-0.024330984996053243
056_GHL_id_25_Sensor_tr_50000_1st_105568.csv,25,HT_level,0.431386766197735,0.2308699306978493,0.4369878288527189,0.22889864178067842,-0.02446961944121366
056_GHL_id_25_Sensor_tr_50000_1st_105568.csv,25,limiter1.y,99.02592089342238,9.200158652329023,100.01416122397639,9.750823515041322,-0.10134942233643932
056_GHL_id_25_Sensor_tr_50000_1st_105568.csv,25,dL_rand,0.3947496964144149,0.7084002767895065,0.15948058018306635,0.9328480964046898,0.2522051737449048
