source_file,series_id,feature,comparable_pairs,transition_count,transition_rate
032_GHL_id_1_Sensor_tr_50000_1st_65001.csv,1,RT_level_ini,49999,7,0.00014000280005600112
032_GHL_id_1_Sensor_tr_50000_1st_65001.csv,1,RT_temperature.T,49999,7599,0.1519830396607932
032_GHL_id_1_Sensor_tr_50000_1st_65001.csv,1,C_temperature.T,49999,1325,0.026500530010600213
032_GHL_id_1_Sensor_tr_50000_1st_65001.csv,1,RT_level,49999,10394,0.20788415768315366
032_GHL_id_1_Sensor_tr_50000_1st_65001.csv,1,out_valve_act,49999,12,0.00024000480009600192
032_GHL_id_1_Sensor_tr_50000_1st_65001.csv,1,dT_rand,49999,6,0.00012000240004800096
032_GHL_id_1_Sensor_tr_50000_1st_65001.csv,1,inv_valve_act,49999,136,0.0027200544010880217
032_GHL_id_1_Sensor_tr_50000_1st_65001.csv,1,limiter.y,49999,6,0.00012000240004800096
032_GHL_id_1_Sensor_tr_50000_1st_65001.csv,1,inj_valve_act,49999,14,0.00028000560011200225
032_GHL_id_1_Sensor_tr_50000_1st_65001.csv,1,Relaxing.active,49999,136,0.0027200544010880217
032_GHL_id_1_Sensor_tr_50000_1st_65001.csv,1,boundary.m_flow_in,49999,14,0.00028000560011200225
032_GHL_id_1_Sensor_tr_50000_1st_65001.csv,1,dir_valve_act,49999,138,0.002760055201104022
032_GHL_id_1_Sensor_tr_50000_1st_65001.csv,1,dt_rand,49999,68,0.0013600272005440108
032_GHL_id_1_Sensor_tr_50000_1st_65001.csv,1,C_level,49999,1325,0.026500530010600213
032_GHL_id_1_Sensor_tr_50000_1st_65001.csv,1,HT_temperature.T,49999,49999,1.0
032_GHL_id_1_Sensor_tr_50000_1st_65001.csv,1,heater_act,49999,137,0.002740054801096022
032_GHL_id_1_Sensor_tr_50000_1st_65001.csv,1,HT_level,49999,3225,0.06450129002580052
032_GHL_id_1_Sensor_tr_50000_1st_65001.csv,1,limiter1.y,49999,68,0.0013600272005440108
032_GHL_id_1_Sensor_tr_50000_1st_65001.csv,1,dL_rand,49999,6,0.00012000240004800096
033_GHL_id_2_Sensor_tr_50000_1st_51001.csv,2,RT_level_ini,49999,8,0.0001600032000640013
033_GHL_id_2_Sensor_tr_50000_1st_51001.csv,2,RT_temperature.T,49999,7134,0.14268285365707314
033_GHL_id_2_Sensor_tr_50000_1st_51001.csv,2,C_temperature.T,49999,1168,0.023360467209344187
033_GHL_id_2_Sensor_tr_50000_1st_51001.csv,2,RT_level,49999,9703,0.19406388127762556
033_GHL_id_2_Sensor_tr_50000_1st_51001.csv,2,out_valve_act,49999,14,0.00028000560011200225
033_GHL_id_2_Sensor_tr_50000_1st_51001.csv,2,dT_rand,49999,7,0.00014000280005600112
033_GHL_id_2_Sensor_tr_50000_1st_51001.csv,2,inv_valve_act,49999,132,0.002640052801056021
033_GHL_id_2_Sensor_tr_50000_1st_51001.csv,2,limiter.y,49999,6,0.00012000240004800096
033_GHL_id_2_Sensor_tr_50000_1st_51001.csv,2,inj_valve_act,49999,16,0.0003200064001280026
033_GHL_id_2_Sensor_tr_50000_1st_51001.csv,2,Relaxing.active,49999,132,0.002640052801056021
033_GHL_id_2_Sensor_tr_50000_1st_51001.csv,2,boundary.m_flow_in,49999,16,0.0003200064001280026
033_GHL_id_2_Sensor_tr_50000_1st_51001.csv,2,dir_valve_act,49999,134,0.0026800536010720215
033_GHL_id_2_Sensor_tr_50000_1st_51001.csv,2,dt_rand,49999,66,0.0013200264005280105
033_GHL_id_2_Sensor_tr_50000_1st_51001.csv,2,C_level,49999,1168,0.023360467209344187
033_GHL_id_2_Sensor_tr_50000_1st_51001.csv,2,HT_temperature.T,49999,49998,0.999979999599992
033_GHL_id_2_Sensor_tr_50000_1st_51001.csv,2,heater_act,49999,133,0.0026600532010640212
033_GHL_id_2_Sensor_tr_50000_1st_51001.csv,2,HT_level,49999,3134,0.0626812536250725
033_GHL_id_2_Sensor_tr_50000_1st_51001.csv,2,limiter1.y,49999,66,0.0013200264005280105
033_GHL_id_2_Sensor_tr_50000_1st_51001.csv,2,dL_rand,49999,7,0.00014000280005600112
034_GHL_id_3_Sensor_tr_50000_1st_122001.csv,3,RT_level_ini,49999,8,0.0001600032000640013
034_GHL_id_3_Sensor_tr_50000_1st_122001.csv,3,RT_temperature.T,49999,7648,0.15296305926118522
034_GHL_id_3_Sensor_tr_50000_1st_122001.csv,3,C_temperature.T,49999,1254,0.0250805016100322
034_GHL_id_3_Sensor_tr_50000_1st_122001.csv,3,RT_level,49999,10297,0.20594411888237765
034_GHL_id_3_Sensor_tr_50000_1st_122001.csv,3,out_valve_act,49999,14,0.00028000560011200225
034_GHL_id_3_Sensor_tr_50000_1st_122001.csv,3,dT_rand,49999,7,0.00014000280005600112
034_GHL_id_3_Sensor_tr_50000_1st_122001.csv,3,inv_valve_act,49999,132,0.002640052801056021
034_GHL_id_3_Sensor_tr_50000_1st_122001.csv,3,limiter.y,49999,6,0.00012000240004800096
034_GHL_id_3_Sensor_tr_50000_1st_122001.csv,3,inj_valve_act,49999,16,0.0003200064001280026
034_GHL_id_3_Sensor_tr_50000_1st_122001.csv,3,Relaxing.active,49999,131,0.002620052401048021
034_GHL_id_3_Sensor_tr_50000_1st_122001.csv,3,boundary.m_flow_in,49999,16,0.0003200064001280026
034_GHL_id_3_Sensor_tr_50000_1st_122001.csv,3,dir_valve_act,49999,132,0.002640052801056021
034_GHL_id_3_Sensor_tr_50000_1st_122001.csv,3,dt_rand,49999,66,0.0013200264005280105
034_GHL_id_3_Sensor_tr_50000_1st_122001.csv,3,C_level,49999,1254,0.0250805016100322
034_GHL_id_3_Sensor_tr_50000_1st_122001.csv,3,HT_temperature.T,49999,49999,1.0
034_GHL_id_3_Sensor_tr_50000_1st_122001.csv,3,heater_act,49999,132,0.002640052801056021
034_GHL_id_3_Sensor_tr_50000_1st_122001.csv,3,HT_level,49999,3107,0.062141242824856495
034_GHL_id_3_Sensor_tr_50000_1st_122001.csv,3,limiter1.y,49999,66,0.0013200264005280105
034_GHL_id_3_Sensor_tr_50000_1st_122001.csv,3,dL_rand,49999,7,0.00014000280005600112
035_GHL_id_4_Sensor_tr_50000_1st_90001.csv,4,RT_level_ini,49999,7,0.00014000280005600112
035_GHL_id_4_Sensor_tr_50000_1st_90001.csv,4,RT_temperature.T,49999,7413,0.14826296525930518
035_GHL_id_4_Sensor_tr_50000_1st_90001.csv,4,C_temperature.T,49999,1121,0.022420448408968178
035_GHL_id_4_Sensor_tr_50000_1st_90001.csv,4,RT_level,49999,9965,0.1993039860797216
035_GHL_id_4_Sensor_tr_50000_1st_90001.csv,4,out_valve_act,49999,12,0.00024000480009600192
035_GHL_id_4_Sensor_tr_50000_1st_90001.csv,4,dT_rand,49999,6,0.00012000240004800096
035_GHL_id_4_Sensor_tr_50000_1st_90001.csv,4,inv_valve_act,49999,134,0.0026800536010720215
035_GHL_id_4_Sensor_tr_50000_1st_90001.csv,4,limiter.y,49999,5,0.0001000020000400008
035_GHL_id_4_Sensor_tr_50000_1st_90001.csv,4,inj_valve_act,49999,14,0.00028000560011200225
035_GHL_id_4_Sensor_tr_50000_1st_90001.csv,4,Relaxing.active,49999,134,0.0026800536010720215
035_GHL_id_4_Sensor_tr_50000_1st_90001.csv,4,boundary.m_flow_in,49999,14,0.00028000560011200225
035_GHL_id_4_Sensor_tr_50000_1st_90001.csv,4,dir_valve_act,49999,136,0.0027200544010880217
035_GHL_id_4_Sensor_tr_50000_1st_90001.csv,4,dt_rand,49999,67,0.0013400268005360108
035_GHL_id_4_Sensor_tr_50000_1st_90001.csv,4,C_level,49999,1121,0.022420448408968178
035_GHL_id_4_Sensor_tr_50000_1st_90001.csv,4,HT_temperature.T,49999,49998,0.999979999599992
035_GHL_id_4_Sensor_tr_50000_1st_90001.csv,4,heater_act,49999,135,0.0027000540010800214
035_GHL_id_4_Sensor_tr_50000_1st_90001.csv,4,HT_level,49999,3179,0.0635812716254325
035_GHL_id_4_Sensor_tr_50000_1st_90001.csv,4,limiter1.y,49999,67,0.0013400268005360108
035_GHL_id_4_Sensor_tr_50000_1st_90001.csv,4,dL_rand,49999,6,0.00012000240004800096
036_GHL_id_5_Sensor_tr_50000_1st_67147.csv,5,RT_level_ini,49999,6,0.00012000240004800096
036_GHL_id_5_Sensor_tr_50000_1st_67147.csv,5,RT_temperature.T,49999,7675,0.15350307006140124
036_GHL_id_5_Sensor_tr_50000_1st_67147.csv,5,C_temperature.T,49999,1302,0.026040520810416207
036_GHL_id_5_Sensor_tr_50000_1st_67147.csv,5,RT_level,49999,10414,0.20828416568331368
036_GHL_id_5_Sensor_tr_50000_1st_67147.csv,5,out_valve_act,49999,12,0.00024000480009600192
036_GHL_id_5_Sensor_tr_50000_1st_67147.csv,5,dT_rand,49999,6,0.00012000240004800096
036_GHL_id_5_Sensor_tr_50000_1st_67147.csv,5,inv_valve_act,49999,134,0.0026800536010720215
036_GHL_id_5_Sensor_tr_50000_1st_67147.csv,5,limiter.y,49999,6,0.00012000240004800096
036_GHL_id_5_Sensor_tr_50000_1st_67147.csv,5,inj_valve_act,49999,14,0.00028000560011200225
036_GHL_id_5_Sensor_tr_50000_1st_67147.csv,5,Relaxing.active,49999,134,0.0026800536010720215
036_GHL_id_5_Sensor_tr_50000_1st_67147.csv,5,boundary.m_flow_in,49999,14,0.00028000560011200225
036_GHL_id_5_Sensor_tr_50000_1st_67147.csv,5,dir_valve_act,49999,136,0.0027200544010880217
036_GHL_id_5_Sensor_tr_50000_1st_67147.csv,5,dt_rand,49999,67,0.0013400268005360108
036_GHL_id_5_Sensor_tr_50000_1st_67147.csv,5,C_level,49999,1302,0.026040520810416207
036_GHL_id_5_Sensor_tr_50000_1st_67147.csv,5,HT_temperature.T,49999,49997,0.999959999199984
036_GHL_id_5_Sensor_tr_50000_1st_67147.csv,5,heater_act,49999,135,0.0027000540010800214
036_GHL_id_5_Sensor_tr_50000_1st_67147.csv,5,HT_level,49999,3166,0.06332126642532851
036_GHL_id_5_Sensor_tr_50000_1st_67147.csv,5,limiter1.y,49999,67,0.0013400268005360108
036_GHL_id_5_Sensor_tr_50000_1st_67147.csv,5,dL_rand,49999,6,0.00012000240004800096
037_GHL_id_6_Sensor_tr_50000_1st_80001.csv,6,RT_level_ini,49999,7,0.00014000280005600112
037_GHL_id_6_Sensor_tr_50000_1st_80001.csv,6,RT_temperature.T,49999,7398,0.14796295925918518
037_GHL_id_6_Sensor_tr_50000_1st_80001.csv,6,C_temperature.T,49999,1207,0.024140482809656194
037_GHL_id_6_Sensor_tr_50000_1st_80001.csv,6,RT_level,49999,10031,0.2006240124802496
037_GHL_id_6_Sensor_tr_50000_1st_80001.csv,6,out_valve_act,49999,12,0.00024000480009600192
037_GHL_id_6_Sensor_tr_50000_1st_80001.csv,6,dT_rand,49999,6,0.00012000240004800096
037_GHL_id_6_Sensor_tr_50000_1st_80001.csv,6,inv_valve_act,49999,132,0.002640052801056021
037_GHL_id_6_Sensor_tr_50000_1st_80001.csv,6,limiter.y,49999,6,0.00012000240004800096
037_GHL_id_6_Sensor_tr_50000_1st_80001.csv,6,inj_valve_act,49999,14,0.00028000560011200225
037_GHL_id_6_Sensor_tr_50000_1st_80001.csv,6,Relaxing.active,49999,132,0.002640052801056021
037_GHL_id_6_Sensor_tr_50000_1st_80001.csv,6,boundary.m_flow_in,49999,14,0.00028000560011200225
037_GHL_id_6_Sensor_tr_50000_1st_80001.csv,6,dir_valve_act,49999,134,0.0026800536010720215
037_GHL_id_6_Sensor_tr_50000_1st_80001.csv,6,dt_rand,49999,66,0.0013200264005280105
037_GHL_id_6_Sensor_tr_50000_1st_80001.csv,6,C_level,49999,1207,0.024140482809656194
037_GHL_id_6_Sensor_tr_50000_1st_80001.csv,6,HT_temperature.T,49999,49998,0.999979999599992
037_GHL_id_6_Sensor_tr_50000_1st_80001.csv,6,heater_act,49999,133,0.0026600532010640212
037_GHL_id_6_Sensor_tr_50000_1st_80001.csv,6,HT_level,49999,3138,0.0627612552251045
037_GHL_id_6_Sensor_tr_50000_1st_80001.csv,6,limiter1.y,49999,66,0.0013200264005280105
037_GHL_id_6_Sensor_tr_50000_1st_80001.csv,6,dL_rand,49999,6,0.00012000240004800096
038_GHL_id_7_Sensor_tr_50000_1st_100001.csv,7,RT_level_ini,49999,7,0.00014000280005600112
038_GHL_id_7_Sensor_tr_50000_1st_100001.csv,7,RT_temperature.T,49999,7888,0.15776315526310528
038_GHL_id_7_Sensor_tr_50000_1st_100001.csv,7,C_temperature.T,49999,1247,0.0249404988099762
038_GHL_id_7_Sensor_tr_50000_1st_100001.csv,7,RT_level,49999,10561,0.2112242244844897
038_GHL_id_7_Sensor_tr_50000_1st_100001.csv,7,out_valve_act,49999,12,0.00024000480009600192
038_GHL_id_7_Sensor_tr_50000_1st_100001.csv,7,dT_rand,49999,6,0.00012000240004800096
038_GHL_id_7_Sensor_tr_50000_1st_100001.csv,7,inv_valve_act,49999,132,0.002640052801056021
038_GHL_id_7_Sensor_tr_50000_1st_100001.csv,7,limiter.y,49999,6,0.00012000240004800096
038_GHL_id_7_Sensor_tr_50000_1st_100001.csv,7,inj_valve_act,49999,14,0.00028000560011200225
038_GHL_id_7_Sensor_tr_50000_1st_100001.csv,7,Relaxing.active,49999,132,0.002640052801056021
038_GHL_id_7_Sensor_tr_50000_1st_100001.csv,7,boundary.m_flow_in,49999,14,0.00028000560011200225
038_GHL_id_7_Sensor_tr_50000_1st_100001.csv,7,dir_valve_act,49999,134,0.0026800536010720215
038_GHL_id_7_Sensor_tr_50000_1st_100001.csv,7,dt_rand,49999,66,0.0013200264005280105
038_GHL_id_7_Sensor_tr_50000_1st_100001.csv,7,C_level,49999,1247,0.0249404988099762
038_GHL_id_7_Sensor_tr_50000_1st_100001.csv,7,HT_temperature.T,49999,49999,1.0
038_GHL_id_7_Sensor_tr_50000_1st_100001.csv,7,heater_act,49999,133,0.0026600532010640212
038_GHL_id_7_Sensor_tr_50000_1st_100001.csv,7,HT_level,49999,3132,0.0626412528250565
038_GHL_id_7_Sensor_tr_50000_1st_100001.csv,7,limiter1.y,49999,66,0.0013200264005280105
038_GHL_id_7_Sensor_tr_50000_1st_100001.csv,7,dL_rand,49999,6,0.00012000240004800096
039_GHL_id_8_Sensor_tr_50000_1st_63030.csv,8,RT_level_ini,49999,6,0.00012000240004800096
039_GHL_id_8_Sensor_tr_50000_1st_63030.csv,8,RT_temperature.T,49999,7975,0.1595031900638013
039_GHL_id_8_Sensor_tr_50000_1st_63030.csv,8,C_temperature.T,49999,1286,0.025720514410288206
039_GHL_id_8_Sensor_tr_50000_1st_63030.csv,8,RT_level,49999,10663,0.2132642652853057
039_GHL_id_8_Sensor_tr_50000_1st_63030.csv,8,out_valve_act,49999,12,0.00024000480009600192
039_GHL_id_8_Sensor_tr_50000_1st_63030.csv,8,dT_rand,49999,6,0.00012000240004800096
039_GHL_id_8_Sensor_tr_50000_1st_63030.csv,8,inv_valve_act,49999,132,0.002640052801056021
039_GHL_id_8_Sensor_tr_50000_1st_63030.csv,8,limiter.y,49999,6,0.00012000240004800096
039_GHL_id_8_Sensor_tr_50000_1st_63030.csv,8,inj_valve_act,49999,13,0.00026000520010400205
039_GHL_id_8_Sensor_tr_50000_1st_63030.csv,8,Relaxing.active,49999,132,0.002640052801056021
039_GHL_id_8_Sensor_tr_50000_1st_63030.csv,8,boundary.m_flow_in,49999,13,0.00026000520010400205
039_GHL_id_8_Sensor_tr_50000_1st_63030.csv,8,dir_valve_act,49999,132,0.002640052801056021
039_GHL_id_8_Sensor_tr_50000_1st_63030.csv,8,dt_rand,49999,66,0.0013200264005280105
039_GHL_id_8_Sensor_tr_50000_1st_63030.csv,8,C_level,49999,1286,0.025720514410288206
039_GHL_id_8_Sensor_tr_50000_1st_63030.csv,8,HT_temperature.T,49999,49999,1.0
039_GHL_id_8_Sensor_tr_50000_1st_63030.csv,8,heater_act,49999,132,0.002640052801056021
039_GHL_id_8_Sensor_tr_50000_1st_63030.csv,8,HT_level,49999,3109,0.0621812436248725
039_GHL_id_8_Sensor_tr_50000_1st_63030.csv,8,limiter1.y,49999,66,0.0013200264005280105
039_GHL_id_8_Sensor_tr_50000_1st_63030.csv,8,dL_rand,49999,6,0.00012000240004800096
040_GHL_id_9_Sensor_tr_50000_1st_92001.csv,9,RT_level_ini,49999,6,0.00012000240004800096
040_GHL_id_9_Sensor_tr_50000_1st_92001.csv,9,RT_temperature.T,49999,8365,0.16730334606692135
040_GHL_id_9_Sensor_tr_50000_1st_92001.csv,9,C_temperature.T,49999,1398,0.027960559211184222
040_GHL_id_9_Sensor_tr_50000_1st_92001.csv,9,RT_level,49999,11211,0.2242244844896898
040_GHL_id_9_Sensor_tr_50000_1st_92001.csv,9,out_valve_act,49999,12,0.00024000480009600192
040_GHL_id_9_Sensor_tr_50000_1st_92001.csv,9,dT_rand,49999,6,0.00012000240004800096
040_GHL_id_9_Sensor_tr_50000_1st_92001.csv,9,inv_valve_act,49999,136,0.0027200544010880217
040_GHL_id_9_Sensor_tr_50000_1st_92001.csv,9,limiter.y,49999,6,0.00012000240004800096
040_GHL_id_9_Sensor_tr_50000_1st_92001.csv,9,inj_valve_act,49999,13,0.00026000520010400205
040_GHL_id_9_Sensor_tr_50000_1st_92001.csv,9,Relaxing.active,49999,136,0.0027200544010880217
040_GHL_id_9_Sensor_tr_50000_1st_92001.csv,9,boundary.m_flow_in,49999,13,0.00026000520010400205
040_GHL_id_9_Sensor_tr_50000_1st_92001.csv,9,dir_valve_act,49999,136,0.0027200544010880217
040_GHL_id_9_Sensor_tr_50000_1st_92001.csv,9,dt_rand,49999,68,0.0013600272005440108
040_GHL_id_9_Sensor_tr_50000_1st_92001.csv,9,C_level,49999,1398,0.027960559211184222
040_GHL_id_9_Sensor_tr_50000_1st_92001.csv,9,HT_temperature.T,49999,49999,1.0
040_GHL_id_9_Sensor_tr_50000_1st_92001.csv,9,heater_act,49999,136,0.0027200544010880217
040_GHL_id_9_Sensor_tr_50000_1st_92001.csv,9,HT_level,49999,3205,0.06410128202564051
040_GHL_id_9_Sensor_tr_50000_1st_92001.csv,9,limiter1.y,49999,68,0.0013600272005440108
040_GHL_id_9_Sensor_tr_50000_1st_92001.csv,9,dL_rand,49999,6,0.00012000240004800096
041_GHL_id_10_Sensor_tr_50000_1st_57001.csv,10,RT_level_ini,49999,8,0.0001600032000640013
041_GHL_id_10_Sensor_tr_50000_1st_57001.csv,10,RT_temperature.T,49999,7805,0.15610312206244126
041_GHL_id_10_Sensor_tr_50000_1st_57001.csv,10,C_temperature.T,49999,1307,0.02614052281045621
041_GHL_id_10_Sensor_tr_50000_1st_57001.csv,10,RT_level,49999,10538,0.2107642152843057
041_GHL_id_10_Sensor_tr_50000_1st_57001.csv,10,out_valve_act,49999,14,0.00028000560011200225
041_GHL_id_10_Sensor_tr_50000_1st_57001.csv,10,dT_rand,49999,7,0.00014000280005600112
041_GHL_id_10_Sensor_tr_50000_1st_57001.csv,10,inv_valve_act,49999,134,0.0026800536010720215
041_GHL_id_10_Sensor_tr_50000_1st_57001.csv,10,limiter.y,49999,6,0.00012000240004800096
041_GHL_id_10_Sensor_tr_50000_1st_57001.csv,10,inj_valve_act,49999,16,0.0003200064001280026
041_GHL_id_10_Sensor_tr_50000_1st_57001.csv,10,Relaxing.active,49999,134,0.0026800536010720215
041_GHL_id_10_Sensor_tr_50000_1st_57001.csv,10,boundary.m_flow_in,49999,16,0.0003200064001280026
041_GHL_id_10_Sensor_tr_50000_1st_57001.csv,10,dir_valve_act,49999,136,0.0027200544010880217
041_GHL_id_10_Sensor_tr_50000_1st_57001.csv,10,dt_rand,49999,67,0.0013400268005360108
041_GHL_id_10_Sensor_tr_50000_1st_57001.csv,10,C_level,49999,1307,0.02614052281045621
041_GHL_id_10_Sensor_tr_50000_1st_57001.csv,10,HT_temperature.T,49999,49998,0.999979999599992
041_GHL_id_10_Sensor_tr_50000_1st_57001.csv,10,heater_act,49999,135,0.0027000540010800214
041_GHL_id_10_Sensor_tr_50000_1st_57001.csv,10,HT_level,49999,3178,0.06356127122542451
041_GHL_id_10_Sensor_tr_50000_1st_57001.csv,10,limiter1.y,49999,67,0.0013400268005360108
041_GHL_id_10_Sensor_tr_50000_1st_57001.csv,10,dL_rand,49999,7,0.00014000280005600112
042_GHL_id_11_Sensor_tr_50000_1st_150001.csv,11,RT_level_ini,49999,6,0.00012000240004800096
042_GHL_id_11_Sensor_tr_50000_1st_150001.csv,11,RT_temperature.T,49999,8034,0.1606832136642733
042_GHL_id_11_Sensor_tr_50000_1st_150001.csv,11,C_temperature.T,49999,1361,0.02722054441088822
042_GHL_id_11_Sensor_tr_50000_1st_150001.csv,11,RT_level,49999,10866,0.21732434648692975
042_GHL_id_11_Sensor_tr_50000_1st_150001.csv,11,out_valve_act,49999,12,0.00024000480009600192
042_GHL_id_11_Sensor_tr_50000_1st_150001.csv,11,dT_rand,49999,6,0.00012000240004800096
042_GHL_id_11_Sensor_tr_50000_1st_150001.csv,11,inv_valve_act,49999,136,0.0027200544010880217
042_GHL_id_11_Sensor_tr_50000_1st_150001.csv,11,limiter.y,49999,6,0.00012000240004800096
042_GHL_id_11_Sensor_tr_50000_1st_150001.csv,11,inj_valve_act,49999,14,0.00028000560011200225
042_GHL_id_11_Sensor_tr_50000_1st_150001.csv,11,Relaxing.active,49999,136,0.0027200544010880217
042_GHL_id_11_Sensor_tr_50000_1st_150001.csv,11,boundary.m_flow_in,49999,14,0.00028000560011200225
042_GHL_id_11_Sensor_tr_50000_1st_150001.csv,11,dir_valve_act,49999,138,0.002760055201104022
042_GHL_id_11_Sensor_tr_50000_1st_150001.csv,11,dt_rand,49999,68,0.0013600272005440108
042_GHL_id_11_Sensor_tr_50000_1st_150001.csv,11,C_level,49999,1361,0.02722054441088822
042_GHL_id_11_Sensor_tr_50000_1st_150001.csv,11,HT_temperature.T,49999,49999,1.0
042_GHL_id_11_Sensor_tr_50000_1st_150001.csv,11,heater_act,49999,137,0.002740054801096022
042_GHL_id_11_Sensor_tr_50000_1st_150001.csv,11,HT_level,49999,3227,0.06454129082581651
042_GHL_id_11_Sensor_tr_50000_1st_150001.csv,11,limiter1.y,49999,68,0.0013600272005440108
042_GHL_id_11_Sensor_tr_50000_1st_150001.csv,11,dL_rand,49999,6,0.00012000240004800096
043_GHL_id_12_Sensor_tr_39938_1st_40038.csv,12,RT_level_ini,39937,4,0.00010015774845381476
043_GHL_id_12_Sensor_tr_39938_1st_40038.csv,12,RT_temperature.T,39937,6033,0.1510629241054661
043_GHL_id_12_Sensor_tr_39938_1st_40038.csv,12,C_temperature.T,39937,867,0.02170919197736435
043_GHL_id_12_Sensor_tr_39938_1st_40038.csv,12,RT_level,39937,8055,0.20169266594886948
043_GHL_id_12_Sensor_tr_39938_1st_40038.csv,12,out_valve_act,39937,8,0.00020031549690762953
043_GHL_id_12_Sensor_tr_39938_1st_40038.csv,12,dT_rand,39937,4,0.00010015774845381476
043_GHL_id_12_Sensor_tr_39938_1st_40038.csv,12,inv_valve_act,39937,108,0.0027042592082529983
043_GHL_id_12_Sensor_tr_39938_1st_40038.csv,12,limiter.y,39937,4,0.00010015774845381476
043_GHL_id_12_Sensor_tr_39938_1st_40038.csv,12,inj_valve_act,39937,10,0.00025039437113453687
043_GHL_id_12_Sensor_tr_39938_1st_40038.csv,12,Relaxing.active,39937,107,0.0026792197711395446
043_GHL_id_12_Sensor_tr_39938_1st_40038.csv,12,boundary.m_flow_in,39937,10,0.00025039437113453687
043_GHL_id_12_Sensor_tr_39938_1st_40038.csv,12,dir_valve_act,39937,108,0.0027042592082529983
043_GHL_id_12_Sensor_tr_39938_1st_40038.csv,12,dt_rand,39937,54,0.0013521296041264991
043_GHL_id_12_Sensor_tr_39938_1st_40038.csv,12,C_level,39937,867,0.02170919197736435
043_GHL_id_12_Sensor_tr_39938_1st_40038.csv,12,HT_temperature.T,39937,39937,1.0
043_GHL_id_12_Sensor_tr_39938_1st_40038.csv,12,heater_act,39937,108,0.0027042592082529983
043_GHL_id_12_Sensor_tr_39938_1st_40038.csv,12,HT_level,39937,2547,0.06377544632796654
043_GHL_id_12_Sensor_tr_39938_1st_40038.csv,12,limiter1.y,39937,54,0.0013521296041264991
043_GHL_id_12_Sensor_tr_39938_1st_40038.csv,12,dL_rand,39937,4,0.00010015774845381476
044_GHL_id_13_Sensor_tr_50000_1st_145001.csv,13,RT_level_ini,49999,7,0.00014000280005600112
044_GHL_id_13_Sensor_tr_50000_1st_145001.csv,13,RT_temperature.T,49999,7457,0.14914298285965719
044_GHL_id_13_Sensor_tr_50000_1st_145001.csv,13,C_temperature.T,49999,1173,0.023460469209384188
044_GHL_id_13_Sensor_tr_50000_1st_145001.csv,13,RT_level,49999,10020,0.2004040080801616
044_GHL_id_13_Sensor_tr_50000_1st_145001.csv,13,out_valve_act,49999,12,0.00024000480009600192
044_GHL_id_13_Sensor_tr_50000_1st_145001.csv,13,dT_rand,49999,6,0.00012000240004800096
044_GHL_id_13_Sensor_tr_50000_1st_145001.csv,13,inv_valve_act,49999,130,0.0026000520010400208
044_GHL_id_13_Sensor_tr_50000_1st_145001.csv,13,limiter.y,49999,6,0.00012000240004800096
044_GHL_id_13_Sensor_tr_50000_1st_145001.csv,13,inj_valve_act,49999,14,0.00028000560011200225
044_GHL_id_13_Sensor_tr_50000_1st_145001.csv,13,Relaxing.active,49999,130,0.0026000520010400208
044_GHL_id_13_Sensor_tr_50000_1st_145001.csv,13,boundary.m_flow_in,49999,14,0.00028000560011200225
044_GHL_id_13_Sensor_tr_50000_1st_145001.csv,13,dir_valve_act,49999,132,0.002640052801056021
044_GHL_id_13_Sensor_tr_50000_1st_145001.csv,13,dt_rand,49999,65,0.0013000260005200104
044_GHL_id_13_Sensor_tr_50000_1st_145001.csv,13,C_level,49999,1173,0.023460469209384188
044_GHL_id_13_Sensor_tr_50000_1st_145001.csv,13,HT_temperature.T,49999,49999,1.0
044_GHL_id_13_Sensor_tr_50000_1st_145001.csv,13,heater_act,49999,131,0.002620052401048021
044_GHL_id_13_Sensor_tr_50000_1st_145001.csv,13,HT_level,49999,3079,0.06158123162463249
044_GHL_id_13_Sensor_tr_50000_1st_145001.csv,13,limiter1.y,49999,65,0.0013000260005200104
044_GHL_id_13_Sensor_tr_50000_1st_145001.csv,13,dL_rand,49999,6,0.00012000240004800096
045_GHL_id_14_Sensor_tr_50000_1st_85076.csv,14,RT_level_ini,49999,7,0.00014000280005600112
045_GHL_id_14_Sensor_tr_50000_1st_85076.csv,14,RT_temperature.T,49999,7841,0.15682313646272925
045_GHL_id_14_Sensor_tr_50000_1st_85076.csv,14,C_temperature.T,49999,1322,0.02644052881057621
045_GHL_id_14_Sensor_tr_50000_1st_85076.csv,14,RT_level,49999,10589,0.2117842356847137
045_GHL_id_14_Sensor_tr_50000_1st_85076.csv,14,out_valve_act,49999,12,0.00024000480009600192
045_GHL_id_14_Sensor_tr_50000_1st_85076.csv,14,dT_rand,49999,6,0.00012000240004800096
045_GHL_id_14_Sensor_tr_50000_1st_85076.csv,14,inv_valve_act,49999,132,0.002640052801056021
045_GHL_id_14_Sensor_tr_50000_1st_85076.csv,14,limiter.y,49999,6,0.00012000240004800096
045_GHL_id_14_Sensor_tr_50000_1st_85076.csv,14,inj_valve_act,49999,14,0.00028000560011200225
045_GHL_id_14_Sensor_tr_50000_1st_85076.csv,14,Relaxing.active,49999,132,0.002640052801056021
045_GHL_id_14_Sensor_tr_50000_1st_85076.csv,14,boundary.m_flow_in,49999,14,0.00028000560011200225
045_GHL_id_14_Sensor_tr_50000_1st_85076.csv,14,dir_valve_act,49999,134,0.0026800536010720215
045_GHL_id_14_Sensor_tr_50000_1st_85076.csv,14,dt_rand,49999,66,0.0013200264005280105
045_GHL_id_14_Sensor_tr_50000_1st_85076.csv,14,C_level,49999,1322,0.02644052881057621
045_GHL_id_14_Sensor_tr_50000_1st_85076.csv,14,HT_temperature.T,49999,49999,1.0
045_GHL_id_14_Sensor_tr_50000_1st_85076.csv,14,heater_act,49999,133,0.0026600532010640212
045_GHL_id_14_Sensor_tr_50000_1st_85076.csv,14,HT_level,49999,3132,0.0626412528250565
045_GHL_id_14_Sensor_tr_50000_1st_85076.csv,14,limiter1.y,49999,66,0.0013200264005280105
045_GHL_id_14_Sensor_tr_50000_1st_85076.csv,14,dL_rand,49999,6,0.00012000240004800096
046_GHL_id_15_Sensor_tr_50000_1st_156462.csv,15,RT_level_ini,49999,6,0.00012000240004800096
046_GHL_id_15_Sensor_tr_50000_1st_156462.csv,15,RT_temperature.T,49999,7640,0.1528030560611212
046_GHL_id_15_Sensor_tr_50000_1st_156462.csv,15,C_temperature.T,49999,1165,0.023300466009320186
046_GHL_id_15_Sensor_tr_50000_1st_156462.csv,15,RT_level,49999,10275,0.20550411008220165
046_GHL_id_15_Sensor_tr_50000_1st_156462.csv,15,out_valve_act,49999,10,0.0002000040000800016
046_GHL_id_15_Sensor_tr_50000_1st_156462.csv,15,dT_rand,49999,5,0.0001000020000400008
046_GHL_id_15_Sensor_tr_50000_1st_156462.csv,15,inv_valve_act,49999,136,0.0027200544010880217
046_GHL_id_15_Sensor_tr_50000_1st_156462.csv,15,limiter.y,49999,5,0.0001000020000400008
046_GHL_id_15_Sensor_tr_50000_1st_156462.csv,15,inj_valve_act,49999,12,0.00024000480009600192
046_GHL_id_15_Sensor_tr_50000_1st_156462.csv,15,Relaxing.active,49999,136,0.0027200544010880217
046_GHL_id_15_Sensor_tr_50000_1st_156462.csv,15,boundary.m_flow_in,49999,12,0.00024000480009600192
046_GHL_id_15_Sensor_tr_50000_1st_156462.csv,15,dir_valve_act,49999,138,0.002760055201104022
046_GHL_id_15_Sensor_tr_50000_1st_156462.csv,15,dt_rand,49999,68,0.0013600272005440108
046_GHL_id_15_Sensor_tr_50000_1st_156462.csv,15,C_level,49999,1165,0.023300466009320186
046_GHL_id_15_Sensor_tr_50000_1st_156462.csv,15,HT_temperature.T,49999,49999,1.0
046_GHL_id_15_Sensor_tr_50000_1st_156462.csv,15,heater_act,49999,137,0.002740054801096022
046_GHL_id_15_Sensor_tr_50000_1st_156462.csv,15,HT_level,49999,3237,0.06474129482589652
046_GHL_id_15_Sensor_tr_50000_1st_156462.csv,15,limiter1.y,49999,68,0.0013600272005440108
046_GHL_id_15_Sensor_tr_50000_1st_156462.csv,15,dL_rand,49999,5,0.0001000020000400008
047_GHL_id_16_Sensor_tr_50000_1st_77001.csv,16,RT_level_ini,49999,8,0.0001600032000640013
047_GHL_id_16_Sensor_tr_50000_1st_77001.csv,16,RT_temperature.T,49999,8331,0.16662333246664934
047_GHL_id_16_Sensor_tr_50000_1st_77001.csv,16,C_temperature.T,49999,1342,0.026840536810736216
047_GHL_id_16_Sensor_tr_50000_1st_77001.csv,16,RT_level,49999,11094,0.22188443768875377
047_GHL_id_16_Sensor_tr_50000_1st_77001.csv,16,out_valve_act,49999,14,0.00028000560011200225
047_GHL_id_16_Sensor_tr_50000_1st_77001.csv,16,dT_rand,49999,7,0.00014000280005600112
047_GHL_id_16_Sensor_tr_50000_1st_77001.csv,16,inv_valve_act,49999,134,0.0026800536010720215
047_GHL_id_16_Sensor_tr_50000_1st_77001.csv,16,limiter.y,49999,7,0.00014000280005600112
047_GHL_id_16_Sensor_tr_50000_1st_77001.csv,16,inj_valve_act,49999,16,0.0003200064001280026
047_GHL_id_16_Sensor_tr_50000_1st_77001.csv,16,Relaxing.active,49999,134,0.0026800536010720215
047_GHL_id_16_Sensor_tr_50000_1st_77001.csv,16,boundary.m_flow_in,49999,16,0.0003200064001280026
047_GHL_id_16_Sensor_tr_50000_1st_77001.csv,16,dir_valve_act,49999,136,0.0027200544010880217
047_GHL_id_16_Sensor_tr_50000_1st_77001.csv,16,dt_rand,49999,67,0.0013400268005360108
047_GHL_id_16_Sensor_tr_50000_1st_77001.csv,16,C_level,49999,1342,0.026840536810736216
047_GHL_id_16_Sensor_tr_50000_1st_77001.csv,16,HT_temperature.T,49999,49999,1.0
047_GHL_id_16_Sensor_tr_50000_1st_77001.csv,16,heater_act,49999,135,0.0027000540010800214
047_GHL_id_16_Sensor_tr_50000_1st_77001.csv,16,HT_level,49999,3167,0.0633412668253365
047_GHL_id_16_Sensor_tr_50000_1st_77001.csv,16,limiter1.y,49999,67,0.0013400268005360108
047_GHL_id_16_Sensor_tr_50000_1st_77001.csv,16,dL_rand,49999,7,0.00014000280005600112
048_GHL_id_17_Sensor_tr_50000_1st_154001.csv,17,RT_level_ini,49999,7,0.00014000280005600112
048_GHL_id_17_Sensor_tr_50000_1st_154001.csv,17,RT_temperature.T,49999,7667,0.15334306686133722
048_GHL_id_17_Sensor_tr_50000_1st_154001.csv,17,C_temperature.T,49999,1198,0.02396047920958419
048_GHL_id_17_Sensor_tr_50000_1st_154001.csv,17,RT_level,49999,10253,0.20506410128202565
048_GHL_id_17_Sensor_tr_50000_1st_154001.csv,17,out_valve_act,49999,12,0.00024000480009600192
048_GHL_id_17_Sensor_tr_50000_1st_154001.csv,17,dT_rand,49999,6,0.00012000240004800096
048_GHL_id_17_Sensor_tr_50000_1st_154001.csv,17,inv_valve_act,49999,130,0.0026000520010400208
048_GHL_id_17_Sensor_tr_50000_1st_154001.csv,17,limiter.y,49999,6,0.00012000240004800096
048_GHL_id_17_Sensor_tr_50000_1st_154001.csv,17,inj_valve_act,49999,14,0.00028000560011200225
048_GHL_id_17_Sensor_tr_50000_1st_154001.csv,17,Relaxing.active,49999,130,0.0026000520010400208
048_GHL_id_17_Sensor_tr_50000_1st_154001.csv,17,boundary.m_flow_in,49999,14,0.00028000560011200225
048_GHL_id_17_Sensor_tr_50000_1st_154001.csv,17,dir_valve_act,49999,132,0.002640052801056021
048_GHL_id_17_Sensor_tr_50000_1st_154001.csv,17,dt_rand,49999,65,0.0013000260005200104
048_GHL_id_17_Sensor_tr_50000_1st_154001.csv,17,C_level,49999,1198,0.02396047920958419
048_GHL_id_17_Sensor_tr_50000_1st_154001.csv,17,HT_temperature.T,49999,49999,1.0
048_GHL_id_17_Sensor_tr_50000_1st_154001.csv,17,heater_act,49999,131,0.002620052401048021
048_GHL_id_17_Sensor_tr_50000_1st_154001.csv,17,HT_level,49999,3073,0.06146122922458449
048_GHL_id_17_Sensor_tr_50000_1st_154001.csv,17,limiter1.y,49999,65,0.0013000260005200104
048_GHL_id_17_Sensor_tr_50000_1st_154001.csv,17,dL_rand,49999,6,0.00012000240004800096
049_GHL_id_18_Sensor_tr_50000_1st_109001.csv,18,RT_level_ini,49999,4,8.000160003200064e-05
049_GHL_id_18_Sensor_tr_50000_1st_109001.csv,18,RT_temperature.T,49999,8499,0.16998339966799336
049_GHL_id_18_Sensor_tr_50000_1st_109001.csv,18,C_temperature.T,49999,1499,0.02998059961199224
049_GHL_id_18_Sensor_tr_50000_1st_109001.csv,18,RT_level,49999,11513,0.23026460529210585
049_GHL_id_18_Sensor_tr_50000_1st_109001.csv,18,out_valve_act,49999,12,0.00024000480009600192
049_GHL_id_18_Sensor_tr_50000_1st_109001.csv,18,dT_rand,49999,6,0.00012000240004800096
049_GHL_id_18_Sensor_tr_50000_1st_109001.csv,18,inv_valve_act,49999,140,0.0028000560011200225
049_GHL_id_18_Sensor_tr_50000_1st_109001.csv,18,limiter.y,49999,6,0.00012000240004800096
049_GHL_id_18_Sensor_tr_50000_1st_109001.csv,18,inj_valve_act,49999,14,0.00028000560011200225
049_GHL_id_18_Sensor_tr_50000_1st_109001.csv,18,Relaxing.active,49999,140,0.0028000560011200225
049_GHL_id_18_Sensor_tr_50000_1st_109001.csv,18,boundary.m_flow_in,49999,14,0.00028000560011200225
049_GHL_id_18_Sensor_tr_50000_1st_109001.csv,18,dir_valve_act,49999,142,0.0028400568011360226
049_GHL_id_18_Sensor_tr_50000_1st_109001.csv,18,dt_rand,49999,70,0.0014000280005600112
049_GHL_id_18_Sensor_tr_50000_1st_109001.csv,18,C_level,49999,1499,0.02998059961199224
049_GHL_id_18_Sensor_tr_50000_1st_109001.csv,18,HT_temperature.T,49999,49998,0.999979999599992
049_GHL_id_18_Sensor_tr_50000_1st_109001.csv,18,heater_act,49999,141,0.0028200564011280228
049_GHL_id_18_Sensor_tr_50000_1st_109001.csv,18,HT_level,49999,3321,0.06642132842656853
049_GHL_id_18_Sensor_tr_50000_1st_109001.csv,18,limiter1.y,49999,70,0.0014000280005600112
049_GHL_id_18_Sensor_tr_50000_1st_109001.csv,18,dL_rand,49999,6,0.00012000240004800096
050_GHL_id_19_Sensor_tr_43750_1st_55001.csv,19,RT_level_ini,43749,7,0.0001600036572264509
050_GHL_id_19_Sensor_tr_43750_1st_55001.csv,19,RT_temperature.T,43749,6457,0.14759194495874192
050_GHL_id_19_Sensor_tr_43750_1st_55001.csv,19,C_temperature.T,43749,1115,0.02548629682964182
050_GHL_id_19_Sensor_tr_43750_1st_55001.csv,19,RT_level,43749,8799,0.20112459713364877
050_GHL_id_19_Sensor_tr_43750_1st_55001.csv,19,out_valve_act,43749,14,0.0003200073144529018
050_GHL_id_19_Sensor_tr_43750_1st_55001.csv,19,dT_rand,43749,7,0.0001600036572264509
050_GHL_id_19_Sensor_tr_43750_1st_55001.csv,19,inv_valve_act,43749,118,0.002697204507531601
050_GHL_id_19_Sensor_tr_43750_1st_55001.csv,19,limiter.y,43749,5,0.00011428832659032206
050_GHL_id_19_Sensor_tr_43750_1st_55001.csv,19,inj_valve_act,43749,14,0.0003200073144529018
050_GHL_id_19_Sensor_tr_43750_1st_55001.csv,19,Relaxing.active,43749,118,0.002697204507531601
050_GHL_id_19_Sensor_tr_43750_1st_55001.csv,19,boundary.m_flow_in,43749,14,0.0003200073144529018
050_GHL_id_19_Sensor_tr_43750_1st_55001.csv,19,dir_valve_act,43749,118,0.002697204507531601
050_GHL_id_19_Sensor_tr_43750_1st_55001.csv,19,dt_rand,43749,59,0.0013486022537658004
050_GHL_id_19_Sensor_tr_43750_1st_55001.csv,19,C_level,43749,1116,0.025509154494959885
050_GHL_id_19_Sensor_tr_43750_1st_55001.csv,19,HT_temperature.T,43749,43749,1.0
050_GHL_id_19_Sensor_tr_43750_1st_55001.csv,19,heater_act,43749,118,0.002697204507531601
050_GHL_id_19_Sensor_tr_43750_1st_55001.csv,19,HT_level,43749,2782,0.0635900249148552
050_GHL_id_19_Sensor_tr_43750_1st_55001.csv,19,limiter1.y,43749,59,0.0013486022537658004
050_GHL_id_19_Sensor_tr_43750_1st_55001.csv,19,dL_rand,43749,7,0.0001600036572264509
051_GHL_id_20_Sensor_tr_50000_1st_75110.csv,20,RT_level_ini,49999,6,0.00012000240004800096
051_GHL_id_20_Sensor_tr_50000_1st_75110.csv,20,RT_temperature.T,49999,8250,0.1650033000660013
051_GHL_id_20_Sensor_tr_50000_1st_75110.csv,20,C_temperature.T,49999,1363,0.02726054521090422
051_GHL_id_20_Sensor_tr_50000_1st_75110.csv,20,RT_level,49999,11075,0.22150443008860177
051_GHL_id_20_Sensor_tr_50000_1st_75110.csv,20,out_valve_act,49999,12,0.00024000480009600192
051_GHL_id_20_Sensor_tr_50000_1st_75110.csv,20,dT_rand,49999,6,0.00012000240004800096
051_GHL_id_20_Sensor_tr_50000_1st_75110.csv,20,inv_valve_act,49999,136,0.0027200544010880217
051_GHL_id_20_Sensor_tr_50000_1st_75110.csv,20,limiter.y,49999,6,0.00012000240004800096
051_GHL_id_20_Sensor_tr_50000_1st_75110.csv,20,inj_valve_act,49999,14,0.00028000560011200225
051_GHL_id_20_Sensor_tr_50000_1st_75110.csv,20,Relaxing.active,49999,136,0.0027200544010880217
051_GHL_id_20_Sensor_tr_50000_1st_75110.csv,20,boundary.m_flow_in,49999,14,0.00028000560011200225
051_GHL_id_20_Sensor_tr_50000_1st_75110.csv,20,dir_valve_act,49999,138,0.002760055201104022
051_GHL_id_20_Sensor_tr_50000_1st_75110.csv,20,dt_rand,49999,68,0.0013600272005440108
051_GHL_id_20_Sensor_tr_50000_1st_75110.csv,20,C_level,49999,1363,0.02726054521090422
051_GHL_id_20_Sensor_tr_50000_1st_75110.csv,20,HT_temperature.T,49999,49999,1.0
051_GHL_id_20_Sensor_tr_50000_1st_75110.csv,20,heater_act,49999,137,0.002740054801096022
051_GHL_id_20_Sensor_tr_50000_1st_75110.csv,20,HT_level,49999,3230,0.06460129202584051
051_GHL_id_20_Sensor_tr_50000_1st_75110.csv,20,limiter1.y,49999,68,0.0013600272005440108
051_GHL_id_20_Sensor_tr_50000_1st_75110.csv,20,dL_rand,49999,6,0.00012000240004800096
052_GHL_id_21_Sensor_tr_50000_1st_98001.csv,21,RT_level_ini,49999,7,0.00014000280005600112
052_GHL_id_21_Sensor_tr_50000_1st_98001.csv,21,RT_temperature.T,49999,7345,0.14690293805876117
052_GHL_id_21_Sensor_tr_50000_1st_98001.csv,21,C_temperature.T,49999,1239,0.024780495609912197
052_GHL_id_21_Sensor_tr_50000_1st_98001.csv,21,RT_level,49999,10002,0.20004400088001761
052_GHL_id_21_Sensor_tr_50000_1st_98001.csv,21,out_valve_act,49999,12,0.00024000480009600192
052_GHL_id_21_Sensor_tr_50000_1st_98001.csv,21,dT_rand,49999,6,0.00012000240004800096
052_GHL_id_21_Sensor_tr_50000_1st_98001.csv,21,inv_valve_act,49999,132,0.002640052801056021
052_GHL_id_21_Sensor_tr_50000_1st_98001.csv,21,limiter.y,49999,6,0.00012000240004800096
052_GHL_id_21_Sensor_tr_50000_1st_98001.csv,21,inj_valve_act,49999,14,0.00028000560011200225
052_GHL_id_21_Sensor_tr_50000_1st_98001.csv,21,Relaxing.active,49999,132,0.002640052801056021
052_GHL_id_21_Sensor_tr_50000_1st_98001.csv,21,boundary.m_flow_in,49999,14,0.00028000560011200225
052_GHL_id_21_Sensor_tr_50000_1st_98001.csv,21,dir_valve_act,49999,134,0.0026800536010720215
052_GHL_id_21_Sensor_tr_50000_1st_98001.csv,21,dt_rand,49999,66,0.0013200264005280105
052_GHL_id_21_Sensor_tr_50000_1st_98001.csv,21,C_level,49999,1239,0.024780495609912197
052_GHL_id_21_Sensor_tr_50000_1st_98001.csv,21,HT_temperature.T,49999,49999,1.0
052_GHL_id_21_Sensor_tr_50000_1st_98001.csv,21,heater_act,49999,133,0.0026600532010640212
052_GHL_id_21_Sensor_tr_50000_1st_98001.csv,21,HT_level,49999,3131,0.0626212524250485
052_GHL_id_21_Sensor_tr_50000_1st_98001.csv,21,limiter1.y,49999,66,0.0013200264005280105
052_GHL_id_21_Sensor_tr_50000_1st_98001.csv,21,dL_rand,49999,6,0.00012000240004800096
053_GHL_id_22_Sensor_tr_50000_1st_126448.csv,22,RT_level_ini,49999,7,0.00014000280005600112
053_GHL_id_22_Sensor_tr_50000_1st_126448.csv,22,RT_temperature.T,49999,7721,0.15442308846176925
053_GHL_id_22_Sensor_tr_50000_1st_126448.csv,22,C_temperature.T,49999,1329,0.026580531610632212
053_GHL_id_22_Sensor_tr_50000_1st_126448.csv,22,RT_level,49999,10469,0.20938418768375366
053_GHL_id_22_Sensor_tr_50000_1st_126448.csv,22,out_valve_act,49999,12,0.00024000480009600192
053_GHL_id_22_Sensor_tr_50000_1st_126448.csv,22,dT_rand,49999,6,0.00012000240004800096
053_GHL_id_22_Sensor_tr_50000_1st_126448.csv,22,inv_valve_act,49999,134,0.0026800536010720215
053_GHL_id_22_Sensor_tr_50000_1st_126448.csv,22,limiter.y,49999,6,0.00012000240004800096
053_GHL_id_22_Sensor_tr_50000_1st_126448.csv,22,inj_valve_act,49999,14,0.00028000560011200225
053_GHL_id_22_Sensor_tr_50000_1st_126448.csv,22,Relaxing.active,49999,133,0.0026600532010640212
053_GHL_id_22_Sensor_tr_50000_1st_126448.csv,22,boundary.m_flow_in,49999,14,0.00028000560011200225
053_GHL_id_22_Sensor_tr_50000_1st_126448.csv,22,dir_valve_act,49999,134,0.0026800536010720215
053_GHL_id_22_Sensor_tr_50000_1st_126448.csv,22,dt_rand,49999,67,0.0013400268005360108
053_GHL_id_22_Sensor_tr_50000_1st_126448.csv,22,C_level,49999,1330,0.026600532010640214
053_GHL_id_22_Sensor_tr_50000_1st_126448.csv,22,HT_temperature.T,49999,49999,1.0
053_GHL_id_22_Sensor_tr_50000_1st_126448.csv,22,heater_act,49999,134,0.0026800536010720215
053_GHL_id_22_Sensor_tr_50000_1st_126448.csv,22,HT_level,49999,3145,0.0629012580251605
053_GHL_id_22_Sensor_tr_50000_1st_126448.csv,22,limiter1.y,49999,67,0.0013400268005360108
053_GHL_id_22_Sensor_tr_50000_1st_126448.csv,22,dL_rand,49999,6,0.00012000240004800096
054_GHL_id_23_Sensor_tr_50000_1st_135001.csv,23,RT_level_ini,49999,5,0.0001000020000400008
054_GHL_id_23_Sensor_tr_50000_1st_135001.csv,23,RT_temperature.T,49999,8460,0.16920338406768134
054_GHL_id_23_Sensor_tr_50000_1st_135001.csv,23,C_temperature.T,49999,1500,0.03000060001200024
054_GHL_id_23_Sensor_tr_50000_1st_135001.csv,23,RT_level,49999,11482,0.22964459289185785
054_GHL_id_23_Sensor_tr_50000_1st_135001.csv,23,out_valve_act,49999,14,0.00028000560011200225
054_GHL_id_23_Sensor_tr_50000_1st_135001.csv,23,dT_rand,49999,7,0.00014000280005600112
054_GHL_id_23_Sensor_tr_50000_1st_135001.csv,23,inv_valve_act,49999,142,0.0028400568011360226
054_GHL_id_23_Sensor_tr_50000_1st_135001.csv,23,limiter.y,49999,6,0.00012000240004800096
054_GHL_id_23_Sensor_tr_50000_1st_135001.csv,23,inj_valve_act,49999,16,0.0003200064001280026
054_GHL_id_23_Sensor_tr_50000_1st_135001.csv,23,Relaxing.active,49999,142,0.0028400568011360226
054_GHL_id_23_Sensor_tr_50000_1st_135001.csv,23,boundary.m_flow_in,49999,16,0.0003200064001280026
054_GHL_id_23_Sensor_tr_50000_1st_135001.csv,23,dir_valve_act,49999,144,0.0028800576011520232
054_GHL_id_23_Sensor_tr_50000_1st_135001.csv,23,dt_rand,49999,71,0.0014200284005680113
054_GHL_id_23_Sensor_tr_50000_1st_135001.csv,23,C_level,49999,1500,0.03000060001200024
054_GHL_id_23_Sensor_tr_50000_1st_135001.csv,23,HT_temperature.T,49999,49999,1.0
054_GHL_id_23_Sensor_tr_50000_1st_135001.csv,23,heater_act,49999,143,0.002860057201144023
054_GHL_id_23_Sensor_tr_50000_1st_135001.csv,23,HT_level,49999,3370,0.06740134802696054
054_GHL_id_23_Sensor_tr_50000_1st_135001.csv,23,limiter1.y,49999,71,0.0014200284005680113
054_GHL_id_23_Sensor_tr_50000_1st_135001.csv,23,dL_rand,49999,7,0.00014000280005600112
055_GHL_id_24_Sensor_tr_50000_1st_118124.csv,24,RT_level_ini,49999,7,0.00014000280005600112
055_GHL_id_24_Sensor_tr_50000_1st_118124.csv,24,RT_temperature.T,49999,7794,0.15588311766235324
055_GHL_id_24_Sensor_tr_50000_1st_118124.csv,24,C_temperature.T,49999,1363,0.02726054521090422
055_GHL_id_24_Sensor_tr_50000_1st_118124.csv,24,RT_level,49999,10595,0.2119042380847617
055_GHL_id_24_Sensor_tr_50000_1st_118124.csv,24,out_valve_act,49999,12,0.00024000480009600192
055_GHL_id_24_Sensor_tr_50000_1st_118124.csv,24,dT_rand,49999,6,0.00012000240004800096
055_GHL_id_24_Sensor_tr_50000_1st_118124.csv,24,inv_valve_act,49999,134,0.0026800536010720215
055_GHL_id_24_Sensor_tr_50000_1st_118124.csv,24,limiter.y,49999,6,0.00012000240004800096
055_GHL_id_24_Sensor_tr_50000_1st_118124.csv,24,inj_valve_act,49999,14,0.00028000560011200225
055_GHL_id_24_Sensor_tr_50000_1st_118124.csv,24,Relaxing.active,49999,134,0.0026800536010720215
055_GHL_id_24_Sensor_tr_50000_1st_118124.csv,24,boundary.m_flow_in,49999,14,0.00028000560011200225
055_GHL_id_24_Sensor_tr_50000_1st_118124.csv,24,dir_valve_act,49999,136,0.0027200544010880217
055_GHL_id_24_Sensor_tr_50000_1st_118124.csv,24,dt_rand,49999,67,0.0013400268005360108
055_GHL_id_24_Sensor_tr_50000_1st_118124.csv,24,C_level,49999,1363,0.02726054521090422
055_GHL_id_24_Sensor_tr_50000_1st_118124.csv,24,HT_temperature.T,49999,49998,0.999979999599992
055_GHL_id_24_Sensor_tr_50000_1st_118124.csv,24,heater_act,49999,135,0.0027000540010800214
055_GHL_id_24_Sensor_tr_50000_1st_118124.csv,24,HT_level,49999,3173,0.0634612692253845
055_GHL_id_24_Sensor_tr_50000_1st_118124.csv,24,limiter1.y,49999,67,0.0013400268005360108
055_GHL_id_24_Sensor_tr_50000_1st_118124.csv,24,dL_rand,49999,6,0.00012000240004800096
056_GHL_id_25_Sensor_tr_50000_1st_105568.csv,25,RT_level_ini,49999,6,0.00012000240004800096
056_GHL_id_25_Sensor_tr_50000_1st_105568.csv,25,RT_temperature.T,49999,8228,0.1645632912658253
056_GHL_id_25_Sensor_tr_50000_1st_105568.csv,25,C_temperature.T,49999,1369,0.027380547610952218
056_GHL_id_25_Sensor_tr_50000_1st_105568.csv,25,RT_level,49999,11062,0.22124442488849777
056_GHL_id_25_Sensor_tr_50000_1st_105568.csv,25,out_valve_act,49999,12,0.00024000480009600192
056_GHL_id_25_Sensor_tr_50000_1st_105568.csv,25,dT_rand,49999,6,0.00012000240004800096
056_GHL_id_25_Sensor_tr_50000_1st_105568.csv,25,inv_valve_act,49999,136,0.0027200544010880217
056_GHL_id_25_Sensor_tr_50000_1st_105568.csv,25,limiter.y,49999,6,0.00012000240004800096
056_GHL_id_25_Sensor_tr_50000_1st_105568.csv,25,inj_valve_act,49999,14,0.00028000560011200225
056_GHL_id_25_Sensor_tr_50000_1st_105568.csv,25,Relaxing.active,49999,136,0.0027200544010880217
056_GHL_id_25_Sensor_tr_50000_1st_105568.csv,25,boundary.m_flow_in,49999,14,0.00028000560011200225
056_GHL_id_25_Sensor_tr_50000_1st_105568.csv,25,dir_valve_act,49999,138,0.002760055201104022
056_GHL_id_25_Sensor_tr_50000_1st_105568.csv,25,dt_rand,49999,68,0.0013600272005440108
056_GHL_id_25_Sensor_tr_50000_1st_105568.csv,25,C_level,49999,1369,0.027380547610952218
056_GHL_id_25_Sensor_tr_50000_1st_105568.csv,25,HT_temperature.T,49999,49999,1.0
056_GHL_id_25_Sensor_tr_50000_1st_105568.csv,25,heater_act,49999,137,0.002740054801096022
056_GHL_id_25_Sensor_tr_50000_1st_105568.csv,25,HT_level,49999,3226,0.06452129042580852
056_GHL_id_25_Sensor_tr_50000_1st_105568.csv,25,limiter1.y,49999,68,0.0013600272005440108
056_GHL_id_25_Sensor_tr_50000_1st_105568.csv,25,dL_rand,49999,6,0.00012000240004800096
