,RT_level_ini,RT_temperature.T,C_temperature.T,RT_level,out_valve_act,dT_rand,inv_valve_act,limiter.y,inj_valve_act,Relaxing.active,boundary.m_flow_in,dir_valve_act,dt_rand,C_level,HT_temperature.T,heater_act,HT_level,limiter1.y,dL_rand
RT_level_ini,1.0,0.29317241360084356,0.19485842537589854,0.5838558881934266,0.03393475834545665,0.6529322551757278,0.019759219956471737,0.6215079065820402,-0.2332432214168859,0.055761284219348804,-0.23324322141688555,0.023264271729522674,0.002904277685088902,0.12099130872711189,0.32533199644524274,0.10963763504102413,0.12332464919387133,0.0029042809978387365,0.6529322551757278
RT_temperature.T,0.29317241360084356,1.0,0.2182697599202084,0.1553378118495117,0.22258403572654734,0.18129583901901425,0.10202331986334157,0.2063196796205798,-0.24465887315341944,0.27549882760508365,-0.24465887315341847,0.07485446674559573,0.048055852998037316,0.11139694959243476,0.6290096920589264,-0.19655200907921486,-0.17405922978374488,0.048055858076895185,0.18129583901901425
C_temperature.T,0.19485842537589854,0.2182697599202084,1.0,-0.009049196468323533,0.061729063648539875,0.0830564867067152,0.0030194808417850602,0.12728281703811495,0.04366458867818382,0.010307521115940379,0.043664588678183444,0.002778555918058022,0.03892315365065649,0.7038543025315456,0.11090588019284102,-0.06368082100290563,-0.06591344959093325,0.03892315504910102,0.0830564867067152
RT_level,0.5838558881934266,0.1553378118495117,-0.009049196468323533,1.0,-0.1227475540928807,0.6330757456667337,0.08891972771333362,0.5909931771999123,-0.27999671516746394,0.41312397059735223,-0.2799967151674612,0.09167920437974197,0.044396221448380194,-0.03725480627946794,0.2979264966769677,-0.05089042822570071,-0.03016902492399409,0.04439623018640136,0.6330757456667337
out_valve_act,0.03393475834545665,0.22258403572654734,0.061729063648539875,-0.1227475540928807,1.0,0.02538270395516999,-0.02939232314055792,0.026768058391879113,-0.06042547176228675,-0.0649171317782902,-0.06042547176228725,-0.028579432428509428,-0.015365417726340206,0.03973507106516,0.022926265258206846,-0.2175288538019911,-0.2384136323211453,-0.015365421411479044,0.02538270395516999
dT_rand,0.6529322551757278,0.18129583901901425,0.0830564867067152,0.6330757456667337,0.02538270395516999,1.0,0.0012349629002748053,0.9726717500571783,0.04767974262707929,0.020354069728287724,0.047679742627077776,0.007164593411156201,0.029875998594361308,0.04759258419124946,0.041594950499310834,-0.05546685515664512,-0.05567179083856581,0.02987600753683262,1.0
inv_valve_act,0.019759219956471737,0.10202331986334157,0.0030194808417850602,0.08891972771333362,-0.02939232314055792,0.0012349629002748053,1.0,0.0023459146435146627,-0.06685011389358252,-0.07181934251329772,-0.06685011389358297,-0.03161809510359775,-0.0012867535547778104,-0.005556829507175979,0.18590117123402838,-0.24065726303322632,-0.06533566816674766,-0.0012867530158627084,0.0012349629002748018
limiter.y,0.6215079065820402,0.2063196796205798,0.12728281703811495,0.5909931771999123,0.026768058391879113,0.9726717500571783,0.0023459146435146627,1.0,0.05119842932669131,0.02260327900861936,0.051198429326690546,0.00793486714758805,0.03395755663763949,0.10444076122049398,0.050651907171373814,-0.06210785608603512,-0.062297011259297916,0.03395756431754034,0.9726717500571785
inj_valve_act,-0.2332432214168859,-0.24465887315341944,0.04366458867818382,-0.27999671516746394,-0.06042547176228675,0.04767974262707929,-0.06685011389358252,0.05119842932669131,1.0,-0.14764799748118895,0.9999999999999983,-0.06500126933564827,-0.012000774391963336,0.06924752436439917,-0.5908589476643795,-0.49474920993019217,-0.5422497023537033,-0.012000775013357657,0.04767974262707929
Relaxing.active,0.055761284219348804,0.27549882760508365,0.010307521115940379,0.41312397059735223,-0.0649171317782902,0.020354069728287724,-0.07181934251329772,0.02260327900861936,-0.14764799748118895,1.0,-0.14764799748119017,-0.06983306615823474,0.04253484738313783,-0.007888038446177447,0.3062327901134001,-0.5315258403706483,-0.582557228893719,0.042534847671564034,0.020354069728287724
boundary.m_flow_in,-0.23324322141688555,-0.24465887315341847,0.043664588678183444,-0.2799967151674612,-0.06042547176228725,0.047679742627077776,-0.06685011389358297,0.051198429326690546,0.9999999999999983,-0.14764799748119017,1.0,-0.06500126933564779,-0.012000774391963358,0.06924752436439817,-0.5908589476643729,-0.4947492099301921,-0.5422497023537045,-0.012000775013357595,0.047679742627077776
dir_valve_act,0.023264271729522674,0.07485446674559573,0.002778555918058022,0.09167920437974197,-0.028579432428509428,0.007164593411156201,-0.03161809510359775,0.00793486714758805,-0.06500126933564827,-0.06983306615823474,-0.06500126933564779,1.0,-0.001709920098454422,-0.0008503651568011351,-0.02416196161578731,-0.23400150965942462,-0.06630586869716669,-0.0017099192020282605,0.007164593411156199
dt_rand,0.002904277685088902,0.048055852998037316,0.03892315365065649,0.044396221448380194,-0.015365417726340206,0.029875998594361308,-0.0012867535547778104,0.03395755663763949,-0.012000774391963336,0.04253484738313783,-0.012000774391963358,-0.001709920098454422,1.0,0.02282870935478906,0.03111191852404697,-0.01393941055932188,-0.015865106035270207,0.9999999999999755,0.0298759985943613
C_level,0.12099130872711189,0.11139694959243476,0.7038543025315456,-0.03725480627946794,0.03973507106516,0.04759258419124946,-0.005556829507175979,0.10444076122049398,0.06924752436439917,-0.007888038446177447,0.06924752436439817,-0.0008503651568011351,0.02282870935478906,1.0,0.027085253606794337,-0.05804651308288808,-0.0622672588847421,0.022828713804513515,0.04759258419124943
HT_temperature.T,0.32533199644524274,0.6290096920589264,0.11090588019284102,0.2979264966769677,0.022926265258206846,0.041594950499310834,0.18590117123402838,0.050651907171373814,-0.5908589476643795,0.3062327901134001,-0.5908589476643729,-0.02416196161578731,0.03111191852404697,0.027085253606794337,1.0,0.13836763315353962,0.17407932094026418,0.03111192193073793,0.04159495049931087
heater_act,0.10963763504102413,-0.19655200907921486,-0.06368082100290563,-0.05089042822570071,-0.2175288538019911,-0.05546685515664512,-0.24065726303322632,-0.06210785608603512,-0.49474920993019217,-0.5315258403706483,-0.4947492099301921,-0.23400150965942462,-0.01393941055932188,-0.05804651308288808,0.13836763315353962,1.0,0.9563836751886057,-0.013939409332689227,-0.05546685515664511
HT_level,0.12332464919387133,-0.17405922978374488,-0.06591344959093325,-0.03016902492399409,-0.2384136323211453,-0.05567179083856581,-0.06533566816674766,-0.062297011259297916,-0.5422497023537033,-0.582557228893719,-0.5422497023537045,-0.06630586869716669,-0.015865106035270207,-0.0622672588847421,0.17407932094026418,0.9563836751886057,1.0,-0.015865104351066087,-0.05567179083856578
limiter1.y,0.0029042809978387365,0.048055858076895185,0.03892315504910102,0.04439623018640136,-0.015365421411479044,0.02987600753683262,-0.0012867530158627084,0.03395756431754034,-0.012000775013357657,0.042534847671564034,-0.012000775013357595,-0.0017099192020282605,0.9999999999999755,0.022828713804513515,0.03111192193073793,-0.013939409332689227,-0.015865104351066087,1.0,0.029876007536832654
dL_rand,0.6529322551757278,0.18129583901901425,0.0830564867067152,0.6330757456667337,0.02538270395516999,1.0,0.0012349629002748018,0.9726717500571785,0.04767974262707929,0.020354069728287724,0.047679742627077776,0.007164593411156199,0.0298759985943613,0.04759258419124943,0.04159495049931087,-0.05546685515664511,-0.05567179083856578,0.029876007536832654,1.0
