ratio,channel,active
0.05,P1_FCV01D,True
0.05,P1_FCV01Z,True
0.05,P1_FCV02D,True
0.05,P1_FCV02Z,True
0.05,P1_FCV03D,True
0.05,P1_FCV03Z,True
0.05,P1_FT01,True
0.05,P1_FT01Z,True
0.05,P1_FT02,True
0.05,P1_FT02Z,True
0.05,P1_FT03,True
0.05,P1_FT03Z,True
0.05,P1_LCV01D,True
0.05,P1_LCV01Z,True
0.05,P1_LIT01,True
0.05,P1_PCV01D,True
0.05,P1_PCV01Z,True
0.05,P1_PCV02D,False
0.05,P1_PCV02Z,True
0.05,P1_PIT01,True
0.05,P1_PIT01_HH,False
0.05,P1_PIT02,True
0.05,P1_PP01AD,False
0.05,P1_PP01AR,False
0.05,P1_PP01BD,False
0.05,P1_PP01BR,False
0.05,P1_PP02D,False
0.05,P1_PP02R,False
0.05,P1_PP04,True
0.05,P1_PP04D,True
0.05,P1_PP04SP,True
0.05,P1_SOL01D,False
0.05,P1_SOL03D,False
0.05,P1_STSP,False
0.05,P1_TIT01,True
0.05,P1_TIT02,True
0.05,P1_TIT03,True
0.05,P2_24Vdc,True
0.05,P2_ATSW_Lamp,False
0.05,P2_AutoGO,False
0.05,P2_AutoSD,True
0.05,P2_Emerg,False
0.05,P2_MASW,False
0.05,P2_MASW_Lamp,False
0.05,P2_ManualGO,False
0.05,P2_ManualSD,False
0.05,P2_OnOff,False
0.05,P2_RTR,False
0.05,P2_SCO,True
0.05,P2_SCST,True
0.05,P2_SIT01,True
0.05,P2_TripEx,False
0.05,P2_VIBTR01,True
0.05,P2_VIBTR02,True
0.05,P2_VIBTR03,True
0.05,P2_VIBTR04,True
0.05,P2_VT01,True
0.05,P2_VTR01,False
0.05,P2_VTR02,False
0.05,P2_VTR03,False
0.05,P2_VTR04,False
0.05,P3_FIT01,True
0.05,P3_LCP01D,True
0.05,P3_LCV01D,True
0.05,P3_LH01,False
0.05,P3_LIT01,True
0.05,P3_LL01,False
0.05,P3_PIT01,True
0.05,P4_HT_FD,True
0.05,P4_HT_PO,True
0.05,P4_HT_PS,True
0.05,P4_LD,True
0.05,P4_ST_FD,True
0.05,P4_ST_GOV,True
0.05,P4_ST_LD,True
0.05,P4_ST_PO,True
0.05,P4_ST_PS,True
0.05,P4_ST_PT01,True
0.05,P4_ST_TT01,True
0.05,x1001_05_SETPOINT_OUT,True
0.05,x1001_15_ASSIGN_OUT,True
0.05,x1002_07_SETPOINT_OUT,True
0.05,x1002_08_SETPOINT_OUT,True
0.05,x1003_10_SETPOINT_OUT,True
0.05,x1003_18_SETPOINT_OUT,False
0.05,x1003_24_SUM_OUT,True
0.1,P1_FCV01D,True
0.1,P1_FCV01Z,True
0.1,P1_FCV02D,True
0.1,P1_FCV02Z,True
0.1,P1_FCV03D,True
0.1,P1_FCV03Z,True
0.1,P1_FT01,True
0.1,P1_FT01Z,True
0.1,P1_FT02,True
0.1,P1_FT02Z,True
0.1,P1_FT03,True
0.1,P1_FT03Z,True
0.1,P1_LCV01D,True
0.1,P1_LCV01Z,True
0.1,P1_LIT01,True
0.1,P1_PCV01D,True
0.1,P1_PCV01Z,True
0.1,P1_PCV02D,False
0.1,P1_PCV02Z,True
0.1,P1_PIT01,True
0.1,P1_PIT01_HH,False
0.1,P1_PIT02,True
0.1,P1_PP01AD,False
0.1,P1_PP01AR,False
0.1,P1_PP01BD,False
0.1,P1_PP01BR,False
0.1,P1_PP02D,False
0.1,P1_PP02R,False
0.1,P1_PP04,True
0.1,P1_PP04D,True
0.1,P1_PP04SP,True
0.1,P1_SOL01D,False
0.1,P1_SOL03D,False
0.1,P1_STSP,False
0.1,P1_TIT01,True
0.1,P1_TIT02,True
0.1,P1_TIT03,True
0.1,P2_24Vdc,True
0.1,P2_ATSW_Lamp,False
0.1,P2_AutoGO,False
0.1,P2_AutoSD,True
0.1,P2_Emerg,False
0.1,P2_MASW,False
0.1,P2_MASW_Lamp,False
0.1,P2_ManualGO,False
0.1,P2_ManualSD,False
0.1,P2_OnOff,False
0.1,P2_RTR,False
0.1,P2_SCO,True
0.1,P2_SCST,True
0.1,P2_SIT01,True
0.1,P2_TripEx,False
0.1,P2_VIBTR01,True
0.1,P2_VIBTR02,True
0.1,P2_VIBTR03,True
0.1,P2_VIBTR04,True
0.1,P2_VT01,True
0.1,P2_VTR01,False
0.1,P2_VTR02,False
0.1,P2_VTR03,False
0.1,P2_VTR04,False
0.1,P3_FIT01,True
0.1,P3_LCP01D,True
0.1,P3_LCV01D,True
0.1,P3_LH01,False
0.1,P3_LIT01,True
0.1,P3_LL01,False
0.1,P3_PIT01,True
0.1,P4_HT_FD,True
0.1,P4_HT_PO,True
0.1,P4_HT_PS,True
0.1,P4_LD,True
0.1,P4_ST_FD,True
0.1,P4_ST_GOV,True
0.1,P4_ST_LD,True
0.1,P4_ST_PO,True
0.1,P4_ST_PS,True
0.1,P4_ST_PT01,True
0.1,P4_ST_TT01,True
0.1,x1001_05_SETPOINT_OUT,True
0.1,x1001_15_ASSIGN_OUT,True
0.1,x1002_07_SETPOINT_OUT,True
0.1,x1002_08_SETPOINT_OUT,True
0.1,x1003_10_SETPOINT_OUT,True
0.1,x1003_18_SETPOINT_OUT,True
0.1,x1003_24_SUM_OUT,True
0.2,P1_FCV01D,True
0.2,P1_FCV01Z,True
0.2,P1_FCV02D,True
0.2,P1_FCV02Z,True
0.2,P1_FCV03D,True
0.2,P1_FCV03Z,True
0.2,P1_FT01,True
0.2,P1_FT01Z,True
0.2,P1_FT02,True
0.2,P1_FT02Z,True
0.2,P1_FT03,True
0.2,P1_FT03Z,True
0.2,P1_LCV01D,True
0.2,P1_LCV01Z,True
0.2,P1_LIT01,True
0.2,P1_PCV01D,True
0.2,P1_PCV01Z,True
0.2,P1_PCV02D,True
0.2,P1_PCV02Z,True
0.2,P1_PIT01,True
0.2,P1_PIT01_HH,False
0.2,P1_PIT02,True
0.2,P1_PP01AD,False
0.2,P1_PP01AR,False
0.2,P1_PP01BD,False
0.2,P1_PP01BR,False
0.2,P1_PP02D,False
0.2,P1_PP02R,False
0.2,P1_PP04,True
0.2,P1_PP04D,True
0.2,P1_PP04SP,True
0.2,P1_SOL01D,False
0.2,P1_SOL03D,False
0.2,P1_STSP,False
0.2,P1_TIT01,True
0.2,P1_TIT02,True
0.2,P1_TIT03,True
0.2,P2_24Vdc,True
0.2,P2_ATSW_Lamp,True
0.2,P2_AutoGO,True
0.2,P2_AutoSD,True
0.2,P2_Emerg,False
0.2,P2_MASW,True
0.2,P2_MASW_Lamp,True
0.2,P2_ManualGO,True
0.2,P2_ManualSD,True
0.2,P2_OnOff,False
0.2,P2_RTR,False
0.2,P2_SCO,True
0.2,P2_SCST,True
0.2,P2_SIT01,True
0.2,P2_TripEx,False
0.2,P2_VIBTR01,True
0.2,P2_VIBTR02,True
0.2,P2_VIBTR03,True
0.2,P2_VIBTR04,True
0.2,P2_VT01,True
0.2,P2_VTR01,False
0.2,P2_VTR02,False
0.2,P2_VTR03,False
0.2,P2_VTR04,False
0.2,P3_FIT01,True
0.2,P3_LCP01D,True
0.2,P3_LCV01D,True
0.2,P3_LH01,False
0.2,P3_LIT01,True
0.2,P3_LL01,False
0.2,P3_PIT01,True
0.2,P4_HT_FD,True
0.2,P4_HT_PO,True
0.2,P4_HT_PS,True
0.2,P4_LD,True
0.2,P4_ST_FD,True
0.2,P4_ST_GOV,True
0.2,P4_ST_LD,True
0.2,P4_ST_PO,True
0.2,P4_ST_PS,True
0.2,P4_ST_PT01,True
0.2,P4_ST_TT01,True
0.2,x1001_05_SETPOINT_OUT,True
0.2,x1001_15_ASSIGN_OUT,True
0.2,x1002_07_SETPOINT_OUT,True
0.2,x1002_08_SETPOINT_OUT,True
0.2,x1003_10_SETPOINT_OUT,True
0.2,x1003_18_SETPOINT_OUT,True
0.2,x1003_24_SUM_OUT,True
0.4,P1_FCV01D,True
0.4,P1_FCV01Z,True
0.4,P1_FCV02D,True
0.4,P1_FCV02Z,True
0.4,P1_FCV03D,True
0.4,P1_FCV03Z,True
0.4,P1_FT01,True
0.4,P1_FT01Z,True
0.4,P1_FT02,True
0.4,P1_FT02Z,True
0.4,P1_FT03,True
0.4,P1_FT03Z,True
0.4,P1_LCV01D,True
0.4,P1_LCV01Z,True
0.4,P1_LIT01,True
0.4,P1_PCV01D,True
0.4,P1_PCV01Z,True
0.4,P1_PCV02D,True
0.4,P1_PCV02Z,True
0.4,P1_PIT01,True
0.4,P1_PIT01_HH,False
0.4,P1_PIT02,True
0.4,P1_PP01AD,False
0.4,P1_PP01AR,False
0.4,P1_PP01BD,False
0.4,P1_PP01BR,False
0.4,P1_PP02D,False
0.4,P1_PP02R,False
0.4,P1_PP04,True
0.4,P1_PP04D,True
0.4,P1_PP04SP,True
0.4,P1_SOL01D,False
0.4,P1_SOL03D,False
0.4,P1_STSP,False
0.4,P1_TIT01,True
0.4,P1_TIT02,True
0.4,P1_TIT03,True
0.4,P2_24Vdc,True
0.4,P2_ATSW_Lamp,True
0.4,P2_AutoGO,True
0.4,P2_AutoSD,True
0.4,P2_Emerg,False
0.4,P2_MASW,True
0.4,P2_MASW_Lamp,True
0.4,P2_ManualGO,True
0.4,P2_ManualSD,True
0.4,P2_OnOff,False
0.4,P2_RTR,False
0.4,P2_SCO,True
0.4,P2_SCST,True
0.4,P2_SIT01,True
0.4,P2_TripEx,False
0.4,P2_VIBTR01,True
0.4,P2_VIBTR02,True
0.4,P2_VIBTR03,True
0.4,P2_VIBTR04,True
0.4,P2_VT01,True
0.4,P2_VTR01,False
0.4,P2_VTR02,False
0.4,P2_VTR03,False
0.4,P2_VTR04,False
0.4,P3_FIT01,True
0.4,P3_LCP01D,True
0.4,P3_LCV01D,True
0.4,P3_LH01,False
0.4,P3_LIT01,True
0.4,P3_LL01,False
0.4,P3_PIT01,True
0.4,P4_HT_FD,True
0.4,P4_HT_PO,True
0.4,P4_HT_PS,True
0.4,P4_LD,True
0.4,P4_ST_FD,True
0.4,P4_ST_GOV,True
0.4,P4_ST_LD,True
0.4,P4_ST_PO,True
0.4,P4_ST_PS,True
0.4,P4_ST_PT01,True
0.4,P4_ST_TT01,True
0.4,x1001_05_SETPOINT_OUT,True
0.4,x1001_15_ASSIGN_OUT,True
0.4,x1002_07_SETPOINT_OUT,True
0.4,x1002_08_SETPOINT_OUT,True
0.4,x1003_10_SETPOINT_OUT,True
0.4,x1003_18_SETPOINT_OUT,True
0.4,x1003_24_SUM_OUT,True
0.6,P1_FCV01D,True
0.6,P1_FCV01Z,True
0.6,P1_FCV02D,True
0.6,P1_FCV02Z,True
0.6,P1_FCV03D,True
0.6,P1_FCV03Z,True
0.6,P1_FT01,True
0.6,P1_FT01Z,True
0.6,P1_FT02,True
0.6,P1_FT02Z,True
0.6,P1_FT03,True
0.6,P1_FT03Z,True
0.6,P1_LCV01D,True
0.6,P1_LCV01Z,True
0.6,P1_LIT01,True
0.6,P1_PCV01D,True
0.6,P1_PCV01Z,True
0.6,P1_PCV02D,True
0.6,P1_PCV02Z,True
0.6,P1_PIT01,True
0.6,P1_PIT01_HH,False
0.6,P1_PIT02,True
0.6,P1_PP01AD,False
0.6,P1_PP01AR,False
0.6,P1_PP01BD,False
0.6,P1_PP01BR,False
0.6,P1_PP02D,False
0.6,P1_PP02R,False
0.6,P1_PP04,True
0.6,P1_PP04D,True
0.6,P1_PP04SP,True
0.6,P1_SOL01D,False
0.6,P1_SOL03D,False
0.6,P1_STSP,False
0.6,P1_TIT01,True
0.6,P1_TIT02,True
0.6,P1_TIT03,True
0.6,P2_24Vdc,True
0.6,P2_ATSW_Lamp,True
0.6,P2_AutoGO,True
0.6,P2_AutoSD,True
0.6,P2_Emerg,False
0.6,P2_MASW,True
0.6,P2_MASW_Lamp,True
0.6,P2_ManualGO,True
0.6,P2_ManualSD,True
0.6,P2_OnOff,False
0.6,P2_RTR,False
0.6,P2_SCO,True
0.6,P2_SCST,True
0.6,P2_SIT01,True
0.6,P2_TripEx,False
0.6,P2_VIBTR01,True
0.6,P2_VIBTR02,True
0.6,P2_VIBTR03,True
0.6,P2_VIBTR04,True
0.6,P2_VT01,True
0.6,P2_VTR01,False
0.6,P2_VTR02,False
0.6,P2_VTR03,False
0.6,P2_VTR04,False
0.6,P3_FIT01,True
0.6,P3_LCP01D,True
0.6,P3_LCV01D,True
0.6,P3_LH01,False
0.6,P3_LIT01,True
0.6,P3_LL01,False
0.6,P3_PIT01,True
0.6,P4_HT_FD,True
0.6,P4_HT_PO,True
0.6,P4_HT_PS,True
0.6,P4_LD,True
0.6,P4_ST_FD,True
0.6,P4_ST_GOV,True
0.6,P4_ST_LD,True
0.6,P4_ST_PO,True
0.6,P4_ST_PS,True
0.6,P4_ST_PT01,True
0.6,P4_ST_TT01,True
0.6,x1001_05_SETPOINT_OUT,True
0.6,x1001_15_ASSIGN_OUT,True
0.6,x1002_07_SETPOINT_OUT,True
0.6,x1002_08_SETPOINT_OUT,True
0.6,x1003_10_SETPOINT_OUT,True
0.6,x1003_18_SETPOINT_OUT,True
0.6,x1003_24_SUM_OUT,True
0.8,P1_FCV01D,True
0.8,P1_FCV01Z,True
0.8,P1_FCV02D,True
0.8,P1_FCV02Z,True
0.8,P1_FCV03D,True
0.8,P1_FCV03Z,True
0.8,P1_FT01,True
0.8,P1_FT01Z,True
0.8,P1_FT02,True
0.8,P1_FT02Z,True
0.8,P1_FT03,True
0.8,P1_FT03Z,True
0.8,P1_LCV01D,True
0.8,P1_LCV01Z,True
0.8,P1_LIT01,True
0.8,P1_PCV01D,True
0.8,P1_PCV01Z,True
0.8,P1_PCV02D,True
0.8,P1_PCV02Z,True
0.8,P1_PIT01,True
0.8,P1_PIT01_HH,False
0.8,P1_PIT02,True
0.8,P1_PP01AD,False
0.8,P1_PP01AR,False
0.8,P1_PP01BD,False
0.8,P1_PP01BR,False
0.8,P1_PP02D,False
0.8,P1_PP02R,False
0.8,P1_PP04,True
0.8,P1_PP04D,True
0.8,P1_PP04SP,True
0.8,P1_SOL01D,False
0.8,P1_SOL03D,False
0.8,P1_STSP,False
0.8,P1_TIT01,True
0.8,P1_TIT02,True
0.8,P1_TIT03,True
0.8,P2_24Vdc,True
0.8,P2_ATSW_Lamp,True
0.8,P2_AutoGO,True
0.8,P2_AutoSD,True
0.8,P2_Emerg,False
0.8,P2_MASW,True
0.8,P2_MASW_Lamp,True
0.8,P2_ManualGO,True
0.8,P2_ManualSD,True
0.8,P2_OnOff,False
0.8,P2_RTR,False
0.8,P2_SCO,True
0.8,P2_SCST,True
0.8,P2_SIT01,True
0.8,P2_TripEx,False
0.8,P2_VIBTR01,True
0.8,P2_VIBTR02,True
0.8,P2_VIBTR03,True
0.8,P2_VIBTR04,True
0.8,P2_VT01,True
0.8,P2_VTR01,False
0.8,P2_VTR02,False
0.8,P2_VTR03,False
0.8,P2_VTR04,False
0.8,P3_FIT01,True
0.8,P3_LCP01D,True
0.8,P3_LCV01D,True
0.8,P3_LH01,False
0.8,P3_LIT01,True
0.8,P3_LL01,False
0.8,P3_PIT01,True
0.8,P4_HT_FD,True
0.8,P4_HT_PO,True
0.8,P4_HT_PS,True
0.8,P4_LD,True
0.8,P4_ST_FD,True
0.8,P4_ST_GOV,True
0.8,P4_ST_LD,True
0.8,P4_ST_PO,True
0.8,P4_ST_PS,True
0.8,P4_ST_PT01,True
0.8,P4_ST_TT01,True
0.8,x1001_05_SETPOINT_OUT,True
0.8,x1001_15_ASSIGN_OUT,True
0.8,x1002_07_SETPOINT_OUT,True
0.8,x1002_08_SETPOINT_OUT,True
0.8,x1003_10_SETPOINT_OUT,True
0.8,x1003_18_SETPOINT_OUT,True
0.8,x1003_24_SUM_OUT,True
1.0,P1_FCV01D,True
1.0,P1_FCV01Z,True
1.0,P1_FCV02D,True
1.0,P1_FCV02Z,True
1.0,P1_FCV03D,True
1.0,P1_FCV03Z,True
1.0,P1_FT01,True
1.0,P1_FT01Z,True
1.0,P1_FT02,True
1.0,P1_FT02Z,True
1.0,P1_FT03,True
1.0,P1_FT03Z,True
1.0,P1_LCV01D,True
1.0,P1_LCV01Z,True
1.0,P1_LIT01,True
1.0,P1_PCV01D,True
1.0,P1_PCV01Z,True
1.0,P1_PCV02D,True
1.0,P1_PCV02Z,True
1.0,P1_PIT01,True
1.0,P1_PIT01_HH,False
1.0,P1_PIT02,True
1.0,P1_PP01AD,False
1.0,P1_PP01AR,False
1.0,P1_PP01BD,False
1.0,P1_PP01BR,False
1.0,P1_PP02D,False
1.0,P1_PP02R,False
1.0,P1_PP04,True
1.0,P1_PP04D,True
1.0,P1_PP04SP,True
1.0,P1_SOL01D,False
1.0,P1_SOL03D,False
1.0,P1_STSP,False
1.0,P1_TIT01,True
1.0,P1_TIT02,True
1.0,P1_TIT03,True
1.0,P2_24Vdc,True
1.0,P2_ATSW_Lamp,True
1.0,P2_AutoGO,True
1.0,P2_AutoSD,True
1.0,P2_Emerg,False
1.0,P2_MASW,True
1.0,P2_MASW_Lamp,True
1.0,P2_ManualGO,True
1.0,P2_ManualSD,True
1.0,P2_OnOff,False
1.0,P2_RTR,False
1.0,P2_SCO,True
1.0,P2_SCST,True
1.0,P2_SIT01,True
1.0,P2_TripEx,False
1.0,P2_VIBTR01,True
1.0,P2_VIBTR02,True
1.0,P2_VIBTR03,True
1.0,P2_VIBTR04,True
1.0,P2_VT01,True
1.0,P2_VTR01,False
1.0,P2_VTR02,False
1.0,P2_VTR03,False
1.0,P2_VTR04,False
1.0,P3_FIT01,True
1.0,P3_LCP01D,True
1.0,P3_LCV01D,True
1.0,P3_LH01,False
1.0,P3_LIT01,True
1.0,P3_LL01,False
1.0,P3_PIT01,True
1.0,P4_HT_FD,True
1.0,P4_HT_PO,True
1.0,P4_HT_PS,True
1.0,P4_LD,True
1.0,P4_ST_FD,True
1.0,P4_ST_GOV,True
1.0,P4_ST_LD,True
1.0,P4_ST_PO,True
1.0,P4_ST_PS,True
1.0,P4_ST_PT01,True
1.0,P4_ST_TT01,True
1.0,x1001_05_SETPOINT_OUT,True
1.0,x1001_15_ASSIGN_OUT,True
1.0,x1002_07_SETPOINT_OUT,True
1.0,x1002_08_SETPOINT_OUT,True
1.0,x1003_10_SETPOINT_OUT,True
1.0,x1003_18_SETPOINT_OUT,True
1.0,x1003_24_SUM_OUT,True
